budget,repeat,fold,row_id,target,model,prediction,score
8,1,1,ckd-0003,1,classical_rbf_svm,1,1.7563194908878754
8,1,1,ckd-0009,1,classical_rbf_svm,1,1.8469338255661132
8,1,1,ckd-0010,1,classical_rbf_svm,1,1.8420764667177043
8,1,1,ckd-0018,1,classical_rbf_svm,1,1.2779486270055793
8,1,1,ckd-0026,1,classical_rbf_svm,1,1.6197291046989153
8,1,1,ckd-0034,1,classical_rbf_svm,1,1.866918727838342
8,1,1,ckd-0036,1,classical_rbf_svm,1,2.009421899996798
8,1,1,ckd-0038,1,classical_rbf_svm,1,1.9187799682513658
8,1,1,ckd-0040,1,classical_rbf_svm,1,1.9188488862323285
8,1,1,ckd-0053,1,classical_rbf_svm,1,1.6926501563195544
8,1,1,ckd-0055,1,classical_rbf_svm,1,1.769828130184135
8,1,1,ckd-0068,1,classical_rbf_svm,1,1.4260788138307907
8,1,1,ckd-0072,1,classical_rbf_svm,1,1.7798442917420672
8,1,1,ckd-0073,1,classical_rbf_svm,1,1.7152044667679651
8,1,1,ckd-0074,1,classical_rbf_svm,1,1.1195737569886859
8,1,1,ckd-0078,1,classical_rbf_svm,1,1.975849465695021
8,1,1,ckd-0080,1,classical_rbf_svm,1,1.8576959380787161
8,1,1,ckd-0081,1,classical_rbf_svm,1,1.8415479205295353
8,1,1,ckd-0091,1,classical_rbf_svm,1,1.7661766869116793
8,1,1,ckd-0092,1,classical_rbf_svm,1,1.1099349417298896
8,1,1,ckd-0095,1,classical_rbf_svm,1,1.7528200371210143
8,1,1,ckd-0099,1,classical_rbf_svm,1,1.2884767301827473
8,1,1,ckd-0111,1,classical_rbf_svm,1,1.280237234804581
8,1,1,ckd-0115,1,classical_rbf_svm,1,1.5574941430954952
8,1,1,ckd-0120,1,classical_rbf_svm,1,1.2170641831043827
8,1,1,ckd-0138,1,classical_rbf_svm,1,1.7397973812416287
8,1,1,ckd-0162,1,classical_rbf_svm,1,1.6857415407794862
8,1,1,ckd-0170,1,classical_rbf_svm,1,1.64157889645262
8,1,1,ckd-0175,1,classical_rbf_svm,1,1.2066632138082578
8,1,1,ckd-0188,1,classical_rbf_svm,1,1.7736127224695486
8,1,1,ckd-0192,1,classical_rbf_svm,1,1.3915274479801807
8,1,1,ckd-0193,1,classical_rbf_svm,1,0.5496985093407419
8,1,1,ckd-0200,1,classical_rbf_svm,1,1.6671939711026496
8,1,1,ckd-0201,1,classical_rbf_svm,1,1.4374002532168972
8,1,1,ckd-0204,1,classical_rbf_svm,1,1.7044278540128968
8,1,1,ckd-0218,1,classical_rbf_svm,1,1.8690691954403373
8,1,1,ckd-0219,1,classical_rbf_svm,1,1.1976530755771495
8,1,1,ckd-0221,1,classical_rbf_svm,1,1.46832217164454
8,1,1,ckd-0224,1,classical_rbf_svm,1,1.7143677416925263
8,1,1,ckd-0226,1,classical_rbf_svm,1,1.7476892596684528
8,1,1,ckd-0258,0,classical_rbf_svm,0,-1.0750208632420966
8,1,1,ckd-0260,0,classical_rbf_svm,0,-1.2348374478663746
8,1,1,ckd-0263,0,classical_rbf_svm,0,-1.1349721633111514
8,1,1,ckd-0270,0,classical_rbf_svm,0,-1.4009226131465506
8,1,1,ckd-0272,0,classical_rbf_svm,0,-1.0255402124447566
8,1,1,ckd-0277,0,classical_rbf_svm,0,-0.9487169319826996
8,1,1,ckd-0281,0,classical_rbf_svm,0,-0.9681842122193567
8,1,1,ckd-0287,0,classical_rbf_svm,0,-1.0991154373645717
8,1,1,ckd-0289,0,classical_rbf_svm,0,-1.344617062520314
8,1,1,ckd-0298,0,classical_rbf_svm,0,-1.3987677690104119
8,1,1,ckd-0308,0,classical_rbf_svm,0,-0.8774137755235103
8,1,1,ckd-0313,0,classical_rbf_svm,0,-1.257618345612652
8,1,1,ckd-0317,0,classical_rbf_svm,0,-1.3016340832376592
8,1,1,ckd-0318,0,classical_rbf_svm,0,-0.810377392635327
8,1,1,ckd-0325,0,classical_rbf_svm,0,-0.19160458101751465
8,1,1,ckd-0327,0,classical_rbf_svm,0,-1.0085574277118619
8,1,1,ckd-0353,0,classical_rbf_svm,0,-1.2465117133593873
8,1,1,ckd-0355,0,classical_rbf_svm,0,-1.1038894011860207
8,1,1,ckd-0363,0,classical_rbf_svm,0,-1.0425904100541
8,1,1,ckd-0367,0,classical_rbf_svm,0,-1.4181421431895955
8,1,1,ckd-0374,0,classical_rbf_svm,0,-1.2393578995725016
8,1,1,ckd-0378,0,classical_rbf_svm,0,-1.1064403270736995
8,1,1,ckd-0384,0,classical_rbf_svm,0,-1.2987380460431905
8,1,1,ckd-0395,0,classical_rbf_svm,0,-1.0422859757546117
8,1,1,ckd-0003,1,qsvc,1,0.955685767092439
8,1,1,ckd-0009,1,qsvc,1,1.0059111491537764
8,1,1,ckd-0010,1,qsvc,1,0.9428428468505952
8,1,1,ckd-0018,1,qsvc,1,1.0091167300545445
8,1,1,ckd-0026,1,qsvc,1,0.9615065841496272
8,1,1,ckd-0034,1,qsvc,1,0.9658451337176213
8,1,1,ckd-0036,1,qsvc,1,0.9764260079865911
8,1,1,ckd-0038,1,qsvc,1,1.010820609308435
8,1,1,ckd-0040,1,qsvc,1,0.9981407099587225
8,1,1,ckd-0053,1,qsvc,1,1.1092157911774059
8,1,1,ckd-0055,1,qsvc,1,1.0393040730580823
8,1,1,ckd-0068,1,qsvc,1,0.9960521492218769
8,1,1,ckd-0072,1,qsvc,1,0.954002489358718
8,1,1,ckd-0073,1,qsvc,1,0.9471521910711042
8,1,1,ckd-0074,1,qsvc,1,0.9436034811942304
8,1,1,ckd-0078,1,qsvc,1,1.0036172522773992
8,1,1,ckd-0080,1,qsvc,1,0.9998210566303166
8,1,1,ckd-0081,1,qsvc,1,0.9782965372036776
8,1,1,ckd-0091,1,qsvc,1,1.0412204908158835
8,1,1,ckd-0092,1,qsvc,1,0.5917774110339482
8,1,1,ckd-0095,1,qsvc,1,1.08707103924871
8,1,1,ckd-0099,1,qsvc,1,0.9982377904936192
8,1,1,ckd-0111,1,qsvc,1,1.2272964710047911
8,1,1,ckd-0115,1,qsvc,1,1.1596821766028402
8,1,1,ckd-0120,1,qsvc,1,0.8480934000360332
8,1,1,ckd-0138,1,qsvc,1,0.9841059357939136
8,1,1,ckd-0162,1,qsvc,1,0.9852315700537606
8,1,1,ckd-0170,1,qsvc,1,0.9006127422739529
8,1,1,ckd-0175,1,qsvc,1,1.0470636743664166
8,1,1,ckd-0188,1,qsvc,1,1.035598973859632
8,1,1,ckd-0192,1,qsvc,1,0.9851112252912367
8,1,1,ckd-0193,1,qsvc,1,1.2371972441100105
8,1,1,ckd-0200,1,qsvc,1,0.9598032045172904
8,1,1,ckd-0201,1,qsvc,1,1.0306264623837007
8,1,1,ckd-0204,1,qsvc,1,0.9729388762877961
8,1,1,ckd-0218,1,qsvc,1,1.0777629213003628
8,1,1,ckd-0219,1,qsvc,1,1.2139444025381783
8,1,1,ckd-0221,1,qsvc,1,1.2471208877314797
8,1,1,ckd-0224,1,qsvc,1,1.0001776518734864
8,1,1,ckd-0226,1,qsvc,1,1.0077356468837704
8,1,1,ckd-0258,0,qsvc,0,-1.3659991616818585
8,1,1,ckd-0260,0,qsvc,0,-1.4891949559885118
8,1,1,ckd-0263,0,qsvc,0,-1.5167344421054008
8,1,1,ckd-0270,0,qsvc,0,-1.5092688188421661
8,1,1,ckd-0272,0,qsvc,0,-0.8618576033502274
8,1,1,ckd-0277,0,qsvc,0,-0.7757402933968278
8,1,1,ckd-0281,0,qsvc,0,-0.5671942309374918
8,1,1,ckd-0287,0,qsvc,0,-1.4854240290516842
8,1,1,ckd-0289,0,qsvc,0,-1.3453148601545544
8,1,1,ckd-0298,0,qsvc,0,-1.535874073874341
8,1,1,ckd-0308,0,qsvc,0,-1.155029191072272
8,1,1,ckd-0313,0,qsvc,0,-1.4727177237167672
8,1,1,ckd-0317,0,qsvc,0,-1.4741916619764464
8,1,1,ckd-0318,0,qsvc,0,-1.2375886871088886
8,1,1,ckd-0325,0,qsvc,0,-0.10535967063420637
8,1,1,ckd-0327,0,qsvc,0,-1.3828849765637372
8,1,1,ckd-0353,0,qsvc,0,-1.4682744293954837
8,1,1,ckd-0355,0,qsvc,0,-1.054172787260696
8,1,1,ckd-0363,0,qsvc,0,-1.0560605355320873
8,1,1,ckd-0367,0,qsvc,0,-1.5670930824514726
8,1,1,ckd-0374,0,qsvc,0,-1.30780889763005
8,1,1,ckd-0378,0,qsvc,0,-1.1575423657331845
8,1,1,ckd-0384,0,qsvc,0,-1.2540931972544391
8,1,1,ckd-0395,0,qsvc,0,-1.3797572564704015
8,1,2,ckd-0012,1,classical_rbf_svm,1,1.4642514751784197
8,1,2,ckd-0029,1,classical_rbf_svm,1,0.8316795515476435
8,1,2,ckd-0048,1,classical_rbf_svm,1,1.1900550431288388
8,1,2,ckd-0052,1,classical_rbf_svm,1,1.584003934213868
8,1,2,ckd-0057,1,classical_rbf_svm,1,1.420905398170805
8,1,2,ckd-0058,1,classical_rbf_svm,1,1.653460766372985
8,1,2,ckd-0060,1,classical_rbf_svm,1,1.5571376561178643
8,1,2,ckd-0062,1,classical_rbf_svm,1,0.9882414799003052
8,1,2,ckd-0064,1,classical_rbf_svm,1,1.559736908648856
8,1,2,ckd-0077,1,classical_rbf_svm,1,1.167497265160315
8,1,2,ckd-0079,1,classical_rbf_svm,1,1.613857268374956
8,1,2,ckd-0097,1,classical_rbf_svm,1,1.822682021452731
8,1,2,ckd-0102,1,classical_rbf_svm,1,1.5832850176492237
8,1,2,ckd-0108,1,classical_rbf_svm,1,1.9153026621566
8,1,2,ckd-0114,1,classical_rbf_svm,1,1.3741881372327711
8,1,2,ckd-0123,1,classical_rbf_svm,1,1.3015931541745962
8,1,2,ckd-0136,1,classical_rbf_svm,1,1.2861499170875699
8,1,2,ckd-0146,1,classical_rbf_svm,1,1.0047551425304306
8,1,2,ckd-0150,1,classical_rbf_svm,1,1.528056332953783
8,1,2,ckd-0154,1,classical_rbf_svm,1,1.1108727455833256
8,1,2,ckd-0160,1,classical_rbf_svm,1,1.7940756279532584
8,1,2,ckd-0163,1,classical_rbf_svm,1,1.479086208144556
8,1,2,ckd-0171,1,classical_rbf_svm,1,1.6935530644201717
8,1,2,ckd-0172,1,classical_rbf_svm,1,1.3490286364509096
8,1,2,ckd-0174,1,classical_rbf_svm,1,1.0762345031442666
8,1,2,ckd-0180,1,classical_rbf_svm,1,1.54818472009624
8,1,2,ckd-0185,1,classical_rbf_svm,1,1.5749600560988006
8,1,2,ckd-0186,1,classical_rbf_svm,1,0.8306478020816783
8,1,2,ckd-0187,1,classical_rbf_svm,1,1.0285104725052316
8,1,2,ckd-0194,1,classical_rbf_svm,1,0.9831477867498328
8,1,2,ckd-0195,1,classical_rbf_svm,1,1.6407241108411732
8,1,2,ckd-0198,1,classical_rbf_svm,1,1.5137846812922213
8,1,2,ckd-0202,1,classical_rbf_svm,1,1.3910844936385893
8,1,2,ckd-0203,1,classical_rbf_svm,1,1.5431771896090811
8,1,2,ckd-0207,1,classical_rbf_svm,1,1.3996042144756742
8,1,2,ckd-0215,1,classical_rbf_svm,1,0.5601830726496426
8,1,2,ckd-0222,1,classical_rbf_svm,1,1.2975589915263657
8,1,2,ckd-0223,1,classical_rbf_svm,1,1.1276779370537633
8,1,2,ckd-0244,1,classical_rbf_svm,1,0.5176570399003446
8,1,2,ckd-0248,1,classical_rbf_svm,1,0.4378239744550849
8,1,2,ckd-0251,0,classical_rbf_svm,0,-1.4051468551419248
8,1,2,ckd-0254,0,classical_rbf_svm,0,-1.255502949988318
8,1,2,ckd-0256,0,classical_rbf_svm,0,-1.1373029947151923
8,1,2,ckd-0274,0,classical_rbf_svm,0,-0.13194888074072164
8,1,2,ckd-0276,0,classical_rbf_svm,0,-1.206695182467443
8,1,2,ckd-0288,0,classical_rbf_svm,0,-0.9689352800269841
8,1,2,ckd-0304,0,classical_rbf_svm,0,-1.1771600065565664
8,1,2,ckd-0306,0,classical_rbf_svm,0,-1.0913116258985756
8,1,2,ckd-0307,0,classical_rbf_svm,0,-1.2115146657290727
8,1,2,ckd-0315,0,classical_rbf_svm,0,-1.2316286519498554
8,1,2,ckd-0323,0,classical_rbf_svm,0,-1.2466392924790413
8,1,2,ckd-0340,0,classical_rbf_svm,0,-0.9912030303181778
8,1,2,ckd-0341,0,classical_rbf_svm,0,-1.1684142737618
8,1,2,ckd-0344,0,classical_rbf_svm,0,-1.3458819252810652
8,1,2,ckd-0358,0,classical_rbf_svm,0,-0.9244723312656931
8,1,2,ckd-0359,0,classical_rbf_svm,0,-0.7079359498641635
8,1,2,ckd-0366,0,classical_rbf_svm,0,-0.12465476210410165
8,1,2,ckd-0373,0,classical_rbf_svm,0,-1.220726057419739
8,1,2,ckd-0383,0,classical_rbf_svm,0,-1.2131216217623193
8,1,2,ckd-0387,0,classical_rbf_svm,0,-1.3461668088510435
8,1,2,ckd-0388,0,classical_rbf_svm,0,-1.27678020941287
8,1,2,ckd-0397,0,classical_rbf_svm,0,-1.0423212344062138
8,1,2,ckd-0399,0,classical_rbf_svm,0,-1.275327770766409
8,1,2,ckd-0400,0,classical_rbf_svm,0,-1.1997220473640728
8,1,2,ckd-0012,1,qsvc,1,0.9758335443269359
8,1,2,ckd-0029,1,qsvc,1,1.02933014628135
8,1,2,ckd-0048,1,qsvc,1,0.475312782083139
8,1,2,ckd-0052,1,qsvc,1,0.9934807223069552
8,1,2,ckd-0057,1,qsvc,1,1.0076309514448665
8,1,2,ckd-0058,1,qsvc,1,0.9740607314419815
8,1,2,ckd-0060,1,qsvc,1,0.9880739114286853
8,1,2,ckd-0062,1,qsvc,1,0.9705813664924171
8,1,2,ckd-0064,1,qsvc,1,0.9251971571585924
8,1,2,ckd-0077,1,qsvc,1,0.9276299356546757
8,1,2,ckd-0079,1,qsvc,1,0.8092187149294026
8,1,2,ckd-0097,1,qsvc,1,1.0116272975677079
8,1,2,ckd-0102,1,qsvc,1,0.9597184709860846
8,1,2,ckd-0108,1,qsvc,1,1.000672791125412
8,1,2,ckd-0114,1,qsvc,1,1.016432907272272
8,1,2,ckd-0123,1,qsvc,1,0.7904649988533594
8,1,2,ckd-0136,1,qsvc,1,0.997269389819846
8,1,2,ckd-0146,1,qsvc,1,0.9021632474773704
8,1,2,ckd-0150,1,qsvc,1,0.9293794284995816
8,1,2,ckd-0154,1,qsvc,1,0.9357228854189908
8,1,2,ckd-0160,1,qsvc,1,1.0020897523578944
8,1,2,ckd-0163,1,qsvc,1,0.8152305730251141
8,1,2,ckd-0171,1,qsvc,1,0.9474300462637952
8,1,2,ckd-0172,1,qsvc,1,0.9166270147381053
8,1,2,ckd-0174,1,qsvc,1,1.0014372587306184
8,1,2,ckd-0180,1,qsvc,1,1.0743246669873043
8,1,2,ckd-0185,1,qsvc,1,0.9768535667518322
8,1,2,ckd-0186,1,qsvc,1,1.0043715700174007
8,1,2,ckd-0187,1,qsvc,1,0.061605210740884764
8,1,2,ckd-0194,1,qsvc,1,0.9850187473236501
8,1,2,ckd-0195,1,qsvc,1,0.9971537801686892
8,1,2,ckd-0198,1,qsvc,1,0.9792614041051299
8,1,2,ckd-0202,1,qsvc,1,0.9995943247896252
8,1,2,ckd-0203,1,qsvc,1,0.3870353978893274
8,1,2,ckd-0207,1,qsvc,1,0.9283742337728298
8,1,2,ckd-0215,1,qsvc,1,1.0376301457054078
8,1,2,ckd-0222,1,qsvc,1,1.020891167910506
8,1,2,ckd-0223,1,qsvc,1,1.0424710149138408
8,1,2,ckd-0244,1,qsvc,1,0.9184042332947105
8,1,2,ckd-0248,1,qsvc,1,0.9774955174424126
8,1,2,ckd-0251,0,qsvc,0,-1.5049181238491718
8,1,2,ckd-0254,0,qsvc,0,-1.4607776978507223
8,1,2,ckd-0256,0,qsvc,0,-0.676192204985825
8,1,2,ckd-0274,0,qsvc,1,0.04869582951286866
8,1,2,ckd-0276,0,qsvc,0,-1.3560226835335794
8,1,2,ckd-0288,0,qsvc,0,-0.8478850577058582
8,1,2,ckd-0304,0,qsvc,0,-1.0658694398634547
8,1,2,ckd-0306,0,qsvc,0,-0.949968130452924
8,1,2,ckd-0307,0,qsvc,0,-1.1262219723728069
8,1,2,ckd-0315,0,qsvc,0,-1.3800621722467121
8,1,2,ckd-0323,0,qsvc,0,-1.4581653712182456
8,1,2,ckd-0340,0,qsvc,0,-1.0573982158241209
8,1,2,ckd-0341,0,qsvc,0,-1.2802579524854836
8,1,2,ckd-0344,0,qsvc,0,-1.3248762773531886
8,1,2,ckd-0358,0,qsvc,0,-0.7663944473387577
8,1,2,ckd-0359,0,qsvc,0,-0.906279542460478
8,1,2,ckd-0366,0,qsvc,1,0.05541601506006821
8,1,2,ckd-0373,0,qsvc,0,-1.1135676671122168
8,1,2,ckd-0383,0,qsvc,0,-1.1448053090815384
8,1,2,ckd-0387,0,qsvc,0,-1.3907090388189118
8,1,2,ckd-0388,0,qsvc,0,-1.2495710412923176
8,1,2,ckd-0397,0,qsvc,0,-0.8880534915270221
8,1,2,ckd-0399,0,qsvc,0,-1.0227635027598896
8,1,2,ckd-0400,0,qsvc,0,-1.02383239816103
8,1,3,ckd-0001,1,classical_rbf_svm,1,0.43600748711962056
8,1,3,ckd-0002,1,classical_rbf_svm,1,1.3559149548535472
8,1,3,ckd-0006,1,classical_rbf_svm,1,1.6909655797223877
8,1,3,ckd-0021,1,classical_rbf_svm,1,1.4712090375882596
8,1,3,ckd-0023,1,classical_rbf_svm,1,1.2798028987794174
8,1,3,ckd-0030,1,classical_rbf_svm,1,1.3703869850877637
8,1,3,ckd-0047,1,classical_rbf_svm,1,1.3092135598215338
8,1,3,ckd-0049,1,classical_rbf_svm,1,1.422165862269087
8,1,3,ckd-0051,1,classical_rbf_svm,1,1.8101169693701713
8,1,3,ckd-0059,1,classical_rbf_svm,1,1.9164231745611044
8,1,3,ckd-0063,1,classical_rbf_svm,1,1.7062122590524262
8,1,3,ckd-0066,1,classical_rbf_svm,1,0.5392544014035079
8,1,3,ckd-0076,1,classical_rbf_svm,1,1.4928859422118386
8,1,3,ckd-0082,1,classical_rbf_svm,1,1.7417692190719625
8,1,3,ckd-0085,1,classical_rbf_svm,1,1.0509456120357037
8,1,3,ckd-0086,1,classical_rbf_svm,1,1.868677709397141
8,1,3,ckd-0106,1,classical_rbf_svm,1,0.7085797856999367
8,1,3,ckd-0116,1,classical_rbf_svm,1,0.8577909071696982
8,1,3,ckd-0125,1,classical_rbf_svm,1,1.7202302149449984
8,1,3,ckd-0127,1,classical_rbf_svm,1,1.885322043432498
8,1,3,ckd-0133,1,classical_rbf_svm,1,1.3109657987835033
8,1,3,ckd-0139,1,classical_rbf_svm,1,1.2926248765531947
8,1,3,ckd-0140,1,classical_rbf_svm,1,1.8223244441223625
8,1,3,ckd-0147,1,classical_rbf_svm,1,1.5446179055727196
8,1,3,ckd-0152,1,classical_rbf_svm,1,1.8036061741944207
8,1,3,ckd-0156,1,classical_rbf_svm,1,1.474818535198886
8,1,3,ckd-0196,1,classical_rbf_svm,1,1.4400030251740685
8,1,3,ckd-0197,1,classical_rbf_svm,1,1.148785809418757
8,1,3,ckd-0206,1,classical_rbf_svm,1,0.7925458917874192
8,1,3,ckd-0210,1,classical_rbf_svm,1,0.21098392880169903
8,1,3,ckd-0214,1,classical_rbf_svm,1,1.6009830881614888
8,1,3,ckd-0220,1,classical_rbf_svm,1,1.6882667260631399
8,1,3,ckd-0230,1,classical_rbf_svm,1,1.358550370686482
8,1,3,ckd-0231,1,classical_rbf_svm,1,1.707421725446855
8,1,3,ckd-0232,1,classical_rbf_svm,1,1.577885486485875
8,1,3,ckd-0233,1,classical_rbf_svm,1,0.8609469034425552
8,1,3,ckd-0234,1,classical_rbf_svm,1,1.4940682256868125
8,1,3,ckd-0237,1,classical_rbf_svm,1,1.6964546287474254
8,1,3,ckd-0238,1,classical_rbf_svm,1,1.83973097962656
8,1,3,ckd-0242,1,classical_rbf_svm,1,1.7576860979381619
8,1,3,ckd-0252,0,classical_rbf_svm,0,-1.0885214117716058
8,1,3,ckd-0255,0,classical_rbf_svm,0,-1.1146016554501892
8,1,3,ckd-0262,0,classical_rbf_svm,0,-1.0787606298941212
8,1,3,ckd-0271,0,classical_rbf_svm,0,-1.072759839054488
8,1,3,ckd-0279,0,classical_rbf_svm,0,-1.102355266945461
8,1,3,ckd-0284,0,classical_rbf_svm,0,-1.2109851559974727
8,1,3,ckd-0290,0,classical_rbf_svm,0,-1.2207913013570768
8,1,3,ckd-0294,0,classical_rbf_svm,0,-1.2900452543906997
8,1,3,ckd-0299,0,classical_rbf_svm,0,-1.0413046596817372
8,1,3,ckd-0303,0,classical_rbf_svm,0,-1.2795373702589243
8,1,3,ckd-0314,0,classical_rbf_svm,0,-1.0294795975272353
8,1,3,ckd-0324,0,classical_rbf_svm,0,-1.4139525249494924
8,1,3,ckd-0335,0,classical_rbf_svm,0,-1.3338442814856655
8,1,3,ckd-0345,0,classical_rbf_svm,0,-0.9641215664383633
8,1,3,ckd-0348,0,classical_rbf_svm,0,-1.1203398610111965
8,1,3,ckd-0350,0,classical_rbf_svm,0,-1.256019342860415
8,1,3,ckd-0351,0,classical_rbf_svm,0,-1.3487095436112635
8,1,3,ckd-0357,0,classical_rbf_svm,0,-1.2924767637886125
8,1,3,ckd-0365,0,classical_rbf_svm,0,-1.3925351836507218
8,1,3,ckd-0370,0,classical_rbf_svm,0,-1.0198381807993029
8,1,3,ckd-0371,0,classical_rbf_svm,0,-1.269174381253551
8,1,3,ckd-0372,0,classical_rbf_svm,0,-1.0311321343593567
8,1,3,ckd-0381,0,classical_rbf_svm,0,-1.0998192314896849
8,1,3,ckd-0382,0,classical_rbf_svm,0,-1.1666183448080898
8,1,3,ckd-0001,1,qsvc,1,0.8724187577836915
8,1,3,ckd-0002,1,qsvc,0,-0.022890402881774352
8,1,3,ckd-0006,1,qsvc,1,1.0068724196661452
8,1,3,ckd-0021,1,qsvc,1,0.9249944541449003
8,1,3,ckd-0023,1,qsvc,1,0.9177664794755774
8,1,3,ckd-0030,1,qsvc,1,0.26405790691141484
8,1,3,ckd-0047,1,qsvc,1,1.179059543984285
8,1,3,ckd-0049,1,qsvc,1,0.9823723522131345
8,1,3,ckd-0051,1,qsvc,1,0.9807334989649507
8,1,3,ckd-0059,1,qsvc,1,0.9462055641884065
8,1,3,ckd-0063,1,qsvc,1,0.9630965717556356
8,1,3,ckd-0066,1,qsvc,1,0.05703351379882193
8,1,3,ckd-0076,1,qsvc,1,0.5745312371317984
8,1,3,ckd-0082,1,qsvc,1,0.9393809067035876
8,1,3,ckd-0085,1,qsvc,1,0.9083828734646597
8,1,3,ckd-0086,1,qsvc,1,0.9121688579510321
8,1,3,ckd-0106,1,qsvc,1,0.913808439751392
8,1,3,ckd-0116,1,qsvc,1,0.3603009368307998
8,1,3,ckd-0125,1,qsvc,1,1.0465703234509147
8,1,3,ckd-0127,1,qsvc,1,1.0010903272131497
8,1,3,ckd-0133,1,qsvc,1,0.7028015600265829
8,1,3,ckd-0139,1,qsvc,1,0.9544226147468388
8,1,3,ckd-0140,1,qsvc,1,0.9846523546978092
8,1,3,ckd-0147,1,qsvc,1,0.9522449870179348
8,1,3,ckd-0152,1,qsvc,1,1.0037600683735375
8,1,3,ckd-0156,1,qsvc,1,0.7625885636536104
8,1,3,ckd-0196,1,qsvc,1,0.938728737042658
8,1,3,ckd-0197,1,qsvc,1,0.9675791355263987
8,1,3,ckd-0206,1,qsvc,1,0.9383728104275182
8,1,3,ckd-0210,1,qsvc,0,-0.4419969883441791
8,1,3,ckd-0214,1,qsvc,1,1.0126477742683686
8,1,3,ckd-0220,1,qsvc,1,0.9944447358178733
8,1,3,ckd-0230,1,qsvc,1,0.8962368512483082
8,1,3,ckd-0231,1,qsvc,1,1.004318261190411
8,1,3,ckd-0232,1,qsvc,1,1.0777627228696207
8,1,3,ckd-0233,1,qsvc,1,1.0677942653617185
8,1,3,ckd-0234,1,qsvc,1,1.0023454538090693
8,1,3,ckd-0237,1,qsvc,1,0.94342216157356
8,1,3,ckd-0238,1,qsvc,1,0.960374712037204
8,1,3,ckd-0242,1,qsvc,1,1.0519474090983794
8,1,3,ckd-0252,0,qsvc,0,-0.97674756547543
8,1,3,ckd-0255,0,qsvc,0,-0.8491639762751565
8,1,3,ckd-0262,0,qsvc,0,-0.9568680802503479
8,1,3,ckd-0271,0,qsvc,0,-1.0517537113214597
8,1,3,ckd-0279,0,qsvc,0,-1.4053181026444674
8,1,3,ckd-0284,0,qsvc,0,-1.2340286363226234
8,1,3,ckd-0290,0,qsvc,0,-1.2102478781517458
8,1,3,ckd-0294,0,qsvc,0,-1.3726674807513977
8,1,3,ckd-0299,0,qsvc,0,-1.085008973858383
8,1,3,ckd-0303,0,qsvc,0,-1.3621221575385571
8,1,3,ckd-0314,0,qsvc,0,-0.6717152985008564
8,1,3,ckd-0324,0,qsvc,0,-1.4153754522654016
8,1,3,ckd-0335,0,qsvc,0,-1.3754837285861345
8,1,3,ckd-0345,0,qsvc,0,-1.3098869885733566
8,1,3,ckd-0348,0,qsvc,0,-0.5269895443133042
8,1,3,ckd-0350,0,qsvc,0,-0.9599398644342257
8,1,3,ckd-0351,0,qsvc,0,-1.2449290705174216
8,1,3,ckd-0357,0,qsvc,0,-1.1109638052975375
8,1,3,ckd-0365,0,qsvc,0,-1.5034979695125958
8,1,3,ckd-0370,0,qsvc,0,-1.2795873807209297
8,1,3,ckd-0371,0,qsvc,0,-1.215837349744905
8,1,3,ckd-0372,0,qsvc,0,-0.8427497226428692
8,1,3,ckd-0381,0,qsvc,0,-0.9890861003319716
8,1,3,ckd-0382,0,qsvc,0,-0.7936550490096396
8,1,4,ckd-0008,1,classical_rbf_svm,1,1.6090708104571765
8,1,4,ckd-0013,1,classical_rbf_svm,1,1.5630453119271595
8,1,4,ckd-0015,1,classical_rbf_svm,1,1.0380972515366262
8,1,4,ckd-0020,1,classical_rbf_svm,1,1.7191688181255071
8,1,4,ckd-0024,1,classical_rbf_svm,1,1.3750462418206078
8,1,4,ckd-0028,1,classical_rbf_svm,1,1.7509178417493103
8,1,4,ckd-0031,1,classical_rbf_svm,1,1.293295056008522
8,1,4,ckd-0033,1,classical_rbf_svm,1,1.8696857615842006
8,1,4,ckd-0045,1,classical_rbf_svm,1,1.3997274050723172
8,1,4,ckd-0069,1,classical_rbf_svm,1,1.8275350676877091
8,1,4,ckd-0083,1,classical_rbf_svm,1,0.7869521479815573
8,1,4,ckd-0094,1,classical_rbf_svm,1,1.427108531168471
8,1,4,ckd-0096,1,classical_rbf_svm,1,1.3204987586573704
8,1,4,ckd-0098,1,classical_rbf_svm,1,1.9474665872228378
8,1,4,ckd-0101,1,classical_rbf_svm,1,1.4830567061426547
8,1,4,ckd-0109,1,classical_rbf_svm,1,0.8385548348813561
8,1,4,ckd-0121,1,classical_rbf_svm,1,1.0233792634377867
8,1,4,ckd-0122,1,classical_rbf_svm,1,1.4330265328383054
8,1,4,ckd-0126,1,classical_rbf_svm,1,1.3299919042527337
8,1,4,ckd-0129,1,classical_rbf_svm,1,1.1850749579466158
8,1,4,ckd-0130,1,classical_rbf_svm,1,1.1369288300506284
8,1,4,ckd-0134,1,classical_rbf_svm,1,1.550294609525926
8,1,4,ckd-0141,1,classical_rbf_svm,1,1.213233087178899
8,1,4,ckd-0158,1,classical_rbf_svm,1,1.54137187280532
8,1,4,ckd-0161,1,classical_rbf_svm,1,1.6569310718436103
8,1,4,ckd-0166,1,classical_rbf_svm,1,0.48082436115990856
8,1,4,ckd-0169,1,classical_rbf_svm,1,1.5831584983888478
8,1,4,ckd-0178,1,classical_rbf_svm,1,1.6826497246713674
8,1,4,ckd-0179,1,classical_rbf_svm,1,1.7118249227446183
8,1,4,ckd-0182,1,classical_rbf_svm,1,1.3375598755329485
8,1,4,ckd-0183,1,classical_rbf_svm,1,0.49008509021723445
8,1,4,ckd-0189,1,classical_rbf_svm,1,0.08206585311577475
8,1,4,ckd-0190,1,classical_rbf_svm,1,1.2516528562260527
8,1,4,ckd-0199,1,classical_rbf_svm,1,1.446802061875549
8,1,4,ckd-0205,1,classical_rbf_svm,1,1.1504371146761605
8,1,4,ckd-0208,1,classical_rbf_svm,1,1.6874525383172418
8,1,4,ckd-0217,1,classical_rbf_svm,1,1.2444267671788802
8,1,4,ckd-0236,1,classical_rbf_svm,1,1.4607226007101703
8,1,4,ckd-0247,1,classical_rbf_svm,1,1.21885989545157
8,1,4,ckd-0249,1,classical_rbf_svm,1,1.8981296212488625
8,1,4,ckd-0259,0,classical_rbf_svm,0,-1.0037258453026685
8,1,4,ckd-0266,0,classical_rbf_svm,0,-1.172220114026225
8,1,4,ckd-0267,0,classical_rbf_svm,0,-0.5785652316946412
8,1,4,ckd-0273,0,classical_rbf_svm,0,-1.2019985716330586
8,1,4,ckd-0280,0,classical_rbf_svm,0,-1.3497219524330493
8,1,4,ckd-0282,0,classical_rbf_svm,0,-1.2002386949832766
8,1,4,ckd-0283,0,classical_rbf_svm,0,-1.10884348522773
8,1,4,ckd-0285,0,classical_rbf_svm,0,-1.0840098023138955
8,1,4,ckd-0297,0,classical_rbf_svm,0,-1.1063836710516728
8,1,4,ckd-0305,0,classical_rbf_svm,0,-1.0558158648247729
8,1,4,ckd-0312,0,classical_rbf_svm,0,-1.167653746482831
8,1,4,ckd-0319,0,classical_rbf_svm,0,-1.009727106648041
8,1,4,ckd-0322,0,classical_rbf_svm,0,-1.0992257785125508
8,1,4,ckd-0328,0,classical_rbf_svm,0,-1.0782841611812841
8,1,4,ckd-0332,0,classical_rbf_svm,0,-1.173543807289594
8,1,4,ckd-0339,0,classical_rbf_svm,0,-1.0930321162892394
8,1,4,ckd-0361,0,classical_rbf_svm,0,-1.2743471880764192
8,1,4,ckd-0364,0,classical_rbf_svm,0,-1.1432934016795626
8,1,4,ckd-0368,0,classical_rbf_svm,0,-1.1054452161109662
8,1,4,ckd-0377,0,classical_rbf_svm,0,-1.0915802100274836
8,1,4,ckd-0379,0,classical_rbf_svm,0,-1.2542958908718018
8,1,4,ckd-0385,0,classical_rbf_svm,0,-1.1012842690140114
8,1,4,ckd-0391,0,classical_rbf_svm,0,-1.2389769374881985
8,1,4,ckd-0396,0,classical_rbf_svm,0,-1.3019869126446493
8,1,4,ckd-0008,1,qsvc,1,0.9722451943372451
8,1,4,ckd-0013,1,qsvc,1,0.9982515715004473
8,1,4,ckd-0015,1,qsvc,1,0.9232845931311517
8,1,4,ckd-0020,1,qsvc,1,0.9930103785332789
8,1,4,ckd-0024,1,qsvc,1,0.9319262336232642
8,1,4,ckd-0028,1,qsvc,1,1.0049740269017573
8,1,4,ckd-0031,1,qsvc,1,1.0052052510513267
8,1,4,ckd-0033,1,qsvc,1,0.976410872626529
8,1,4,ckd-0045,1,qsvc,1,1.0037247725815068
8,1,4,ckd-0069,1,qsvc,1,1.0549871335469652
8,1,4,ckd-0083,1,qsvc,1,0.9920144657176496
8,1,4,ckd-0094,1,qsvc,1,0.998904154346464
8,1,4,ckd-0096,1,qsvc,1,1.017545288518327
8,1,4,ckd-0098,1,qsvc,1,0.9690070250430294
8,1,4,ckd-0101,1,qsvc,1,1.145192325917709
8,1,4,ckd-0109,1,qsvc,1,1.170137992867458
8,1,4,ckd-0121,1,qsvc,1,0.9747135395086072
8,1,4,ckd-0122,1,qsvc,1,0.9094948507809618
8,1,4,ckd-0126,1,qsvc,1,1.0245314745720484
8,1,4,ckd-0129,1,qsvc,1,1.01605465712215
8,1,4,ckd-0130,1,qsvc,1,0.953181446099019
8,1,4,ckd-0134,1,qsvc,1,1.0222267550708246
8,1,4,ckd-0141,1,qsvc,1,0.7659163229917861
8,1,4,ckd-0158,1,qsvc,1,0.9823471411089502
8,1,4,ckd-0161,1,qsvc,1,1.0220641410008373
8,1,4,ckd-0166,1,qsvc,1,0.7610796089863275
8,1,4,ckd-0169,1,qsvc,1,1.0301391148371812
8,1,4,ckd-0178,1,qsvc,1,0.9949728581517514
8,1,4,ckd-0179,1,qsvc,1,0.9895175828691029
8,1,4,ckd-0182,1,qsvc,1,1.0003090735614764
8,1,4,ckd-0183,1,qsvc,1,0.6148992945158471
8,1,4,ckd-0189,1,qsvc,1,0.2729050052387868
8,1,4,ckd-0190,1,qsvc,1,0.9984242126199837
8,1,4,ckd-0199,1,qsvc,1,0.9739346877811035
8,1,4,ckd-0205,1,qsvc,1,0.9127361430730372
8,1,4,ckd-0208,1,qsvc,1,1.007249368423559
8,1,4,ckd-0217,1,qsvc,1,0.7897877221456455
8,1,4,ckd-0236,1,qsvc,1,1.144121328217199
8,1,4,ckd-0247,1,qsvc,1,0.9561961873131174
8,1,4,ckd-0249,1,qsvc,1,1.0178759574008207
8,1,4,ckd-0259,0,qsvc,0,-1.2319417430461812
8,1,4,ckd-0266,0,qsvc,0,-1.3409914854990819
8,1,4,ckd-0267,0,qsvc,0,-0.6571572093255909
8,1,4,ckd-0273,0,qsvc,0,-1.3641145726459885
8,1,4,ckd-0280,0,qsvc,0,-1.27996688101806
8,1,4,ckd-0282,0,qsvc,0,-1.3544123136907038
8,1,4,ckd-0283,0,qsvc,0,-1.4101979033532335
8,1,4,ckd-0285,0,qsvc,0,-0.9042680203911309
8,1,4,ckd-0297,0,qsvc,0,-1.0719359268585078
8,1,4,ckd-0305,0,qsvc,0,-0.9270513810195216
8,1,4,ckd-0312,0,qsvc,0,-1.1990259992643908
8,1,4,ckd-0319,0,qsvc,0,-0.7635744983778032
8,1,4,ckd-0322,0,qsvc,0,-1.273636575247252
8,1,4,ckd-0328,0,qsvc,0,-0.9930754095265439
8,1,4,ckd-0332,0,qsvc,0,-1.1561940862246394
8,1,4,ckd-0339,0,qsvc,0,-0.9235541238277405
8,1,4,ckd-0361,0,qsvc,0,-1.4197347907457132
8,1,4,ckd-0364,0,qsvc,0,-0.5925959970165486
8,1,4,ckd-0368,0,qsvc,0,-0.8479232743832774
8,1,4,ckd-0377,0,qsvc,0,-0.9702519610135936
8,1,4,ckd-0379,0,qsvc,0,-1.430602402911371
8,1,4,ckd-0385,0,qsvc,0,-1.3829465684601405
8,1,4,ckd-0391,0,qsvc,0,-1.0925437193841765
8,1,4,ckd-0396,0,qsvc,0,-1.4646068958813185
8,1,5,ckd-0004,1,classical_rbf_svm,1,1.1629815354218846
8,1,5,ckd-0005,1,classical_rbf_svm,1,1.7443515500289761
8,1,5,ckd-0007,1,classical_rbf_svm,1,0.9859926063683013
8,1,5,ckd-0014,1,classical_rbf_svm,1,1.6485523726065308
8,1,5,ckd-0019,1,classical_rbf_svm,1,0.831993590693042
8,1,5,ckd-0022,1,classical_rbf_svm,1,0.9672533764406388
8,1,5,ckd-0025,1,classical_rbf_svm,1,1.4574819776006513
8,1,5,ckd-0027,1,classical_rbf_svm,1,1.8513935159934367
8,1,5,ckd-0032,1,classical_rbf_svm,1,1.5764236496057866
8,1,5,ckd-0042,1,classical_rbf_svm,1,1.199109660325419
8,1,5,ckd-0075,1,classical_rbf_svm,1,1.5441618051980224
8,1,5,ckd-0088,1,classical_rbf_svm,1,1.5174192267838293
8,1,5,ckd-0089,1,classical_rbf_svm,1,1.4284441911487185
8,1,5,ckd-0090,1,classical_rbf_svm,1,0.27273439592708815
8,1,5,ckd-0093,1,classical_rbf_svm,1,1.550446849631475
8,1,5,ckd-0105,1,classical_rbf_svm,1,1.3024200432283393
8,1,5,ckd-0107,1,classical_rbf_svm,1,1.1453121402853048
8,1,5,ckd-0112,1,classical_rbf_svm,1,1.4867797637869147
8,1,5,ckd-0113,1,classical_rbf_svm,1,1.6394948319708194
8,1,5,ckd-0117,1,classical_rbf_svm,1,1.389368127399711
8,1,5,ckd-0119,1,classical_rbf_svm,1,1.5466020991821803
8,1,5,ckd-0128,1,classical_rbf_svm,1,1.3924787777264844
8,1,5,ckd-0131,1,classical_rbf_svm,1,1.1373328547279995
8,1,5,ckd-0132,1,classical_rbf_svm,1,1.471643072844365
8,1,5,ckd-0153,1,classical_rbf_svm,1,1.76973062113967
8,1,5,ckd-0155,1,classical_rbf_svm,1,0.9829087274266461
8,1,5,ckd-0157,1,classical_rbf_svm,1,1.5342485864825628
8,1,5,ckd-0167,1,classical_rbf_svm,1,0.5193930968585554
8,1,5,ckd-0173,1,classical_rbf_svm,1,1.7975014678679417
8,1,5,ckd-0176,1,classical_rbf_svm,1,1.4480800170730541
8,1,5,ckd-0177,1,classical_rbf_svm,1,1.140363499778554
8,1,5,ckd-0181,1,classical_rbf_svm,1,1.7666627043764307
8,1,5,ckd-0184,1,classical_rbf_svm,1,1.1253036674860968
8,1,5,ckd-0191,1,classical_rbf_svm,1,1.2565029631175135
8,1,5,ckd-0211,1,classical_rbf_svm,1,1.0059899992749426
8,1,5,ckd-0213,1,classical_rbf_svm,1,1.1571745486519716
8,1,5,ckd-0216,1,classical_rbf_svm,1,1.5637234138378941
8,1,5,ckd-0227,1,classical_rbf_svm,1,1.1329013218964312
8,1,5,ckd-0228,1,classical_rbf_svm,1,1.802187941702376
8,1,5,ckd-0246,1,classical_rbf_svm,1,1.209275173744582
8,1,5,ckd-0253,0,classical_rbf_svm,0,-1.4141217072580594
8,1,5,ckd-0257,0,classical_rbf_svm,0,-1.0989421492075824
8,1,5,ckd-0265,0,classical_rbf_svm,0,-1.2004113353716663
8,1,5,ckd-0269,0,classical_rbf_svm,0,-1.0708986341389872
8,1,5,ckd-0292,0,classical_rbf_svm,0,-1.129079886528869
8,1,5,ckd-0295,0,classical_rbf_svm,0,-0.7150860103928721
8,1,5,ckd-0300,0,classical_rbf_svm,0,-1.1906035787567606
8,1,5,ckd-0301,0,classical_rbf_svm,0,-1.099627153665463
8,1,5,ckd-0302,0,classical_rbf_svm,0,-1.133875151772605
8,1,5,ckd-0310,0,classical_rbf_svm,0,-0.9009566699984862
8,1,5,ckd-0316,0,classical_rbf_svm,0,-1.2373975230728007
8,1,5,ckd-0320,0,classical_rbf_svm,0,-0.20925314641228543
8,1,5,ckd-0326,0,classical_rbf_svm,0,-1.1099958987105203
8,1,5,ckd-0334,0,classical_rbf_svm,0,-1.0755592318705691
8,1,5,ckd-0342,0,classical_rbf_svm,0,-0.8465090720184553
8,1,5,ckd-0349,0,classical_rbf_svm,0,-0.8988907751907812
8,1,5,ckd-0352,0,classical_rbf_svm,0,-0.8878514969717027
8,1,5,ckd-0362,0,classical_rbf_svm,0,-0.9495002826490532
8,1,5,ckd-0369,0,classical_rbf_svm,0,-1.3736853780761114
8,1,5,ckd-0376,0,classical_rbf_svm,0,-1.2934331340060155
8,1,5,ckd-0386,0,classical_rbf_svm,0,-1.1267367812040847
8,1,5,ckd-0389,0,classical_rbf_svm,0,-1.2492085690298227
8,1,5,ckd-0393,0,classical_rbf_svm,0,-1.189718765352795
8,1,5,ckd-0398,0,classical_rbf_svm,0,-1.2947527307989142
8,1,5,ckd-0004,1,qsvc,1,0.9612175490984544
8,1,5,ckd-0005,1,qsvc,1,1.041705762776727
8,1,5,ckd-0007,1,qsvc,1,1.1924536165780704
8,1,5,ckd-0014,1,qsvc,1,0.9446792926513515
8,1,5,ckd-0019,1,qsvc,1,1.0326055069725113
8,1,5,ckd-0022,1,qsvc,1,1.0000069214268266
8,1,5,ckd-0025,1,qsvc,1,0.9694924506462981
8,1,5,ckd-0027,1,qsvc,1,1.010880881422433
8,1,5,ckd-0032,1,qsvc,1,0.9215543444968746
8,1,5,ckd-0042,1,qsvc,1,0.8163223378466967
8,1,5,ckd-0075,1,qsvc,1,0.9124852143371486
8,1,5,ckd-0088,1,qsvc,1,0.989548051465735
8,1,5,ckd-0089,1,qsvc,1,1.0041142003091574
8,1,5,ckd-0090,1,qsvc,1,0.7866364220564761
8,1,5,ckd-0093,1,qsvc,1,1.0183007572160714
8,1,5,ckd-0105,1,qsvc,1,0.9946087563891559
8,1,5,ckd-0107,1,qsvc,1,1.029199429443198
8,1,5,ckd-0112,1,qsvc,1,1.0021340042467703
8,1,5,ckd-0113,1,qsvc,1,1.027603319051079
8,1,5,ckd-0117,1,qsvc,1,1.3072120523263615
8,1,5,ckd-0119,1,qsvc,1,0.9566580921192402
8,1,5,ckd-0128,1,qsvc,1,0.9734943654849122
8,1,5,ckd-0131,1,qsvc,1,0.9403121158041045
8,1,5,ckd-0132,1,qsvc,1,1.2280463849747978
8,1,5,ckd-0153,1,qsvc,1,0.9457857038735545
8,1,5,ckd-0155,1,qsvc,1,0.9762790557257003
8,1,5,ckd-0157,1,qsvc,1,0.977309029291841
8,1,5,ckd-0167,1,qsvc,1,0.9552893761677569
8,1,5,ckd-0173,1,qsvc,1,1.0126442287912292
8,1,5,ckd-0176,1,qsvc,1,0.9725809505900719
8,1,5,ckd-0177,1,qsvc,0,-0.39165949524426735
8,1,5,ckd-0181,1,qsvc,1,0.8294100829586843
8,1,5,ckd-0184,1,qsvc,1,0.9199667549334929
8,1,5,ckd-0191,1,qsvc,1,0.6953836362041179
8,1,5,ckd-0211,1,qsvc,1,1.0154062262353847
8,1,5,ckd-0213,1,qsvc,1,1.0111050180200014
8,1,5,ckd-0216,1,qsvc,1,0.9125538424221937
8,1,5,ckd-0227,1,qsvc,1,0.9298912276791954
8,1,5,ckd-0228,1,qsvc,1,1.0262592212367612
8,1,5,ckd-0246,1,qsvc,1,0.9554072912375227
8,1,5,ckd-0253,0,qsvc,0,-1.6711358389214106
8,1,5,ckd-0257,0,qsvc,0,-1.1123995604246313
8,1,5,ckd-0265,0,qsvc,0,-1.1876511667087213
8,1,5,ckd-0269,0,qsvc,0,-0.8167856845170909
8,1,5,ckd-0292,0,qsvc,0,-1.256849370781092
8,1,5,ckd-0295,0,qsvc,0,-0.8657489143000403
8,1,5,ckd-0300,0,qsvc,0,-0.997877503790574
8,1,5,ckd-0301,0,qsvc,0,-1.4364852268342645
8,1,5,ckd-0302,0,qsvc,0,-0.9866133910770067
8,1,5,ckd-0310,0,qsvc,0,-0.6738402900709415
8,1,5,ckd-0316,0,qsvc,0,-1.299362990106498
8,1,5,ckd-0320,0,qsvc,1,0.0095734773371432
8,1,5,ckd-0326,0,qsvc,0,-1.100834250109411
8,1,5,ckd-0334,0,qsvc,0,-1.0242947325336986
8,1,5,ckd-0342,0,qsvc,0,-0.47815955102600327
8,1,5,ckd-0349,0,qsvc,0,-1.135678091404741
8,1,5,ckd-0352,0,qsvc,0,-0.539015966753053
8,1,5,ckd-0362,0,qsvc,0,-0.36443169305824274
8,1,5,ckd-0369,0,qsvc,0,-1.6567740281321544
8,1,5,ckd-0376,0,qsvc,0,-1.450673242160808
8,1,5,ckd-0386,0,qsvc,0,-0.9042554168589092
8,1,5,ckd-0389,0,qsvc,0,-1.5255469112682913
8,1,5,ckd-0393,0,qsvc,0,-1.5056252952917708
8,1,5,ckd-0398,0,qsvc,0,-1.3569264124385003
8,2,1,ckd-0002,1,classical_rbf_svm,1,1.3753607688732106
8,2,1,ckd-0007,1,classical_rbf_svm,1,1.1611966402699758
8,2,1,ckd-0009,1,classical_rbf_svm,1,1.7551921666994506
8,2,1,ckd-0014,1,classical_rbf_svm,1,1.71158327743416
8,2,1,ckd-0015,1,classical_rbf_svm,1,1.0020927357620264
8,2,1,ckd-0018,1,classical_rbf_svm,1,1.2666835827428196
8,2,1,ckd-0027,1,classical_rbf_svm,1,1.8919421725042154
8,2,1,ckd-0038,1,classical_rbf_svm,1,1.7936739263499066
8,2,1,ckd-0047,1,classical_rbf_svm,1,1.2539897581472896
8,2,1,ckd-0049,1,classical_rbf_svm,1,1.381973969211728
8,2,1,ckd-0058,1,classical_rbf_svm,1,1.5438455932978903
8,2,1,ckd-0066,1,classical_rbf_svm,1,0.5875816604489781
8,2,1,ckd-0069,1,classical_rbf_svm,1,1.731123340061235
8,2,1,ckd-0076,1,classical_rbf_svm,1,1.4718835157301253
8,2,1,ckd-0080,1,classical_rbf_svm,1,1.6481013630919057
8,2,1,ckd-0082,1,classical_rbf_svm,1,1.633018466472838
8,2,1,ckd-0093,1,classical_rbf_svm,1,1.572365251714748
8,2,1,ckd-0102,1,classical_rbf_svm,1,1.79526267223675
8,2,1,ckd-0105,1,classical_rbf_svm,1,1.3864243641703924
8,2,1,ckd-0108,1,classical_rbf_svm,1,1.9714026600667334
8,2,1,ckd-0114,1,classical_rbf_svm,1,1.350764324540123
8,2,1,ckd-0116,1,classical_rbf_svm,1,0.8835726671109767
8,2,1,ckd-0128,1,classical_rbf_svm,1,1.5028079553879006
8,2,1,ckd-0129,1,classical_rbf_svm,1,1.160240414987356
8,2,1,ckd-0132,1,classical_rbf_svm,1,1.3997629442187403
8,2,1,ckd-0138,1,classical_rbf_svm,1,1.6419253332089243
8,2,1,ckd-0140,1,classical_rbf_svm,1,1.8558662917447002
8,2,1,ckd-0150,1,classical_rbf_svm,1,1.5961683612025466
8,2,1,ckd-0173,1,classical_rbf_svm,1,1.7720630624300655
8,2,1,ckd-0174,1,classical_rbf_svm,1,1.1515717157923473
8,2,1,ckd-0181,1,classical_rbf_svm,1,1.717523285113633
8,2,1,ckd-0183,1,classical_rbf_svm,1,0.7397247912667868
8,2,1,ckd-0195,1,classical_rbf_svm,1,1.6857026459413418
8,2,1,ckd-0202,1,classical_rbf_svm,1,1.3576139818285295
8,2,1,ckd-0205,1,classical_rbf_svm,1,1.127697624668914
8,2,1,ckd-0206,1,classical_rbf_svm,1,0.7984865165180759
8,2,1,ckd-0215,1,classical_rbf_svm,1,0.5287696903848005
8,2,1,ckd-0221,1,classical_rbf_svm,1,1.4212656081863342
8,2,1,ckd-0236,1,classical_rbf_svm,1,1.4428821739808857
8,2,1,ckd-0249,1,classical_rbf_svm,1,1.7277571204192776
8,2,1,ckd-0252,0,classical_rbf_svm,0,-1.0974248257313575
8,2,1,ckd-0259,0,classical_rbf_svm,0,-0.9263427305418221
8,2,1,ckd-0267,0,classical_rbf_svm,0,-0.42670003459605743
8,2,1,ckd-0270,0,classical_rbf_svm,0,-1.3875214145016053
8,2,1,ckd-0276,0,classical_rbf_svm,0,-1.1292703421193673
8,2,1,ckd-0297,0,classical_rbf_svm,0,-1.033628687787984
8,2,1,ckd-0305,0,classical_rbf_svm,0,-1.0451165363538
8,2,1,ckd-0308,0,classical_rbf_svm,0,-0.8512810356893712
8,2,1,ckd-0312,0,classical_rbf_svm,0,-1.1620233253212662
8,2,1,ckd-0313,0,classical_rbf_svm,0,-1.2485727326260767
8,2,1,ckd-0314,0,classical_rbf_svm,0,-1.0278339170912367
8,2,1,ckd-0317,0,classical_rbf_svm,0,-1.2998736219089133
8,2,1,ckd-0318,0,classical_rbf_svm,0,-0.7750419217026339
8,2,1,ckd-0326,0,classical_rbf_svm,0,-1.1271544603043278
8,2,1,ckd-0327,0,classical_rbf_svm,0,-0.9771082180271213
8,2,1,ckd-0339,0,classical_rbf_svm,0,-1.0704963240012704
8,2,1,ckd-0345,0,classical_rbf_svm,0,-0.8698648570687435
8,2,1,ckd-0357,0,classical_rbf_svm,0,-1.280709387761399
8,2,1,ckd-0364,0,classical_rbf_svm,0,-1.1404750811054905
8,2,1,ckd-0372,0,classical_rbf_svm,0,-1.0464611071000698
8,2,1,ckd-0376,0,classical_rbf_svm,0,-1.2835048935967375
8,2,1,ckd-0379,0,classical_rbf_svm,0,-1.2216884181182406
8,2,1,ckd-0385,0,classical_rbf_svm,0,-1.013831994809845
8,2,1,ckd-0397,0,classical_rbf_svm,0,-1.0317232093004645
8,2,1,ckd-0002,1,qsvc,1,0.2684102176886769
8,2,1,ckd-0007,1,qsvc,1,1.0953398105281915
8,2,1,ckd-0009,1,qsvc,1,1.0081334865667744
8,2,1,ckd-0014,1,qsvc,1,0.9416839314861234
8,2,1,ckd-0015,1,qsvc,1,0.9207044754685698
8,2,1,ckd-0018,1,qsvc,1,1.006631111015143
8,2,1,ckd-0027,1,qsvc,1,1.0089598150587247
8,2,1,ckd-0038,1,qsvc,1,1.0121319342527375
8,2,1,ckd-0047,1,qsvc,1,1.1682471223199657
8,2,1,ckd-0049,1,qsvc,1,0.9939048343362131
8,2,1,ckd-0058,1,qsvc,1,0.9643346512755732
8,2,1,ckd-0066,1,qsvc,1,0.029751993819004285
8,2,1,ckd-0069,1,qsvc,1,1.0068235259318068
8,2,1,ckd-0076,1,qsvc,1,0.571847480094568
8,2,1,ckd-0080,1,qsvc,1,1.0013792770621388
8,2,1,ckd-0082,1,qsvc,1,0.9764027838639797
8,2,1,ckd-0093,1,qsvc,1,1.009305624481819
8,2,1,ckd-0102,1,qsvc,1,1.0170555239847927
8,2,1,ckd-0105,1,qsvc,1,1.0014923481695912
8,2,1,ckd-0108,1,qsvc,1,1.0233343788058595
8,2,1,ckd-0114,1,qsvc,1,1.0300955910139462
8,2,1,ckd-0116,1,qsvc,1,0.2904679098219721
8,2,1,ckd-0128,1,qsvc,1,0.9965827596583822
8,2,1,ckd-0129,1,qsvc,1,1.0175792805062707
8,2,1,ckd-0132,1,qsvc,1,1.284186051617256
8,2,1,ckd-0138,1,qsvc,1,0.97357423930674
8,2,1,ckd-0140,1,qsvc,1,0.9902935490629384
8,2,1,ckd-0150,1,qsvc,1,1.0058574251923267
8,2,1,ckd-0173,1,qsvc,1,0.9859295778433579
8,2,1,ckd-0174,1,qsvc,1,1.0062341371024663
8,2,1,ckd-0181,1,qsvc,1,0.8624591743304366
8,2,1,ckd-0183,1,qsvc,1,0.5554679782535282
8,2,1,ckd-0195,1,qsvc,1,1.0066586150253747
8,2,1,ckd-0202,1,qsvc,1,1.0310273361612305
8,2,1,ckd-0205,1,qsvc,1,0.9117697240881185
8,2,1,ckd-0206,1,qsvc,1,0.9441424037523973
8,2,1,ckd-0215,1,qsvc,1,1.0185182596949325
8,2,1,ckd-0221,1,qsvc,1,1.2870334985529561
8,2,1,ckd-0236,1,qsvc,1,1.0130491412346225
8,2,1,ckd-0249,1,qsvc,1,1.0194347118150409
8,2,1,ckd-0252,0,qsvc,0,-0.9691448809697957
8,2,1,ckd-0259,0,qsvc,0,-1.2555972984770785
8,2,1,ckd-0267,0,qsvc,0,-0.6613652476875062
8,2,1,ckd-0270,0,qsvc,0,-1.5796090585952882
8,2,1,ckd-0276,0,qsvc,0,-1.321652422207026
8,2,1,ckd-0297,0,qsvc,0,-1.1001335127354528
8,2,1,ckd-0305,0,qsvc,0,-1.0497785972027014
8,2,1,ckd-0308,0,qsvc,0,-1.1599253064764903
8,2,1,ckd-0312,0,qsvc,0,-1.315682783698826
8,2,1,ckd-0313,0,qsvc,0,-1.4679357990866135
8,2,1,ckd-0314,0,qsvc,0,-0.6966903730815436
8,2,1,ckd-0317,0,qsvc,0,-1.4827665101909306
8,2,1,ckd-0318,0,qsvc,0,-1.1784739662493187
8,2,1,ckd-0326,0,qsvc,0,-1.1560899847302815
8,2,1,ckd-0327,0,qsvc,0,-1.31487025833902
8,2,1,ckd-0339,0,qsvc,0,-0.9471295353573478
8,2,1,ckd-0345,0,qsvc,0,-1.241617949591935
8,2,1,ckd-0357,0,qsvc,0,-1.190848122274999
8,2,1,ckd-0364,0,qsvc,0,-0.7416625620875236
8,2,1,ckd-0372,0,qsvc,0,-0.8699897590381934
8,2,1,ckd-0376,0,qsvc,0,-1.4839858988069232
8,2,1,ckd-0379,0,qsvc,0,-1.469722724108291
8,2,1,ckd-0385,0,qsvc,0,-1.3985538120522105
8,2,1,ckd-0397,0,qsvc,0,-0.8877586850192852
8,2,2,ckd-0001,1,classical_rbf_svm,1,0.628766040987236
8,2,2,ckd-0003,1,classical_rbf_svm,1,1.6284985762310191
8,2,2,ckd-0012,1,classical_rbf_svm,1,1.504196214722373
8,2,2,ckd-0026,1,classical_rbf_svm,1,1.5343884536518324
8,2,2,ckd-0028,1,classical_rbf_svm,1,1.6378798809169735
8,2,2,ckd-0036,1,classical_rbf_svm,1,1.8375203358779748
8,2,2,ckd-0040,1,classical_rbf_svm,1,1.8164247892975742
8,2,2,ckd-0052,1,classical_rbf_svm,1,1.6468004087215424
8,2,2,ckd-0057,1,classical_rbf_svm,1,1.4757748224652945
8,2,2,ckd-0064,1,classical_rbf_svm,1,1.5129427114033622
8,2,2,ckd-0068,1,classical_rbf_svm,1,1.205986067981333
8,2,2,ckd-0078,1,classical_rbf_svm,1,1.8850896498317615
8,2,2,ckd-0088,1,classical_rbf_svm,1,1.5123773029787921
8,2,2,ckd-0090,1,classical_rbf_svm,1,0.26204400953811824
8,2,2,ckd-0092,1,classical_rbf_svm,1,1.0410633937351494
8,2,2,ckd-0101,1,classical_rbf_svm,1,1.3143307593096267
8,2,2,ckd-0109,1,classical_rbf_svm,1,0.8577989345001346
8,2,2,ckd-0113,1,classical_rbf_svm,1,1.493847317617015
8,2,2,ckd-0120,1,classical_rbf_svm,1,1.1761533654930179
8,2,2,ckd-0125,1,classical_rbf_svm,1,1.585875266004766
8,2,2,ckd-0127,1,classical_rbf_svm,1,1.8746836161500466
8,2,2,ckd-0130,1,classical_rbf_svm,1,1.0612975785724819
8,2,2,ckd-0134,1,classical_rbf_svm,1,1.4190071860904383
8,2,2,ckd-0139,1,classical_rbf_svm,1,1.4326322882262437
8,2,2,ckd-0153,1,classical_rbf_svm,1,1.6981722966117996
8,2,2,ckd-0158,1,classical_rbf_svm,1,1.3837971370574254
8,2,2,ckd-0170,1,classical_rbf_svm,1,1.5508325834229044
8,2,2,ckd-0172,1,classical_rbf_svm,1,1.354346267403324
8,2,2,ckd-0186,1,classical_rbf_svm,1,0.7362035962456873
8,2,2,ckd-0191,1,classical_rbf_svm,1,1.2276830061544248
8,2,2,ckd-0199,1,classical_rbf_svm,1,1.3624538222533684
8,2,2,ckd-0201,1,classical_rbf_svm,1,1.3784946238645912
8,2,2,ckd-0203,1,classical_rbf_svm,1,1.5061256804884962
8,2,2,ckd-0204,1,classical_rbf_svm,1,1.690828783558914
8,2,2,ckd-0211,1,classical_rbf_svm,1,1.0336964794548913
8,2,2,ckd-0213,1,classical_rbf_svm,1,1.4441923303833288
8,2,2,ckd-0217,1,classical_rbf_svm,1,1.2139612928001786
8,2,2,ckd-0226,1,classical_rbf_svm,1,1.6169380626163128
8,2,2,ckd-0238,1,classical_rbf_svm,1,1.856095358973901
8,2,2,ckd-0248,1,classical_rbf_svm,1,0.3204636782184782
8,2,2,ckd-0251,0,classical_rbf_svm,0,-1.3951366611855918
8,2,2,ckd-0253,0,classical_rbf_svm,0,-1.4300162700614638
8,2,2,ckd-0257,0,classical_rbf_svm,0,-1.1438297135989848
8,2,2,ckd-0260,0,classical_rbf_svm,0,-1.2586509958762242
8,2,2,ckd-0263,0,classical_rbf_svm,0,-1.1825800145635468
8,2,2,ckd-0266,0,classical_rbf_svm,0,-1.1852067631557943
8,2,2,ckd-0271,0,classical_rbf_svm,0,-1.0800845923784161
8,2,2,ckd-0272,0,classical_rbf_svm,0,-1.0769592209456345
8,2,2,ckd-0282,0,classical_rbf_svm,0,-1.2183825516987732
8,2,2,ckd-0288,0,classical_rbf_svm,0,-1.0386901846894774
8,2,2,ckd-0290,0,classical_rbf_svm,0,-1.2004693610113228
8,2,2,ckd-0294,0,classical_rbf_svm,0,-1.243380283763863
8,2,2,ckd-0302,0,classical_rbf_svm,0,-1.196777050662684
8,2,2,ckd-0306,0,classical_rbf_svm,0,-1.0831230634477482
8,2,2,ckd-0315,0,classical_rbf_svm,0,-1.2509326457938166
8,2,2,ckd-0319,0,classical_rbf_svm,0,-1.04747496149691
8,2,2,ckd-0325,0,classical_rbf_svm,0,-0.30982643769651874
8,2,2,ckd-0332,0,classical_rbf_svm,0,-1.187980394203173
8,2,2,ckd-0335,0,classical_rbf_svm,0,-1.3172789211678533
8,2,2,ckd-0369,0,classical_rbf_svm,0,-1.3851390691994918
8,2,2,ckd-0388,0,classical_rbf_svm,0,-1.2688585541206352
8,2,2,ckd-0393,0,classical_rbf_svm,0,-1.203664967187201
8,2,2,ckd-0395,0,classical_rbf_svm,0,-1.0754061334530716
8,2,2,ckd-0396,0,classical_rbf_svm,0,-1.3227083430949367
8,2,2,ckd-0001,1,qsvc,1,0.867958350140117
8,2,2,ckd-0003,1,qsvc,1,0.9536076425285341
8,2,2,ckd-0012,1,qsvc,1,0.9810555647002024
8,2,2,ckd-0026,1,qsvc,1,0.9772613206932275
8,2,2,ckd-0028,1,qsvc,1,1.0094543324132734
8,2,2,ckd-0036,1,qsvc,1,0.9584004073187391
8,2,2,ckd-0040,1,qsvc,1,0.9923217451985407
8,2,2,ckd-0052,1,qsvc,1,0.9968061840666961
8,2,2,ckd-0057,1,qsvc,1,0.9370986184583521
8,2,2,ckd-0064,1,qsvc,1,0.8513828206313708
8,2,2,ckd-0068,1,qsvc,1,0.9005028866351916
8,2,2,ckd-0078,1,qsvc,1,1.0145498334536842
8,2,2,ckd-0088,1,qsvc,1,0.9865462651924194
8,2,2,ckd-0090,1,qsvc,1,0.8622053205889715
8,2,2,ckd-0092,1,qsvc,1,0.5331310637382988
8,2,2,ckd-0101,1,qsvc,1,1.203145437738156
8,2,2,ckd-0109,1,qsvc,1,1.2902233047107947
8,2,2,ckd-0113,1,qsvc,1,1.0246929864351868
8,2,2,ckd-0120,1,qsvc,1,0.7761336349799414
8,2,2,ckd-0125,1,qsvc,1,1.015153911418361
8,2,2,ckd-0127,1,qsvc,1,1.004668377723934
8,2,2,ckd-0130,1,qsvc,1,0.936075379734764
8,2,2,ckd-0134,1,qsvc,1,1.0299277151629573
8,2,2,ckd-0139,1,qsvc,1,0.9890520512148782
8,2,2,ckd-0153,1,qsvc,1,0.9527810943921128
8,2,2,ckd-0158,1,qsvc,1,1.0003163763704488
8,2,2,ckd-0170,1,qsvc,1,0.9162692686211433
8,2,2,ckd-0172,1,qsvc,1,0.9236540728568837
8,2,2,ckd-0186,1,qsvc,1,1.0313371880890707
8,2,2,ckd-0191,1,qsvc,1,0.7292265667959765
8,2,2,ckd-0199,1,qsvc,1,0.9704614126309018
8,2,2,ckd-0201,1,qsvc,1,1.0246512422020357
8,2,2,ckd-0203,1,qsvc,1,0.38346649219861006
8,2,2,ckd-0204,1,qsvc,1,0.9684138830380618
8,2,2,ckd-0211,1,qsvc,1,0.9366756940599502
8,2,2,ckd-0213,1,qsvc,1,0.8944664088564355
8,2,2,ckd-0217,1,qsvc,1,0.9111563161563481
8,2,2,ckd-0226,1,qsvc,1,1.0250223620158445
8,2,2,ckd-0238,1,qsvc,1,0.964439444022491
8,2,2,ckd-0248,1,qsvc,1,0.9593434899918172
8,2,2,ckd-0251,0,qsvc,0,-1.4456791030077296
8,2,2,ckd-0253,0,qsvc,0,-1.483102525396757
8,2,2,ckd-0257,0,qsvc,0,-0.9672796175509175
8,2,2,ckd-0260,0,qsvc,0,-1.5751506248149543
8,2,2,ckd-0263,0,qsvc,0,-1.5772433583542336
8,2,2,ckd-0266,0,qsvc,0,-1.4513092912767052
8,2,2,ckd-0271,0,qsvc,0,-0.8793633929786391
8,2,2,ckd-0272,0,qsvc,0,-0.7919842302506233
8,2,2,ckd-0282,0,qsvc,0,-1.224909946598578
8,2,2,ckd-0288,0,qsvc,0,-0.7650510033638735
8,2,2,ckd-0290,0,qsvc,0,-1.359477402945168
8,2,2,ckd-0294,0,qsvc,0,-1.5628279432879544
8,2,2,ckd-0302,0,qsvc,0,-0.976992528736246
8,2,2,ckd-0306,0,qsvc,0,-0.9530066685882135
8,2,2,ckd-0315,0,qsvc,0,-1.237667863460961
8,2,2,ckd-0319,0,qsvc,0,-0.8952866218029771
8,2,2,ckd-0325,0,qsvc,0,-0.02765565271064474
8,2,2,ckd-0332,0,qsvc,0,-1.1486635829926888
8,2,2,ckd-0335,0,qsvc,0,-1.3848431964510612
8,2,2,ckd-0369,0,qsvc,0,-1.4616864756995511
8,2,2,ckd-0388,0,qsvc,0,-1.200394795502186
8,2,2,ckd-0393,0,qsvc,0,-1.612631961062775
8,2,2,ckd-0395,0,qsvc,0,-1.4336010918284208
8,2,2,ckd-0396,0,qsvc,0,-1.5986375918791786
8,2,3,ckd-0022,1,classical_rbf_svm,1,0.9509053149111445
8,2,3,ckd-0025,1,classical_rbf_svm,1,1.484389475852944
8,2,3,ckd-0029,1,classical_rbf_svm,1,0.9953428625477844
8,2,3,ckd-0030,1,classical_rbf_svm,1,1.5240776319427654
8,2,3,ckd-0034,1,classical_rbf_svm,1,1.796344172255203
8,2,3,ckd-0042,1,classical_rbf_svm,1,1.1858276311117057
8,2,3,ckd-0048,1,classical_rbf_svm,1,1.3180706692879245
8,2,3,ckd-0055,1,classical_rbf_svm,1,1.6985893202514601
8,2,3,ckd-0063,1,classical_rbf_svm,1,1.6992898566886798
8,2,3,ckd-0074,1,classical_rbf_svm,1,1.0219503892339414
8,2,3,ckd-0081,1,classical_rbf_svm,1,1.7495480551714975
8,2,3,ckd-0085,1,classical_rbf_svm,1,0.9988824570199737
8,2,3,ckd-0089,1,classical_rbf_svm,1,1.433139607188856
8,2,3,ckd-0094,1,classical_rbf_svm,1,1.335324283487155
8,2,3,ckd-0095,1,classical_rbf_svm,1,1.70320324569667
8,2,3,ckd-0097,1,classical_rbf_svm,1,1.8800134235896921
8,2,3,ckd-0112,1,classical_rbf_svm,1,1.4842739437890866
8,2,3,ckd-0115,1,classical_rbf_svm,1,1.524316818244038
8,2,3,ckd-0119,1,classical_rbf_svm,1,1.5755695827042488
8,2,3,ckd-0121,1,classical_rbf_svm,1,1.0534228401348946
8,2,3,ckd-0123,1,classical_rbf_svm,1,1.1133573235485605
8,2,3,ckd-0126,1,classical_rbf_svm,1,1.5260848323615726
8,2,3,ckd-0146,1,classical_rbf_svm,1,0.9933036424991157
8,2,3,ckd-0147,1,classical_rbf_svm,1,1.6931432321862623
8,2,3,ckd-0160,1,classical_rbf_svm,1,1.8433998692253106
8,2,3,ckd-0161,1,classical_rbf_svm,1,1.9013959278779757
8,2,3,ckd-0169,1,classical_rbf_svm,1,1.5183248047850764
8,2,3,ckd-0171,1,classical_rbf_svm,1,1.9121632826394712
8,2,3,ckd-0175,1,classical_rbf_svm,1,1.2541758215894263
8,2,3,ckd-0176,1,classical_rbf_svm,1,1.4356846200664455
8,2,3,ckd-0177,1,classical_rbf_svm,1,1.1322217353696862
8,2,3,ckd-0188,1,classical_rbf_svm,1,1.6990589099488997
8,2,3,ckd-0194,1,classical_rbf_svm,1,0.9573435798884555
8,2,3,ckd-0197,1,classical_rbf_svm,1,1.0499910231005416
8,2,3,ckd-0207,1,classical_rbf_svm,1,1.5233614588626248
8,2,3,ckd-0218,1,classical_rbf_svm,1,1.8077410690680873
8,2,3,ckd-0222,1,classical_rbf_svm,1,1.4975119468917506
8,2,3,ckd-0224,1,classical_rbf_svm,1,1.6569631276155297
8,2,3,ckd-0231,1,classical_rbf_svm,1,1.8151931512573687
8,2,3,ckd-0242,1,classical_rbf_svm,1,1.7460740414843778
8,2,3,ckd-0258,0,classical_rbf_svm,0,-1.1162484831142194
8,2,3,ckd-0262,0,classical_rbf_svm,0,-1.0298845086944826
8,2,3,ckd-0269,0,classical_rbf_svm,0,-1.0890351737037163
8,2,3,ckd-0273,0,classical_rbf_svm,0,-1.233661336644742
8,2,3,ckd-0274,0,classical_rbf_svm,0,-0.17803336381037937
8,2,3,ckd-0289,0,classical_rbf_svm,0,-1.3704275241212
8,2,3,ckd-0299,0,classical_rbf_svm,0,-1.0174344245903133
8,2,3,ckd-0307,0,classical_rbf_svm,0,-1.1888920723750132
8,2,3,ckd-0310,0,classical_rbf_svm,0,-0.9492210861443261
8,2,3,ckd-0328,0,classical_rbf_svm,0,-1.1100559108477004
8,2,3,ckd-0334,0,classical_rbf_svm,0,-1.0835364675001262
8,2,3,ckd-0348,0,classical_rbf_svm,0,-1.122164651740528
8,2,3,ckd-0351,0,classical_rbf_svm,0,-1.3649514844038606
8,2,3,ckd-0355,0,classical_rbf_svm,0,-1.181999038004554
8,2,3,ckd-0365,0,classical_rbf_svm,0,-1.428391809794455
8,2,3,ckd-0368,0,classical_rbf_svm,0,-1.1369016713051927
8,2,3,ckd-0371,0,classical_rbf_svm,0,-1.2351277167326553
8,2,3,ckd-0373,0,classical_rbf_svm,0,-1.2062357552966363
8,2,3,ckd-0374,0,classical_rbf_svm,0,-1.2831988069003448
8,2,3,ckd-0377,0,classical_rbf_svm,0,-1.1402323535875012
8,2,3,ckd-0381,0,classical_rbf_svm,0,-1.0807133998478564
8,2,3,ckd-0389,0,classical_rbf_svm,0,-1.2751064330250887
8,2,3,ckd-0391,0,classical_rbf_svm,0,-1.3244665144726468
8,2,3,ckd-0399,0,classical_rbf_svm,0,-1.3164068068582209
8,2,3,ckd-0022,1,qsvc,1,0.9414589435862474
8,2,3,ckd-0025,1,qsvc,1,0.9805100184029322
8,2,3,ckd-0029,1,qsvc,1,0.9672564561647236
8,2,3,ckd-0030,1,qsvc,1,0.48185097232247026
8,2,3,ckd-0034,1,qsvc,1,0.9561504814701723
8,2,3,ckd-0042,1,qsvc,1,0.8713601622704354
8,2,3,ckd-0048,1,qsvc,1,0.15582352959738532
8,2,3,ckd-0055,1,qsvc,1,0.9968601593048511
8,2,3,ckd-0063,1,qsvc,1,0.9681743823521263
8,2,3,ckd-0074,1,qsvc,1,0.9057338372418601
8,2,3,ckd-0081,1,qsvc,1,1.0145267622395673
8,2,3,ckd-0085,1,qsvc,1,0.8870115787236567
8,2,3,ckd-0089,1,qsvc,1,0.9983859795816632
8,2,3,ckd-0094,1,qsvc,1,0.9995161834619349
8,2,3,ckd-0095,1,qsvc,1,1.115935112766239
8,2,3,ckd-0097,1,qsvc,1,0.993496511590059
8,2,3,ckd-0112,1,qsvc,1,0.9996062362103705
8,2,3,ckd-0115,1,qsvc,1,1.1955590420141389
8,2,3,ckd-0119,1,qsvc,1,0.9841263763949628
8,2,3,ckd-0121,1,qsvc,1,0.9626556713831929
8,2,3,ckd-0123,1,qsvc,1,0.3947304144191637
8,2,3,ckd-0126,1,qsvc,1,1.0070549150517354
8,2,3,ckd-0146,1,qsvc,1,0.9531119969117938
8,2,3,ckd-0147,1,qsvc,1,0.9638304076279735
8,2,3,ckd-0160,1,qsvc,1,0.9944820673080177
8,2,3,ckd-0161,1,qsvc,1,1.027159115236059
8,2,3,ckd-0169,1,qsvc,1,1.0197210344038201
8,2,3,ckd-0171,1,qsvc,1,0.9545852994205606
8,2,3,ckd-0175,1,qsvc,1,0.9134510255562013
8,2,3,ckd-0176,1,qsvc,1,0.9419491870877442
8,2,3,ckd-0177,1,qsvc,0,-0.4995444937053185
8,2,3,ckd-0188,1,qsvc,1,1.0218774445209942
8,2,3,ckd-0194,1,qsvc,1,0.9124599618593169
8,2,3,ckd-0197,1,qsvc,1,0.9287838178580684
8,2,3,ckd-0207,1,qsvc,1,0.9073135481782564
8,2,3,ckd-0218,1,qsvc,1,1.0351762476243342
8,2,3,ckd-0222,1,qsvc,1,1.0058539365540116
8,2,3,ckd-0224,1,qsvc,1,0.9758716266833176
8,2,3,ckd-0231,1,qsvc,1,1.0013274389787614
8,2,3,ckd-0242,1,qsvc,1,1.0165371201327904
8,2,3,ckd-0258,0,qsvc,0,-1.3298788318580437
8,2,3,ckd-0262,0,qsvc,0,-0.867103285966241
8,2,3,ckd-0269,0,qsvc,0,-0.8314047590299606
8,2,3,ckd-0273,0,qsvc,0,-1.450980078686774
8,2,3,ckd-0274,0,qsvc,0,-0.025400921285466782
8,2,3,ckd-0289,0,qsvc,0,-1.3822535144025343
8,2,3,ckd-0299,0,qsvc,0,-1.1295145649410294
8,2,3,ckd-0307,0,qsvc,0,-0.9667557643850745
8,2,3,ckd-0310,0,qsvc,0,-0.6307151760858917
8,2,3,ckd-0328,0,qsvc,0,-1.047248358765537
8,2,3,ckd-0334,0,qsvc,0,-1.0338745656219448
8,2,3,ckd-0348,0,qsvc,0,-0.557331044183705
8,2,3,ckd-0351,0,qsvc,0,-1.5164800603106108
8,2,3,ckd-0355,0,qsvc,0,-1.2642721600386326
8,2,3,ckd-0365,0,qsvc,0,-1.7022183817226533
8,2,3,ckd-0368,0,qsvc,0,-1.0700663308981277
8,2,3,ckd-0371,0,qsvc,0,-1.1159590652376012
8,2,3,ckd-0373,0,qsvc,0,-0.9855696121393377
8,2,3,ckd-0374,0,qsvc,0,-1.3557066912402433
8,2,3,ckd-0377,0,qsvc,0,-1.0280925939493293
8,2,3,ckd-0381,0,qsvc,0,-0.8181889704734978
8,2,3,ckd-0389,0,qsvc,0,-1.4533411329887755
8,2,3,ckd-0391,0,qsvc,0,-1.11848874048825
8,2,3,ckd-0399,0,qsvc,0,-1.0854565086365415
8,2,4,ckd-0005,1,classical_rbf_svm,1,1.718153157696948
8,2,4,ckd-0006,1,classical_rbf_svm,1,1.8306922918492639
8,2,4,ckd-0008,1,classical_rbf_svm,1,1.5304591472001636
8,2,4,ckd-0013,1,classical_rbf_svm,1,1.537022374398315
8,2,4,ckd-0020,1,classical_rbf_svm,1,1.8349429523442748
8,2,4,ckd-0023,1,classical_rbf_svm,1,1.2494010499276509
8,2,4,ckd-0024,1,classical_rbf_svm,1,1.342760428952275
8,2,4,ckd-0032,1,classical_rbf_svm,1,1.5752227861855954
8,2,4,ckd-0033,1,classical_rbf_svm,1,1.8929571135221441
8,2,4,ckd-0062,1,classical_rbf_svm,1,0.9525388446801217
8,2,4,ckd-0073,1,classical_rbf_svm,1,1.656547962059911
8,2,4,ckd-0075,1,classical_rbf_svm,1,1.6481652456017546
8,2,4,ckd-0077,1,classical_rbf_svm,1,1.1656558378636053
8,2,4,ckd-0079,1,classical_rbf_svm,1,1.5943229874916134
8,2,4,ckd-0086,1,classical_rbf_svm,1,1.8458770137582743
8,2,4,ckd-0096,1,classical_rbf_svm,1,1.4043052007934818
8,2,4,ckd-0098,1,classical_rbf_svm,1,2.0224608252063914
8,2,4,ckd-0099,1,classical_rbf_svm,1,1.1915420180674827
8,2,4,ckd-0106,1,classical_rbf_svm,1,0.6367456958715644
8,2,4,ckd-0117,1,classical_rbf_svm,1,1.397930081989507
8,2,4,ckd-0122,1,classical_rbf_svm,1,1.3696177578928348
8,2,4,ckd-0133,1,classical_rbf_svm,1,1.2475812459563693
8,2,4,ckd-0152,1,classical_rbf_svm,1,1.8019824087626295
8,2,4,ckd-0155,1,classical_rbf_svm,1,0.9786768611606782
8,2,4,ckd-0157,1,classical_rbf_svm,1,1.5477238039360641
8,2,4,ckd-0162,1,classical_rbf_svm,1,1.6724286294025261
8,2,4,ckd-0166,1,classical_rbf_svm,1,0.5782872580586181
8,2,4,ckd-0167,1,classical_rbf_svm,1,0.5346934361696859
8,2,4,ckd-0185,1,classical_rbf_svm,1,1.690274210044077
8,2,4,ckd-0190,1,classical_rbf_svm,1,1.2158466990265469
8,2,4,ckd-0196,1,classical_rbf_svm,1,1.463100140329158
8,2,4,ckd-0208,1,classical_rbf_svm,1,1.7093561925550875
8,2,4,ckd-0216,1,classical_rbf_svm,1,1.5706853278193775
8,2,4,ckd-0219,1,classical_rbf_svm,1,1.1797839650173407
8,2,4,ckd-0220,1,classical_rbf_svm,1,1.6340593654746902
8,2,4,ckd-0228,1,classical_rbf_svm,1,1.8384485512886188
8,2,4,ckd-0230,1,classical_rbf_svm,1,1.268454178109057
8,2,4,ckd-0232,1,classical_rbf_svm,1,1.649506920977866
8,2,4,ckd-0237,1,classical_rbf_svm,1,1.6613753096261743
8,2,4,ckd-0246,1,classical_rbf_svm,1,1.2372462840790461
8,2,4,ckd-0277,0,classical_rbf_svm,0,-0.9279532944145209
8,2,4,ckd-0280,0,classical_rbf_svm,0,-1.3945975922468392
8,2,4,ckd-0284,0,classical_rbf_svm,0,-1.1429482017037764
8,2,4,ckd-0295,0,classical_rbf_svm,0,-0.6736889271526353
8,2,4,ckd-0298,0,classical_rbf_svm,0,-1.3906929785487439
8,2,4,ckd-0303,0,classical_rbf_svm,0,-1.2361047103156673
8,2,4,ckd-0304,0,classical_rbf_svm,0,-1.159270019502613
8,2,4,ckd-0320,0,classical_rbf_svm,0,-0.13786540641414124
8,2,4,ckd-0322,0,classical_rbf_svm,0,-1.098310337234535
8,2,4,ckd-0323,0,classical_rbf_svm,0,-1.1637841196516217
8,2,4,ckd-0341,0,classical_rbf_svm,0,-1.155880144043083
8,2,4,ckd-0342,0,classical_rbf_svm,0,-0.7897909035462255
8,2,4,ckd-0349,0,classical_rbf_svm,0,-0.8439977889795315
8,2,4,ckd-0350,0,classical_rbf_svm,0,-1.285575456088376
8,2,4,ckd-0352,0,classical_rbf_svm,0,-0.9106469264908442
8,2,4,ckd-0358,0,classical_rbf_svm,0,-0.9234647945959576
8,2,4,ckd-0359,0,classical_rbf_svm,0,-0.7103182946989169
8,2,4,ckd-0361,0,classical_rbf_svm,0,-1.2385014742951026
8,2,4,ckd-0363,0,classical_rbf_svm,0,-1.0277269115808632
8,2,4,ckd-0366,0,classical_rbf_svm,0,-0.14189765898531237
8,2,4,ckd-0378,0,classical_rbf_svm,0,-1.1054913953904406
8,2,4,ckd-0382,0,classical_rbf_svm,0,-1.1057052996616896
8,2,4,ckd-0384,0,classical_rbf_svm,0,-1.2986081016644104
8,2,4,ckd-0400,0,classical_rbf_svm,0,-1.2251622569876797
8,2,4,ckd-0005,1,qsvc,1,1.0373528494402953
8,2,4,ckd-0006,1,qsvc,1,1.0021883414712565
8,2,4,ckd-0008,1,qsvc,1,0.9654633049926961
8,2,4,ckd-0013,1,qsvc,1,0.9997203323019828
8,2,4,ckd-0020,1,qsvc,1,0.9770078905727401
8,2,4,ckd-0023,1,qsvc,1,0.8906692179894127
8,2,4,ckd-0024,1,qsvc,1,0.9865136889539953
8,2,4,ckd-0032,1,qsvc,1,0.990581263621932
8,2,4,ckd-0033,1,qsvc,1,0.9647106178161801
8,2,4,ckd-0062,1,qsvc,1,0.9252699271761516
8,2,4,ckd-0073,1,qsvc,1,0.936612008058461
8,2,4,ckd-0075,1,qsvc,1,0.9240579244519813
8,2,4,ckd-0077,1,qsvc,1,0.9269162131730705
8,2,4,ckd-0079,1,qsvc,1,0.8196161097859616
8,2,4,ckd-0086,1,qsvc,1,0.9239602830660631
8,2,4,ckd-0096,1,qsvc,1,1.048401659529822
8,2,4,ckd-0098,1,qsvc,1,0.9649393758867089
8,2,4,ckd-0099,1,qsvc,1,0.9513644488642666
8,2,4,ckd-0106,1,qsvc,1,0.8923804035532316
8,2,4,ckd-0117,1,qsvc,1,1.427691849141757
8,2,4,ckd-0122,1,qsvc,1,0.881321324974317
8,2,4,ckd-0133,1,qsvc,1,0.6434523225727158
8,2,4,ckd-0152,1,qsvc,1,1.0325281574292262
8,2,4,ckd-0155,1,qsvc,1,0.9249665949187553
8,2,4,ckd-0157,1,qsvc,1,0.9927424371839841
8,2,4,ckd-0162,1,qsvc,1,0.962405190908342
8,2,4,ckd-0166,1,qsvc,1,0.8691940948210127
8,2,4,ckd-0167,1,qsvc,1,1.0443186449871826
8,2,4,ckd-0185,1,qsvc,1,0.9876899858824321
8,2,4,ckd-0190,1,qsvc,1,0.9742271590713407
8,2,4,ckd-0196,1,qsvc,1,0.9522343338939042
8,2,4,ckd-0208,1,qsvc,1,0.986380633337922
8,2,4,ckd-0216,1,qsvc,1,1.0196465427269128
8,2,4,ckd-0219,1,qsvc,1,1.2185064543337383
8,2,4,ckd-0220,1,qsvc,1,0.9670948816808396
8,2,4,ckd-0228,1,qsvc,1,1.021043671418755
8,2,4,ckd-0230,1,qsvc,1,0.888033630510178
8,2,4,ckd-0232,1,qsvc,1,1.0712843662036922
8,2,4,ckd-0237,1,qsvc,1,0.9872435806886627
8,2,4,ckd-0246,1,qsvc,1,0.8353402839241375
8,2,4,ckd-0277,0,qsvc,0,-0.6659563398515204
8,2,4,ckd-0280,0,qsvc,0,-1.4434734025642064
8,2,4,ckd-0284,0,qsvc,0,-1.405183470677084
8,2,4,ckd-0295,0,qsvc,0,-0.7308523083199766
8,2,4,ckd-0298,0,qsvc,0,-1.5744223622556697
8,2,4,ckd-0303,0,qsvc,0,-1.5817002554131943
8,2,4,ckd-0304,0,qsvc,0,-1.1008509798135822
8,2,4,ckd-0320,0,qsvc,1,0.3684608705766742
8,2,4,ckd-0322,0,qsvc,0,-1.414891088017515
8,2,4,ckd-0323,0,qsvc,0,-1.4983500703677675
8,2,4,ckd-0341,0,qsvc,0,-1.1753906619650771
8,2,4,ckd-0342,0,qsvc,0,-0.30282234510280015
8,2,4,ckd-0349,0,qsvc,0,-0.9998096435517484
8,2,4,ckd-0350,0,qsvc,0,-0.9655990705346703
8,2,4,ckd-0352,0,qsvc,0,-0.5987776622407356
8,2,4,ckd-0358,0,qsvc,0,-0.6226543017630869
8,2,4,ckd-0359,0,qsvc,0,-0.842078299997357
8,2,4,ckd-0361,0,qsvc,0,-1.3586521422966422
8,2,4,ckd-0363,0,qsvc,0,-1.0539949480110145
8,2,4,ckd-0366,0,qsvc,1,0.3598998921758436
8,2,4,ckd-0378,0,qsvc,0,-1.3616325631014097
8,2,4,ckd-0382,0,qsvc,0,-1.041324179025334
8,2,4,ckd-0384,0,qsvc,0,-1.2459860881073417
8,2,4,ckd-0400,0,qsvc,0,-1.019051894987237
8,2,5,ckd-0004,1,classical_rbf_svm,1,1.17313966177014
8,2,5,ckd-0010,1,classical_rbf_svm,1,1.649588853352245
8,2,5,ckd-0019,1,classical_rbf_svm,1,0.6999656139026207
8,2,5,ckd-0021,1,classical_rbf_svm,1,1.403181243149828
8,2,5,ckd-0031,1,classical_rbf_svm,1,1.1680304048950627
8,2,5,ckd-0045,1,classical_rbf_svm,1,1.3566430046194389
8,2,5,ckd-0051,1,classical_rbf_svm,1,1.62928837652449
8,2,5,ckd-0053,1,classical_rbf_svm,1,1.5153191573930114
8,2,5,ckd-0059,1,classical_rbf_svm,1,1.7088946663555475
8,2,5,ckd-0060,1,classical_rbf_svm,1,1.3908275342042824
8,2,5,ckd-0072,1,classical_rbf_svm,1,1.6585450858130169
8,2,5,ckd-0083,1,classical_rbf_svm,1,0.7165965007449981
8,2,5,ckd-0091,1,classical_rbf_svm,1,1.5158238186811923
8,2,5,ckd-0107,1,classical_rbf_svm,1,1.1506846097203893
8,2,5,ckd-0111,1,classical_rbf_svm,1,1.080718584496957
8,2,5,ckd-0131,1,classical_rbf_svm,1,1.263824988849374
8,2,5,ckd-0136,1,classical_rbf_svm,1,1.3053574158676207
8,2,5,ckd-0141,1,classical_rbf_svm,1,1.148911692942514
8,2,5,ckd-0154,1,classical_rbf_svm,1,1.1370447162005046
8,2,5,ckd-0156,1,classical_rbf_svm,1,1.2796300259125337
8,2,5,ckd-0163,1,classical_rbf_svm,1,1.2710834324981444
8,2,5,ckd-0178,1,classical_rbf_svm,1,1.4487801138968057
8,2,5,ckd-0179,1,classical_rbf_svm,1,1.6126260851534595
8,2,5,ckd-0180,1,classical_rbf_svm,1,1.5580613237786847
8,2,5,ckd-0182,1,classical_rbf_svm,1,1.2578697935521204
8,2,5,ckd-0184,1,classical_rbf_svm,1,1.1960276250608861
8,2,5,ckd-0187,1,classical_rbf_svm,1,1.1240478683571111
8,2,5,ckd-0189,1,classical_rbf_svm,1,0.08146647748136204
8,2,5,ckd-0192,1,classical_rbf_svm,1,1.2905156238140105
8,2,5,ckd-0193,1,classical_rbf_svm,1,0.4075901882568024
8,2,5,ckd-0198,1,classical_rbf_svm,1,1.3831677766483161
8,2,5,ckd-0200,1,classical_rbf_svm,1,1.4791190665528104
8,2,5,ckd-0210,1,classical_rbf_svm,1,0.03808068551174271
8,2,5,ckd-0214,1,classical_rbf_svm,1,1.5557681236427385
8,2,5,ckd-0223,1,classical_rbf_svm,1,0.8927863844640466
8,2,5,ckd-0227,1,classical_rbf_svm,1,1.1729584628442526
8,2,5,ckd-0233,1,classical_rbf_svm,1,0.7644981664340543
8,2,5,ckd-0234,1,classical_rbf_svm,1,1.366223652115989
8,2,5,ckd-0244,1,classical_rbf_svm,1,0.5176554813947505
8,2,5,ckd-0247,1,classical_rbf_svm,1,1.1735163639503958
8,2,5,ckd-0254,0,classical_rbf_svm,0,-1.261757996339027
8,2,5,ckd-0255,0,classical_rbf_svm,0,-1.0523875272959895
8,2,5,ckd-0256,0,classical_rbf_svm,0,-1.0591632707743668
8,2,5,ckd-0265,0,classical_rbf_svm,0,-1.1630876631168374
8,2,5,ckd-0279,0,classical_rbf_svm,0,-1.1037846196677994
8,2,5,ckd-0281,0,classical_rbf_svm,0,-0.8998749220572458
8,2,5,ckd-0283,0,classical_rbf_svm,0,-1.13246119461644
8,2,5,ckd-0285,0,classical_rbf_svm,0,-1.094945453375162
8,2,5,ckd-0287,0,classical_rbf_svm,0,-1.1590208863353308
8,2,5,ckd-0292,0,classical_rbf_svm,0,-1.1651970826512446
8,2,5,ckd-0300,0,classical_rbf_svm,0,-1.1442347766916305
8,2,5,ckd-0301,0,classical_rbf_svm,0,-1.1577276113520907
8,2,5,ckd-0316,0,classical_rbf_svm,0,-1.2172068166274026
8,2,5,ckd-0324,0,classical_rbf_svm,0,-1.3833335450512618
8,2,5,ckd-0340,0,classical_rbf_svm,0,-0.9874141402297559
8,2,5,ckd-0344,0,classical_rbf_svm,0,-1.2974376414037239
8,2,5,ckd-0353,0,classical_rbf_svm,0,-1.2480573884932022
8,2,5,ckd-0362,0,classical_rbf_svm,0,-0.8763656757378641
8,2,5,ckd-0367,0,classical_rbf_svm,0,-1.3963336924331426
8,2,5,ckd-0370,0,classical_rbf_svm,0,-1.0130675169425887
8,2,5,ckd-0383,0,classical_rbf_svm,0,-1.179990812929884
8,2,5,ckd-0386,0,classical_rbf_svm,0,-1.1075179442832725
8,2,5,ckd-0387,0,classical_rbf_svm,0,-1.3263050880827576
8,2,5,ckd-0398,0,classical_rbf_svm,0,-1.281682921065662
8,2,5,ckd-0004,1,qsvc,1,0.9974997931344753
8,2,5,ckd-0010,1,qsvc,1,0.9320995461827646
8,2,5,ckd-0019,1,qsvc,1,1.0078321492779736
8,2,5,ckd-0021,1,qsvc,1,0.9352831909514009
8,2,5,ckd-0031,1,qsvc,1,0.9898626744969328
8,2,5,ckd-0045,1,qsvc,1,0.9984455281941644
8,2,5,ckd-0051,1,qsvc,1,0.9838042963032363
8,2,5,ckd-0053,1,qsvc,1,1.0927411398788447
8,2,5,ckd-0059,1,qsvc,1,0.9519477938930416
8,2,5,ckd-0060,1,qsvc,1,0.9899952465904308
8,2,5,ckd-0072,1,qsvc,1,1.013710279957384
8,2,5,ckd-0083,1,qsvc,1,0.9863749293670485
8,2,5,ckd-0091,1,qsvc,1,1.0464425747575596
8,2,5,ckd-0107,1,qsvc,1,1.004885256179289
8,2,5,ckd-0111,1,qsvc,1,1.1286414922125114
8,2,5,ckd-0131,1,qsvc,1,0.9036118705685976
8,2,5,ckd-0136,1,qsvc,1,1.0281337500020058
8,2,5,ckd-0141,1,qsvc,1,0.9178284992654642
8,2,5,ckd-0154,1,qsvc,1,0.9527010065639449
8,2,5,ckd-0156,1,qsvc,1,0.7776005863449551
8,2,5,ckd-0163,1,qsvc,1,0.7362964936985321
8,2,5,ckd-0178,1,qsvc,1,1.0032302227997176
8,2,5,ckd-0179,1,qsvc,1,0.953929825272533
8,2,5,ckd-0180,1,qsvc,1,1.0844221117169743
8,2,5,ckd-0182,1,qsvc,1,0.9527056513341631
8,2,5,ckd-0184,1,qsvc,1,1.0352104123819075
8,2,5,ckd-0187,1,qsvc,0,-0.7462322182078901
8,2,5,ckd-0189,1,qsvc,0,-0.12102221917278932
8,2,5,ckd-0192,1,qsvc,1,0.9847818206413974
8,2,5,ckd-0193,1,qsvc,1,1.0497565601632917
8,2,5,ckd-0198,1,qsvc,1,1.0038136052210822
8,2,5,ckd-0200,1,qsvc,1,1.005253654275575
8,2,5,ckd-0210,1,qsvc,0,-0.5832506259401241
8,2,5,ckd-0214,1,qsvc,1,1.0092704466115343
8,2,5,ckd-0223,1,qsvc,1,1.0349961171486992
8,2,5,ckd-0227,1,qsvc,1,1.0074829847749764
8,2,5,ckd-0233,1,qsvc,1,1.0289917959864112
8,2,5,ckd-0234,1,qsvc,1,1.0028497905201725
8,2,5,ckd-0244,1,qsvc,1,0.930399149048251
8,2,5,ckd-0247,1,qsvc,1,0.9707633667188765
8,2,5,ckd-0254,0,qsvc,0,-1.3560253991365903
8,2,5,ckd-0255,0,qsvc,0,-0.7095254958156513
8,2,5,ckd-0256,0,qsvc,0,-0.45907356624493045
8,2,5,ckd-0265,0,qsvc,0,-1.0728433093328946
8,2,5,ckd-0279,0,qsvc,0,-1.4700839228036213
8,2,5,ckd-0281,0,qsvc,0,-0.22247646211223449
8,2,5,ckd-0283,0,qsvc,0,-1.4786781259004833
8,2,5,ckd-0285,0,qsvc,0,-1.039811386096154
8,2,5,ckd-0287,0,qsvc,0,-1.4801456370913204
8,2,5,ckd-0292,0,qsvc,0,-1.2155173941709658
8,2,5,ckd-0300,0,qsvc,0,-1.0577410346637062
8,2,5,ckd-0301,0,qsvc,0,-1.4272051237393675
8,2,5,ckd-0316,0,qsvc,0,-1.1292618472941385
8,2,5,ckd-0324,0,qsvc,0,-1.4928985283467733
8,2,5,ckd-0340,0,qsvc,0,-0.98454102805787
8,2,5,ckd-0344,0,qsvc,0,-1.3564749850826887
8,2,5,ckd-0353,0,qsvc,0,-1.4002813108971677
8,2,5,ckd-0362,0,qsvc,0,-0.16976120221589464
8,2,5,ckd-0367,0,qsvc,0,-1.5264941736670896
8,2,5,ckd-0370,0,qsvc,0,-1.327299607369829
8,2,5,ckd-0383,0,qsvc,0,-1.1596560906575353
8,2,5,ckd-0386,0,qsvc,0,-1.0210772558571541
8,2,5,ckd-0387,0,qsvc,0,-1.3022701768768656
8,2,5,ckd-0398,0,qsvc,0,-1.3493521728364954
8,3,1,ckd-0007,1,classical_rbf_svm,1,0.9795747152909504
8,3,1,ckd-0020,1,classical_rbf_svm,1,1.7861538703395161
8,3,1,ckd-0022,1,classical_rbf_svm,1,0.9674103655695271
8,3,1,ckd-0023,1,classical_rbf_svm,1,1.1700959043163495
8,3,1,ckd-0031,1,classical_rbf_svm,1,1.3281777976686884
8,3,1,ckd-0038,1,classical_rbf_svm,1,1.7761790123036527
8,3,1,ckd-0042,1,classical_rbf_svm,1,1.2200049821169696
8,3,1,ckd-0048,1,classical_rbf_svm,1,1.3783036585488706
8,3,1,ckd-0049,1,classical_rbf_svm,1,1.475322923543926
8,3,1,ckd-0052,1,classical_rbf_svm,1,1.689594235458694
8,3,1,ckd-0059,1,classical_rbf_svm,1,1.8385640947449986
8,3,1,ckd-0064,1,classical_rbf_svm,1,1.4551115269457227
8,3,1,ckd-0077,1,classical_rbf_svm,1,1.1093305485285745
8,3,1,ckd-0085,1,classical_rbf_svm,1,1.0001168629855046
8,3,1,ckd-0091,1,classical_rbf_svm,1,1.7456367463231517
8,3,1,ckd-0106,1,classical_rbf_svm,1,0.9505014797558952
8,3,1,ckd-0108,1,classical_rbf_svm,1,2.051843287792682
8,3,1,ckd-0122,1,classical_rbf_svm,1,1.38494103519383
8,3,1,ckd-0130,1,classical_rbf_svm,1,1.1990685743188503
8,3,1,ckd-0138,1,classical_rbf_svm,1,1.6259275482184101
8,3,1,ckd-0146,1,classical_rbf_svm,1,0.9944353333938984
8,3,1,ckd-0147,1,classical_rbf_svm,1,1.7770178836957051
8,3,1,ckd-0161,1,classical_rbf_svm,1,1.8314890841619917
8,3,1,ckd-0167,1,classical_rbf_svm,1,0.6000238606789678
8,3,1,ckd-0169,1,classical_rbf_svm,1,1.5255540668699465
8,3,1,ckd-0172,1,classical_rbf_svm,1,1.3921603054388894
8,3,1,ckd-0175,1,classical_rbf_svm,1,1.1125894733435897
8,3,1,ckd-0177,1,classical_rbf_svm,1,1.1315470619461843
8,3,1,ckd-0184,1,classical_rbf_svm,1,1.1787260100823713
8,3,1,ckd-0186,1,classical_rbf_svm,1,0.8448441687411622
8,3,1,ckd-0196,1,classical_rbf_svm,1,1.4329146164503572
8,3,1,ckd-0199,1,classical_rbf_svm,1,1.3820221758905968
8,3,1,ckd-0205,1,classical_rbf_svm,1,1.0214648782364188
8,3,1,ckd-0207,1,classical_rbf_svm,1,1.5619284368513031
8,3,1,ckd-0211,1,classical_rbf_svm,1,1.0000430583790485
8,3,1,ckd-0216,1,classical_rbf_svm,1,1.5889849323591205
8,3,1,ckd-0221,1,classical_rbf_svm,1,1.4820945441086342
8,3,1,ckd-0222,1,classical_rbf_svm,1,1.50191688960969
8,3,1,ckd-0223,1,classical_rbf_svm,1,1.1557202493532055
8,3,1,ckd-0226,1,classical_rbf_svm,1,1.6659450446979416
8,3,1,ckd-0252,0,classical_rbf_svm,0,-1.072518224891355
8,3,1,ckd-0253,0,classical_rbf_svm,0,-1.4206177508197078
8,3,1,ckd-0254,0,classical_rbf_svm,0,-1.2595694342330863
8,3,1,ckd-0263,0,classical_rbf_svm,0,-1.1650444173711172
8,3,1,ckd-0273,0,classical_rbf_svm,0,-1.212049272092337
8,3,1,ckd-0281,0,classical_rbf_svm,0,-0.9479300097095472
8,3,1,ckd-0284,0,classical_rbf_svm,0,-1.1407351364696834
8,3,1,ckd-0290,0,classical_rbf_svm,0,-1.157494632600542
8,3,1,ckd-0294,0,classical_rbf_svm,0,-1.228340052355453
8,3,1,ckd-0303,0,classical_rbf_svm,0,-1.219227014726222
8,3,1,ckd-0305,0,classical_rbf_svm,0,-1.069837496266591
8,3,1,ckd-0314,0,classical_rbf_svm,0,-0.9546240428025444
8,3,1,ckd-0339,0,classical_rbf_svm,0,-1.020694965678611
8,3,1,ckd-0341,0,classical_rbf_svm,0,-1.2089455843321817
8,3,1,ckd-0352,0,classical_rbf_svm,0,-0.9110633921501182
8,3,1,ckd-0363,0,classical_rbf_svm,0,-1.097199035128217
8,3,1,ckd-0371,0,classical_rbf_svm,0,-1.1893414354975955
8,3,1,ckd-0372,0,classical_rbf_svm,0,-1.014741494832629
8,3,1,ckd-0374,0,classical_rbf_svm,0,-1.2420067717457783
8,3,1,ckd-0377,0,classical_rbf_svm,0,-1.098205505972163
8,3,1,ckd-0378,0,classical_rbf_svm,0,-1.107987587137206
8,3,1,ckd-0387,0,classical_rbf_svm,0,-1.3176661557614588
8,3,1,ckd-0396,0,classical_rbf_svm,0,-1.3018828370339688
8,3,1,ckd-0397,0,classical_rbf_svm,0,-1.0045971248324967
8,3,1,ckd-0007,1,qsvc,1,1.206694642006588
8,3,1,ckd-0020,1,qsvc,1,0.9858009510285527
8,3,1,ckd-0022,1,qsvc,1,1.022682449850114
8,3,1,ckd-0023,1,qsvc,1,0.8538971275380866
8,3,1,ckd-0031,1,qsvc,1,0.9322155834301994
8,3,1,ckd-0038,1,qsvc,1,1.000254118019769
8,3,1,ckd-0042,1,qsvc,1,0.8135602047606828
8,3,1,ckd-0048,1,qsvc,1,0.06464913909138437
8,3,1,ckd-0049,1,qsvc,1,0.9555466657638679
8,3,1,ckd-0052,1,qsvc,1,1.0106058641858684
8,3,1,ckd-0059,1,qsvc,1,0.9324091704257648
8,3,1,ckd-0064,1,qsvc,1,0.9256680769639261
8,3,1,ckd-0077,1,qsvc,1,0.8931563242764677
8,3,1,ckd-0085,1,qsvc,1,0.902214608399854
8,3,1,ckd-0091,1,qsvc,1,1.0014384906198057
8,3,1,ckd-0106,1,qsvc,1,0.8225906615932316
8,3,1,ckd-0108,1,qsvc,1,1.0030687611085658
8,3,1,ckd-0122,1,qsvc,1,0.9220865481369478
8,3,1,ckd-0130,1,qsvc,1,0.9418851192417843
8,3,1,ckd-0138,1,qsvc,1,0.9731606529388719
8,3,1,ckd-0146,1,qsvc,1,0.9622745472099667
8,3,1,ckd-0147,1,qsvc,1,0.98559061026812
8,3,1,ckd-0161,1,qsvc,1,1.009771578011008
8,3,1,ckd-0167,1,qsvc,1,1.0816213004295632
8,3,1,ckd-0169,1,qsvc,1,1.0158723930240534
8,3,1,ckd-0172,1,qsvc,1,0.9315584930021241
8,3,1,ckd-0175,1,qsvc,1,0.8445422179730254
8,3,1,ckd-0177,1,qsvc,0,-0.3965216546199549
8,3,1,ckd-0184,1,qsvc,1,0.910344145789175
8,3,1,ckd-0186,1,qsvc,1,1.0695925214160256
8,3,1,ckd-0196,1,qsvc,1,0.9343122454812458
8,3,1,ckd-0199,1,qsvc,1,0.9702888022693683
8,3,1,ckd-0205,1,qsvc,1,1.0036566290301117
8,3,1,ckd-0207,1,qsvc,1,0.970181161059235
8,3,1,ckd-0211,1,qsvc,1,1.002533820174509
8,3,1,ckd-0216,1,qsvc,1,0.8530056800064717
8,3,1,ckd-0221,1,qsvc,1,1.2601321151518559
8,3,1,ckd-0222,1,qsvc,1,1.0307563108828242
8,3,1,ckd-0223,1,qsvc,1,1.0728507241310028
8,3,1,ckd-0226,1,qsvc,1,1.0347685968801186
8,3,1,ckd-0252,0,qsvc,0,-0.8914955833213952
8,3,1,ckd-0253,0,qsvc,0,-1.6860625032619452
8,3,1,ckd-0254,0,qsvc,0,-1.4757494561649414
8,3,1,ckd-0263,0,qsvc,0,-1.4644582491512077
8,3,1,ckd-0273,0,qsvc,0,-1.3621367571874057
8,3,1,ckd-0281,0,qsvc,0,-0.4976876272715741
8,3,1,ckd-0284,0,qsvc,0,-1.2803298726447108
8,3,1,ckd-0290,0,qsvc,0,-1.2592971139909608
8,3,1,ckd-0294,0,qsvc,0,-1.4182245376005933
8,3,1,ckd-0303,0,qsvc,0,-1.4066010442138603
8,3,1,ckd-0305,0,qsvc,0,-0.9933090151637572
8,3,1,ckd-0314,0,qsvc,0,-0.6577848759990655
8,3,1,ckd-0339,0,qsvc,0,-0.9231139052365337
8,3,1,ckd-0341,0,qsvc,0,-1.3169205743572672
8,3,1,ckd-0352,0,qsvc,0,-0.5630025537028248
8,3,1,ckd-0363,0,qsvc,0,-1.1524367403781683
8,3,1,ckd-0371,0,qsvc,0,-1.2227898599063596
8,3,1,ckd-0372,0,qsvc,0,-0.8096294185734966
8,3,1,ckd-0374,0,qsvc,0,-1.317745955439968
8,3,1,ckd-0377,0,qsvc,0,-0.9169597388715932
8,3,1,ckd-0378,0,qsvc,0,-1.1135751589272016
8,3,1,ckd-0387,0,qsvc,0,-1.4317455541899085
8,3,1,ckd-0396,0,qsvc,0,-1.4842218646172993
8,3,1,ckd-0397,0,qsvc,0,-0.7598940829753519
8,3,2,ckd-0013,1,classical_rbf_svm,1,1.5079245807887403
8,3,2,ckd-0018,1,classical_rbf_svm,1,1.082229998127022
8,3,2,ckd-0019,1,classical_rbf_svm,1,0.7599354880113967
8,3,2,ckd-0026,1,classical_rbf_svm,1,1.3252418455387058
8,3,2,ckd-0027,1,classical_rbf_svm,1,1.8514517378017965
8,3,2,ckd-0034,1,classical_rbf_svm,1,1.6580734192263433
8,3,2,ckd-0040,1,classical_rbf_svm,1,1.896754689742613
8,3,2,ckd-0047,1,classical_rbf_svm,1,1.4266897994040604
8,3,2,ckd-0051,1,classical_rbf_svm,1,1.5749740524082818
8,3,2,ckd-0060,1,classical_rbf_svm,1,1.3740094466506447
8,3,2,ckd-0073,1,classical_rbf_svm,1,1.6367161716243013
8,3,2,ckd-0075,1,classical_rbf_svm,1,1.6126491358402095
8,3,2,ckd-0078,1,classical_rbf_svm,1,1.9099764556425523
8,3,2,ckd-0079,1,classical_rbf_svm,1,1.3923791573815554
8,3,2,ckd-0081,1,classical_rbf_svm,1,1.7210631664001736
8,3,2,ckd-0082,1,classical_rbf_svm,1,1.5428958800347323
8,3,2,ckd-0083,1,classical_rbf_svm,1,0.7565787023145087
8,3,2,ckd-0088,1,classical_rbf_svm,1,1.4875129167489298
8,3,2,ckd-0092,1,classical_rbf_svm,1,1.0475363154435502
8,3,2,ckd-0095,1,classical_rbf_svm,1,1.758017805397424
8,3,2,ckd-0097,1,classical_rbf_svm,1,1.9163271219263351
8,3,2,ckd-0099,1,classical_rbf_svm,1,1.1191329814755193
8,3,2,ckd-0102,1,classical_rbf_svm,1,1.778981476303278
8,3,2,ckd-0115,1,classical_rbf_svm,1,1.5662335580450208
8,3,2,ckd-0119,1,classical_rbf_svm,1,1.5967667782680894
8,3,2,ckd-0120,1,classical_rbf_svm,1,1.2318641419220484
8,3,2,ckd-0126,1,classical_rbf_svm,1,1.3056572434800453
8,3,2,ckd-0127,1,classical_rbf_svm,1,1.8450391792501986
8,3,2,ckd-0131,1,classical_rbf_svm,1,1.2059589579859713
8,3,2,ckd-0133,1,classical_rbf_svm,1,1.2258843594935915
8,3,2,ckd-0152,1,classical_rbf_svm,1,1.6023480306900897
8,3,2,ckd-0153,1,classical_rbf_svm,1,1.7234554921843137
8,3,2,ckd-0155,1,classical_rbf_svm,1,0.9716073418496497
8,3,2,ckd-0183,1,classical_rbf_svm,1,0.7150284439060459
8,3,2,ckd-0197,1,classical_rbf_svm,1,1.1061487241133816
8,3,2,ckd-0203,1,classical_rbf_svm,1,1.4118813309894946
8,3,2,ckd-0204,1,classical_rbf_svm,1,1.5064018560386474
8,3,2,ckd-0219,1,classical_rbf_svm,1,1.1889840610834315
8,3,2,ckd-0246,1,classical_rbf_svm,1,1.1431982919662445
8,3,2,ckd-0247,1,classical_rbf_svm,1,1.15669648902507
8,3,2,ckd-0255,0,classical_rbf_svm,0,-1.1644334865679138
8,3,2,ckd-0257,0,classical_rbf_svm,0,-1.135138824740257
8,3,2,ckd-0259,0,classical_rbf_svm,0,-0.9260150261387979
8,3,2,ckd-0269,0,classical_rbf_svm,0,-1.0814973226111784
8,3,2,ckd-0272,0,classical_rbf_svm,0,-1.0732466058146812
8,3,2,ckd-0274,0,classical_rbf_svm,0,-0.24073973358826228
8,3,2,ckd-0285,0,classical_rbf_svm,0,-1.1475247613530413
8,3,2,ckd-0298,0,classical_rbf_svm,0,-1.4424136136045642
8,3,2,ckd-0301,0,classical_rbf_svm,0,-1.0664983922579037
8,3,2,ckd-0308,0,classical_rbf_svm,0,-0.8495852933084903
8,3,2,ckd-0313,0,classical_rbf_svm,0,-1.249099169484139
8,3,2,ckd-0315,0,classical_rbf_svm,0,-1.2575580130024888
8,3,2,ckd-0322,0,classical_rbf_svm,0,-1.0898441715140987
8,3,2,ckd-0344,0,classical_rbf_svm,0,-1.371005632069223
8,3,2,ckd-0345,0,classical_rbf_svm,0,-0.8786229864691851
8,3,2,ckd-0348,0,classical_rbf_svm,0,-1.1713490710658916
8,3,2,ckd-0350,0,classical_rbf_svm,0,-1.305518350097349
8,3,2,ckd-0357,0,classical_rbf_svm,0,-1.3384742991547158
8,3,2,ckd-0366,0,classical_rbf_svm,0,-0.23461468031264288
8,3,2,ckd-0369,0,classical_rbf_svm,0,-1.4192919901542407
8,3,2,ckd-0388,0,classical_rbf_svm,0,-1.3027189087719675
8,3,2,ckd-0393,0,classical_rbf_svm,0,-1.1661345833645735
8,3,2,ckd-0398,0,classical_rbf_svm,0,-1.2869503978018497
8,3,2,ckd-0399,0,classical_rbf_svm,0,-1.329306987007271
8,3,2,ckd-0013,1,qsvc,1,0.999832874893177
8,3,2,ckd-0018,1,qsvc,1,0.9897213883513352
8,3,2,ckd-0019,1,qsvc,1,1.0223209427078583
8,3,2,ckd-0026,1,qsvc,1,1.0048246451046485
8,3,2,ckd-0027,1,qsvc,1,1.0011695202257906
8,3,2,ckd-0034,1,qsvc,1,0.9826909575624181
8,3,2,ckd-0040,1,qsvc,1,0.9964474020672802
8,3,2,ckd-0047,1,qsvc,1,1.1711520267996238
8,3,2,ckd-0051,1,qsvc,1,0.9683847736650437
8,3,2,ckd-0060,1,qsvc,1,0.9770882942765493
8,3,2,ckd-0073,1,qsvc,1,0.9333824734660721
8,3,2,ckd-0075,1,qsvc,1,0.9322385307138319
8,3,2,ckd-0078,1,qsvc,1,1.0054666311170748
8,3,2,ckd-0079,1,qsvc,1,0.8222763667290013
8,3,2,ckd-0081,1,qsvc,1,1.0003337070211706
8,3,2,ckd-0082,1,qsvc,1,0.9517326474421955
8,3,2,ckd-0083,1,qsvc,1,0.9590974830755908
8,3,2,ckd-0088,1,qsvc,1,1.0023497343593528
8,3,2,ckd-0092,1,qsvc,1,0.5994938007196087
8,3,2,ckd-0095,1,qsvc,1,1.0634288584090221
8,3,2,ckd-0097,1,qsvc,1,1.0116880815404194
8,3,2,ckd-0099,1,qsvc,1,0.959457368266988
8,3,2,ckd-0102,1,qsvc,1,0.9895182267672773
8,3,2,ckd-0115,1,qsvc,1,1.1880574033759204
8,3,2,ckd-0119,1,qsvc,1,0.9611655187242327
8,3,2,ckd-0120,1,qsvc,1,0.7540871933503803
8,3,2,ckd-0126,1,qsvc,1,1.0148949229207385
8,3,2,ckd-0127,1,qsvc,1,0.9980090105064863
8,3,2,ckd-0131,1,qsvc,1,0.892330631190633
8,3,2,ckd-0133,1,qsvc,1,0.7078521261021054
8,3,2,ckd-0152,1,qsvc,1,1.0177502545971482
8,3,2,ckd-0153,1,qsvc,1,0.9418455422705961
8,3,2,ckd-0155,1,qsvc,1,0.9118808243104214
8,3,2,ckd-0183,1,qsvc,1,0.9686855503358881
8,3,2,ckd-0197,1,qsvc,1,0.9643230811216459
8,3,2,ckd-0203,1,qsvc,1,0.38467739276928553
8,3,2,ckd-0204,1,qsvc,1,0.9546573056717464
8,3,2,ckd-0219,1,qsvc,1,1.1981951796411208
8,3,2,ckd-0246,1,qsvc,1,0.8385202833647104
8,3,2,ckd-0247,1,qsvc,1,0.9198878796002928
8,3,2,ckd-0255,0,qsvc,0,-0.9227414034371069
8,3,2,ckd-0257,0,qsvc,0,-1.092984177468965
8,3,2,ckd-0259,0,qsvc,0,-1.2790670065589425
8,3,2,ckd-0269,0,qsvc,0,-0.9654728191907542
8,3,2,ckd-0272,0,qsvc,0,-0.899302055699726
8,3,2,ckd-0274,0,qsvc,0,-0.03118256000881403
8,3,2,ckd-0285,0,qsvc,0,-1.0237830696564199
8,3,2,ckd-0298,0,qsvc,0,-1.4405732443880515
8,3,2,ckd-0301,0,qsvc,0,-1.5668009102579166
8,3,2,ckd-0308,0,qsvc,0,-1.1488834248475055
8,3,2,ckd-0313,0,qsvc,0,-1.519262154962098
8,3,2,ckd-0315,0,qsvc,0,-1.3169691329247357
8,3,2,ckd-0322,0,qsvc,0,-1.3891235174039533
8,3,2,ckd-0344,0,qsvc,0,-1.2334153568591677
8,3,2,ckd-0345,0,qsvc,0,-1.2945387446130001
8,3,2,ckd-0348,0,qsvc,0,-0.555618156829041
8,3,2,ckd-0350,0,qsvc,0,-0.8646362576597029
8,3,2,ckd-0357,0,qsvc,0,-1.1025917778596428
8,3,2,ckd-0366,0,qsvc,0,-0.026100686834435227
8,3,2,ckd-0369,0,qsvc,0,-1.496072112111834
8,3,2,ckd-0388,0,qsvc,0,-1.1604671288359107
8,3,2,ckd-0393,0,qsvc,0,-1.6002349388613426
8,3,2,ckd-0398,0,qsvc,0,-1.4050866725140547
8,3,2,ckd-0399,0,qsvc,0,-0.9324474690373752
8,3,3,ckd-0002,1,classical_rbf_svm,1,1.2017280504899226
8,3,3,ckd-0005,1,classical_rbf_svm,1,1.6357388436217888
8,3,3,ckd-0009,1,classical_rbf_svm,1,1.6633289536778963
8,3,3,ckd-0014,1,classical_rbf_svm,1,1.7667852927735666
8,3,3,ckd-0021,1,classical_rbf_svm,1,1.4723707982054108
8,3,3,ckd-0028,1,classical_rbf_svm,1,1.6269984640586324
8,3,3,ckd-0029,1,classical_rbf_svm,1,0.7939596394295161
8,3,3,ckd-0033,1,classical_rbf_svm,1,1.8972622342429755
8,3,3,ckd-0036,1,classical_rbf_svm,1,1.8374808924114898
8,3,3,ckd-0055,1,classical_rbf_svm,1,1.6035071864371517
8,3,3,ckd-0058,1,classical_rbf_svm,1,1.6140129163927521
8,3,3,ckd-0062,1,classical_rbf_svm,1,1.024204671039057
8,3,3,ckd-0063,1,classical_rbf_svm,1,1.5819439213098336
8,3,3,ckd-0076,1,classical_rbf_svm,1,1.336791949748028
8,3,3,ckd-0123,1,classical_rbf_svm,1,1.2365659954282167
8,3,3,ckd-0139,1,classical_rbf_svm,1,1.3803695975555996
8,3,3,ckd-0140,1,classical_rbf_svm,1,1.6876366132629301
8,3,3,ckd-0163,1,classical_rbf_svm,1,1.2381866125915302
8,3,3,ckd-0170,1,classical_rbf_svm,1,1.589864923936033
8,3,3,ckd-0178,1,classical_rbf_svm,1,1.3985780768509561
8,3,3,ckd-0179,1,classical_rbf_svm,1,1.6263934032775045
8,3,3,ckd-0180,1,classical_rbf_svm,1,1.5883340281219471
8,3,3,ckd-0187,1,classical_rbf_svm,1,1.105203822524505
8,3,3,ckd-0188,1,classical_rbf_svm,1,1.644510107393756
8,3,3,ckd-0189,1,classical_rbf_svm,1,0.07881627743850061
8,3,3,ckd-0190,1,classical_rbf_svm,1,1.256436179815019
8,3,3,ckd-0192,1,classical_rbf_svm,1,1.33834259015988
8,3,3,ckd-0193,1,classical_rbf_svm,1,0.40702258384243073
8,3,3,ckd-0198,1,classical_rbf_svm,1,1.42014541636856
8,3,3,ckd-0201,1,classical_rbf_svm,1,1.2702309685549336
8,3,3,ckd-0208,1,classical_rbf_svm,1,1.6859365498189727
8,3,3,ckd-0210,1,classical_rbf_svm,1,0.03471275837141308
8,3,3,ckd-0213,1,classical_rbf_svm,1,1.45462884977437
8,3,3,ckd-0217,1,classical_rbf_svm,1,1.1969031072698197
8,3,3,ckd-0218,1,classical_rbf_svm,1,1.7599745539057472
8,3,3,ckd-0220,1,classical_rbf_svm,1,1.697870358244102
8,3,3,ckd-0224,1,classical_rbf_svm,1,1.6467612116034547
8,3,3,ckd-0237,1,classical_rbf_svm,1,1.6358914141585013
8,3,3,ckd-0242,1,classical_rbf_svm,1,1.5624180793509526
8,3,3,ckd-0244,1,classical_rbf_svm,1,0.5960737448589281
8,3,3,ckd-0251,0,classical_rbf_svm,0,-1.3594949523162962
8,3,3,ckd-0256,0,classical_rbf_svm,0,-1.0938515446709118
8,3,3,ckd-0262,0,classical_rbf_svm,0,-1.0706301322205514
8,3,3,ckd-0270,0,classical_rbf_svm,0,-1.3594949523162962
8,3,3,ckd-0271,0,classical_rbf_svm,0,-1.0703748154029191
8,3,3,ckd-0277,0,classical_rbf_svm,0,-1.0047239256881348
8,3,3,ckd-0280,0,classical_rbf_svm,0,-1.3522009940559347
8,3,3,ckd-0287,0,classical_rbf_svm,0,-1.1451054708024326
8,3,3,ckd-0295,0,classical_rbf_svm,0,-0.8123562228937341
8,3,3,ckd-0302,0,classical_rbf_svm,0,-1.1750523241661486
8,3,3,ckd-0306,0,classical_rbf_svm,0,-1.081747979171018
8,3,3,ckd-0317,0,classical_rbf_svm,0,-1.2932935629302516
8,3,3,ckd-0323,0,classical_rbf_svm,0,-1.2231531335878505
8,3,3,ckd-0328,0,classical_rbf_svm,0,-1.0797439153877813
8,3,3,ckd-0334,0,classical_rbf_svm,0,-1.1128281181831476
8,3,3,ckd-0355,0,classical_rbf_svm,0,-1.1451269012805998
8,3,3,ckd-0362,0,classical_rbf_svm,0,-0.9228358311087393
8,3,3,ckd-0364,0,classical_rbf_svm,0,-1.1451732369071435
8,3,3,ckd-0368,0,classical_rbf_svm,0,-1.111843552893827
8,3,3,ckd-0376,0,classical_rbf_svm,0,-1.2779457527873315
8,3,3,ckd-0379,0,classical_rbf_svm,0,-1.2538392011669792
8,3,3,ckd-0385,0,classical_rbf_svm,0,-1.1088556897817208
8,3,3,ckd-0386,0,classical_rbf_svm,0,-1.1113403937583821
8,3,3,ckd-0389,0,classical_rbf_svm,0,-1.2593396429522121
8,3,3,ckd-0002,1,qsvc,0,-0.18583456578759516
8,3,3,ckd-0005,1,qsvc,1,1.0319442772727756
8,3,3,ckd-0009,1,qsvc,1,1.003208407018086
8,3,3,ckd-0014,1,qsvc,1,0.9436440995664519
8,3,3,ckd-0021,1,qsvc,1,0.9417970560554608
8,3,3,ckd-0028,1,qsvc,1,1.011620072981711
8,3,3,ckd-0029,1,qsvc,1,1.002150241108707
8,3,3,ckd-0033,1,qsvc,1,0.9887190670248718
8,3,3,ckd-0036,1,qsvc,1,0.9845423257895395
8,3,3,ckd-0055,1,qsvc,1,1.0467103972161012
8,3,3,ckd-0058,1,qsvc,1,0.9668282214126965
8,3,3,ckd-0062,1,qsvc,1,0.9448276767221817
8,3,3,ckd-0063,1,qsvc,1,0.9853652407324247
8,3,3,ckd-0076,1,qsvc,1,0.6233277617837616
8,3,3,ckd-0123,1,qsvc,1,0.8175100933228406
8,3,3,ckd-0139,1,qsvc,1,1.1327220036061072
8,3,3,ckd-0140,1,qsvc,1,1.0022445351832203
8,3,3,ckd-0163,1,qsvc,1,0.7046114043739795
8,3,3,ckd-0170,1,qsvc,1,0.9379812180144697
8,3,3,ckd-0178,1,qsvc,1,1.0051862803102865
8,3,3,ckd-0179,1,qsvc,1,1.0003978312236468
8,3,3,ckd-0180,1,qsvc,1,1.0766751870497946
8,3,3,ckd-0187,1,qsvc,0,-0.8221060821032221
8,3,3,ckd-0188,1,qsvc,1,0.9886453864524319
8,3,3,ckd-0189,1,qsvc,0,-0.22092737326240586
8,3,3,ckd-0190,1,qsvc,1,0.9798203706548388
8,3,3,ckd-0192,1,qsvc,1,0.9837476952659869
8,3,3,ckd-0193,1,qsvc,1,1.010708080365983
8,3,3,ckd-0198,1,qsvc,1,0.983399554520331
8,3,3,ckd-0201,1,qsvc,1,1.0180657052734843
8,3,3,ckd-0208,1,qsvc,1,0.9925758351016744
8,3,3,ckd-0210,1,qsvc,0,-0.648668700451685
8,3,3,ckd-0213,1,qsvc,1,0.960115722559782
8,3,3,ckd-0217,1,qsvc,1,1.1059853568816251
8,3,3,ckd-0218,1,qsvc,1,1.0747583702008787
8,3,3,ckd-0220,1,qsvc,1,0.9738772065006853
8,3,3,ckd-0224,1,qsvc,1,0.9875582963003183
8,3,3,ckd-0237,1,qsvc,1,1.0267352900712872
8,3,3,ckd-0242,1,qsvc,1,0.9823113596466762
8,3,3,ckd-0244,1,qsvc,1,0.9361854885356081
8,3,3,ckd-0251,0,qsvc,0,-1.4066598286328724
8,3,3,ckd-0256,0,qsvc,0,-0.6282691515933544
8,3,3,ckd-0262,0,qsvc,0,-0.9536959190025561
8,3,3,ckd-0270,0,qsvc,0,-1.4066598286328724
8,3,3,ckd-0271,0,qsvc,0,-0.9507959610802695
8,3,3,ckd-0277,0,qsvc,0,-0.8267077359646399
8,3,3,ckd-0280,0,qsvc,0,-1.2724956420830997
8,3,3,ckd-0287,0,qsvc,0,-1.4610462653738177
8,3,3,ckd-0295,0,qsvc,0,-1.1695061210723119
8,3,3,ckd-0302,0,qsvc,0,-0.7471113700600972
8,3,3,ckd-0306,0,qsvc,0,-0.943412558681011
8,3,3,ckd-0317,0,qsvc,0,-1.370505205155374
8,3,3,ckd-0323,0,qsvc,0,-1.260151402996133
8,3,3,ckd-0328,0,qsvc,0,-1.0278848349438165
8,3,3,ckd-0334,0,qsvc,0,-1.0135514623698896
8,3,3,ckd-0355,0,qsvc,0,-1.0512069081132247
8,3,3,ckd-0362,0,qsvc,0,-0.29969063378524774
8,3,3,ckd-0364,0,qsvc,0,-0.5762341200124591
8,3,3,ckd-0368,0,qsvc,0,-0.9282678796260401
8,3,3,ckd-0376,0,qsvc,0,-1.3753034373032715
8,3,3,ckd-0379,0,qsvc,0,-1.2297105635132977
8,3,3,ckd-0385,0,qsvc,0,-1.2991420087036012
8,3,3,ckd-0386,0,qsvc,0,-1.0186042608476003
8,3,3,ckd-0389,0,qsvc,0,-1.4039010765118922
8,3,4,ckd-0001,1,classical_rbf_svm,1,0.4191252880960899
8,3,4,ckd-0003,1,classical_rbf_svm,1,1.5952339175206336
8,3,4,ckd-0004,1,classical_rbf_svm,1,1.1349267619767465
8,3,4,ckd-0006,1,classical_rbf_svm,1,1.6460339338071077
8,3,4,ckd-0010,1,classical_rbf_svm,1,1.6702437714743565
8,3,4,ckd-0015,1,classical_rbf_svm,1,0.9898272183905037
8,3,4,ckd-0024,1,classical_rbf_svm,1,1.2419661321205522
8,3,4,ckd-0057,1,classical_rbf_svm,1,1.4635024414004185
8,3,4,ckd-0066,1,classical_rbf_svm,1,0.6085214293703962
8,3,4,ckd-0072,1,classical_rbf_svm,1,1.6574149854974944
8,3,4,ckd-0074,1,classical_rbf_svm,1,1.0137343713939535
8,3,4,ckd-0086,1,classical_rbf_svm,1,1.6967984367517048
8,3,4,ckd-0089,1,classical_rbf_svm,1,1.3534611822372362
8,3,4,ckd-0090,1,classical_rbf_svm,1,0.33266326655846246
8,3,4,ckd-0094,1,classical_rbf_svm,1,1.368325068842249
8,3,4,ckd-0109,1,classical_rbf_svm,1,0.9646800680643931
8,3,4,ckd-0111,1,classical_rbf_svm,1,1.236263036825289
8,3,4,ckd-0112,1,classical_rbf_svm,1,1.4961747192662216
8,3,4,ckd-0116,1,classical_rbf_svm,1,0.8933040608186091
8,3,4,ckd-0121,1,classical_rbf_svm,1,0.7100548243640444
8,3,4,ckd-0128,1,classical_rbf_svm,1,1.4055969279310991
8,3,4,ckd-0134,1,classical_rbf_svm,1,1.4452520191046625
8,3,4,ckd-0136,1,classical_rbf_svm,1,1.1158892134289295
8,3,4,ckd-0141,1,classical_rbf_svm,1,1.1218825097931515
8,3,4,ckd-0156,1,classical_rbf_svm,1,1.4091324997912202
8,3,4,ckd-0166,1,classical_rbf_svm,1,0.49998323927317434
8,3,4,ckd-0171,1,classical_rbf_svm,1,1.7939647203247475
8,3,4,ckd-0173,1,classical_rbf_svm,1,1.716144700761895
8,3,4,ckd-0174,1,classical_rbf_svm,1,1.0884389810035988
8,3,4,ckd-0176,1,classical_rbf_svm,1,1.3298994644789486
8,3,4,ckd-0182,1,classical_rbf_svm,1,1.2927296916882542
8,3,4,ckd-0191,1,classical_rbf_svm,1,1.2343498820933232
8,3,4,ckd-0195,1,classical_rbf_svm,1,1.6477843179430136
8,3,4,ckd-0202,1,classical_rbf_svm,1,1.3805896938817974
8,3,4,ckd-0206,1,classical_rbf_svm,1,0.7527811165171618
8,3,4,ckd-0230,1,classical_rbf_svm,1,1.325991743267346
8,3,4,ckd-0232,1,classical_rbf_svm,1,1.5126259595245417
8,3,4,ckd-0236,1,classical_rbf_svm,1,1.415364088791057
8,3,4,ckd-0238,1,classical_rbf_svm,1,1.6963353727919195
8,3,4,ckd-0248,1,classical_rbf_svm,1,0.2985587281075326
8,3,4,ckd-0258,0,classical_rbf_svm,0,-1.0813537503004504
8,3,4,ckd-0266,0,classical_rbf_svm,0,-1.185034820907228
8,3,4,ckd-0267,0,classical_rbf_svm,0,-0.46804926231221655
8,3,4,ckd-0276,0,classical_rbf_svm,0,-1.13862458423014
8,3,4,ckd-0279,0,classical_rbf_svm,0,-1.042271727404617
8,3,4,ckd-0299,0,classical_rbf_svm,0,-1.0113579190038982
8,3,4,ckd-0304,0,classical_rbf_svm,0,-1.1537109659260243
8,3,4,ckd-0307,0,classical_rbf_svm,0,-1.1922081581348825
8,3,4,ckd-0310,0,classical_rbf_svm,0,-0.9196254710809904
8,3,4,ckd-0316,0,classical_rbf_svm,0,-1.2829464176530605
8,3,4,ckd-0318,0,classical_rbf_svm,0,-0.810179110120955
8,3,4,ckd-0319,0,classical_rbf_svm,0,-1.0393954095253677
8,3,4,ckd-0324,0,classical_rbf_svm,0,-1.402096460448377
8,3,4,ckd-0335,0,classical_rbf_svm,0,-1.3158511564957278
8,3,4,ckd-0340,0,classical_rbf_svm,0,-1.001236006562745
8,3,4,ckd-0349,0,classical_rbf_svm,0,-0.8816857961108029
8,3,4,ckd-0351,0,classical_rbf_svm,0,-1.3298360663050048
8,3,4,ckd-0353,0,classical_rbf_svm,0,-1.2586996267082426
8,3,4,ckd-0359,0,classical_rbf_svm,0,-0.7386533045933148
8,3,4,ckd-0361,0,classical_rbf_svm,0,-1.294418135445298
8,3,4,ckd-0382,0,classical_rbf_svm,0,-1.1413222267203422
8,3,4,ckd-0383,0,classical_rbf_svm,0,-1.2096310916193826
8,3,4,ckd-0391,0,classical_rbf_svm,0,-1.30160155753611
8,3,4,ckd-0400,0,classical_rbf_svm,0,-1.1994943314722208
8,3,4,ckd-0001,1,qsvc,1,0.892551586694435
8,3,4,ckd-0003,1,qsvc,1,0.95330444335502
8,3,4,ckd-0004,1,qsvc,1,0.9861605120688482
8,3,4,ckd-0006,1,qsvc,1,1.003695665382435
8,3,4,ckd-0010,1,qsvc,1,0.9391787644745775
8,3,4,ckd-0015,1,qsvc,1,0.9135426158151724
8,3,4,ckd-0024,1,qsvc,1,0.9121251149016739
8,3,4,ckd-0057,1,qsvc,1,1.009242377592176
8,3,4,ckd-0066,1,qsvc,1,0.04134636506034561
8,3,4,ckd-0072,1,qsvc,1,1.0179552999501773
8,3,4,ckd-0074,1,qsvc,1,0.9398842009962647
8,3,4,ckd-0086,1,qsvc,1,0.9327339865193127
8,3,4,ckd-0089,1,qsvc,1,1.01031992840211
8,3,4,ckd-0090,1,qsvc,1,0.8714883512292105
8,3,4,ckd-0094,1,qsvc,1,0.9967173473535965
8,3,4,ckd-0109,1,qsvc,1,1.358652069292667
8,3,4,ckd-0111,1,qsvc,1,1.2508371809717018
8,3,4,ckd-0112,1,qsvc,1,0.9951979386368454
8,3,4,ckd-0116,1,qsvc,1,0.09806711588198114
8,3,4,ckd-0121,1,qsvc,1,0.954302299209964
8,3,4,ckd-0128,1,qsvc,1,1.0026683498910403
8,3,4,ckd-0134,1,qsvc,1,1.0361896511197146
8,3,4,ckd-0136,1,qsvc,1,0.9789184494208077
8,3,4,ckd-0141,1,qsvc,1,0.8155958665005368
8,3,4,ckd-0156,1,qsvc,1,1.0301179753154814
8,3,4,ckd-0166,1,qsvc,1,0.8241312963543311
8,3,4,ckd-0171,1,qsvc,1,0.949121832894646
8,3,4,ckd-0173,1,qsvc,1,1.0337110538459218
8,3,4,ckd-0174,1,qsvc,1,1.0128374223255394
8,3,4,ckd-0176,1,qsvc,1,0.9645843508466465
8,3,4,ckd-0182,1,qsvc,1,0.9330028472686933
8,3,4,ckd-0191,1,qsvc,1,0.7512575575606703
8,3,4,ckd-0195,1,qsvc,1,1.0081916860450681
8,3,4,ckd-0202,1,qsvc,1,1.0321247420707038
8,3,4,ckd-0206,1,qsvc,1,0.9326031914572297
8,3,4,ckd-0230,1,qsvc,1,0.8970391939680855
8,3,4,ckd-0232,1,qsvc,1,1.075125398287808
8,3,4,ckd-0236,1,qsvc,1,1.0093126664005747
8,3,4,ckd-0238,1,qsvc,1,0.9602187656629672
8,3,4,ckd-0248,1,qsvc,1,0.9106325922429725
8,3,4,ckd-0258,0,qsvc,0,-1.202741389149528
8,3,4,ckd-0266,0,qsvc,0,-1.2139863882670243
8,3,4,ckd-0267,0,qsvc,0,-0.4727104010935155
8,3,4,ckd-0276,0,qsvc,0,-1.3374345230739617
8,3,4,ckd-0279,0,qsvc,0,-1.2867028093004114
8,3,4,ckd-0299,0,qsvc,0,-1.0085116137782402
8,3,4,ckd-0304,0,qsvc,0,-1.0584976042516696
8,3,4,ckd-0307,0,qsvc,0,-1.1224822993432597
8,3,4,ckd-0310,0,qsvc,0,-0.7841656396079759
8,3,4,ckd-0316,0,qsvc,0,-1.3162594406533057
8,3,4,ckd-0318,0,qsvc,0,-1.1907963875639995
8,3,4,ckd-0319,0,qsvc,0,-0.8634983551841502
8,3,4,ckd-0324,0,qsvc,0,-1.5643306498726235
8,3,4,ckd-0335,0,qsvc,0,-1.5116906256588558
8,3,4,ckd-0340,0,qsvc,0,-0.9583932949038803
8,3,4,ckd-0349,0,qsvc,0,-1.0001880422179263
8,3,4,ckd-0351,0,qsvc,0,-1.4460020901005806
8,3,4,ckd-0353,0,qsvc,0,-1.3665142738256766
8,3,4,ckd-0359,0,qsvc,0,-0.8373869060916814
8,3,4,ckd-0361,0,qsvc,0,-1.4395423524581397
8,3,4,ckd-0382,0,qsvc,0,-1.0400590257998763
8,3,4,ckd-0383,0,qsvc,0,-1.1307847214001223
8,3,4,ckd-0391,0,qsvc,0,-1.1170531662859235
8,3,4,ckd-0400,0,qsvc,0,-1.0783259974279533
8,3,5,ckd-0008,1,classical_rbf_svm,1,1.4123110392438005
8,3,5,ckd-0012,1,classical_rbf_svm,1,1.5371857732325713
8,3,5,ckd-0025,1,classical_rbf_svm,1,1.4775769698662482
8,3,5,ckd-0030,1,classical_rbf_svm,1,1.5209588698889311
8,3,5,ckd-0032,1,classical_rbf_svm,1,1.6042497624358516
8,3,5,ckd-0045,1,classical_rbf_svm,1,1.3895735836049043
8,3,5,ckd-0053,1,classical_rbf_svm,1,1.6959551497487098
8,3,5,ckd-0068,1,classical_rbf_svm,1,1.3873829091444299
8,3,5,ckd-0069,1,classical_rbf_svm,1,1.7189803174095704
8,3,5,ckd-0080,1,classical_rbf_svm,1,1.7254936781154586
8,3,5,ckd-0093,1,classical_rbf_svm,1,1.5746827970685553
8,3,5,ckd-0096,1,classical_rbf_svm,1,1.2939951064569357
8,3,5,ckd-0098,1,classical_rbf_svm,1,2.049289636672512
8,3,5,ckd-0101,1,classical_rbf_svm,1,1.357361686549498
8,3,5,ckd-0105,1,classical_rbf_svm,1,1.466363637720474
8,3,5,ckd-0107,1,classical_rbf_svm,1,1.2416700621247074
8,3,5,ckd-0113,1,classical_rbf_svm,1,1.5919404388104945
8,3,5,ckd-0114,1,classical_rbf_svm,1,1.3894164014321793
8,3,5,ckd-0117,1,classical_rbf_svm,1,1.3504259101253908
8,3,5,ckd-0125,1,classical_rbf_svm,1,1.7547170476765415
8,3,5,ckd-0129,1,classical_rbf_svm,1,1.193105621075161
8,3,5,ckd-0132,1,classical_rbf_svm,1,1.4250152241424696
8,3,5,ckd-0150,1,classical_rbf_svm,1,1.6711964692252113
8,3,5,ckd-0154,1,classical_rbf_svm,1,1.1727702615484747
8,3,5,ckd-0157,1,classical_rbf_svm,1,1.5637856297120596
8,3,5,ckd-0158,1,classical_rbf_svm,1,1.4916094116917815
8,3,5,ckd-0160,1,classical_rbf_svm,1,1.8529511733312214
8,3,5,ckd-0162,1,classical_rbf_svm,1,1.5731587703721042
8,3,5,ckd-0181,1,classical_rbf_svm,1,1.732460240713933
8,3,5,ckd-0185,1,classical_rbf_svm,1,1.6941115454270257
8,3,5,ckd-0194,1,classical_rbf_svm,1,1.0376673212099312
8,3,5,ckd-0200,1,classical_rbf_svm,1,1.6538299705341404
8,3,5,ckd-0214,1,classical_rbf_svm,1,1.6056146687171373
8,3,5,ckd-0215,1,classical_rbf_svm,1,0.5950513597881832
8,3,5,ckd-0227,1,classical_rbf_svm,1,1.2215202224959183
8,3,5,ckd-0228,1,classical_rbf_svm,1,1.8054626040787807
8,3,5,ckd-0231,1,classical_rbf_svm,1,1.7782765126798523
8,3,5,ckd-0233,1,classical_rbf_svm,1,0.9455693741209545
8,3,5,ckd-0234,1,classical_rbf_svm,1,1.4999507683930782
8,3,5,ckd-0249,1,classical_rbf_svm,1,1.803949013351772
8,3,5,ckd-0260,0,classical_rbf_svm,0,-1.2906954464064055
8,3,5,ckd-0265,0,classical_rbf_svm,0,-1.2346692680840166
8,3,5,ckd-0282,0,classical_rbf_svm,0,-1.1808710412101928
8,3,5,ckd-0283,0,classical_rbf_svm,0,-1.1009935827399522
8,3,5,ckd-0288,0,classical_rbf_svm,0,-0.9589667827379126
8,3,5,ckd-0289,0,classical_rbf_svm,0,-1.3721195402279593
8,3,5,ckd-0292,0,classical_rbf_svm,0,-1.118817705209481
8,3,5,ckd-0297,0,classical_rbf_svm,0,-1.116235410914542
8,3,5,ckd-0300,0,classical_rbf_svm,0,-1.2435844178524884
8,3,5,ckd-0312,0,classical_rbf_svm,0,-1.138363093063389
8,3,5,ckd-0320,0,classical_rbf_svm,0,-0.09620835917429493
8,3,5,ckd-0325,0,classical_rbf_svm,0,-0.12281048545433959
8,3,5,ckd-0326,0,classical_rbf_svm,0,-1.1417026341312293
8,3,5,ckd-0327,0,classical_rbf_svm,0,-1.0570260862340293
8,3,5,ckd-0332,0,classical_rbf_svm,0,-1.1526015376249372
8,3,5,ckd-0342,0,classical_rbf_svm,0,-0.7755636268381786
8,3,5,ckd-0358,0,classical_rbf_svm,0,-0.9106407261895061
8,3,5,ckd-0365,0,classical_rbf_svm,0,-1.366478634782951
8,3,5,ckd-0367,0,classical_rbf_svm,0,-1.4259179547080354
8,3,5,ckd-0370,0,classical_rbf_svm,0,-0.9878035316621138
8,3,5,ckd-0373,0,classical_rbf_svm,0,-1.2219035707303498
8,3,5,ckd-0381,0,classical_rbf_svm,0,-1.105229697644912
8,3,5,ckd-0384,0,classical_rbf_svm,0,-1.2891010529318057
8,3,5,ckd-0395,0,classical_rbf_svm,0,-1.0634238186056715
8,3,5,ckd-0008,1,qsvc,1,0.9731061804359569
8,3,5,ckd-0012,1,qsvc,1,0.9821710100095771
8,3,5,ckd-0025,1,qsvc,1,0.9894652988705757
8,3,5,ckd-0030,1,qsvc,1,0.5313965924849743
8,3,5,ckd-0032,1,qsvc,1,0.9910855811695612
8,3,5,ckd-0045,1,qsvc,1,1.0020923516907296
8,3,5,ckd-0053,1,qsvc,1,1.100851293995899
8,3,5,ckd-0068,1,qsvc,1,0.967826999441833
8,3,5,ckd-0069,1,qsvc,1,0.9937617538477174
8,3,5,ckd-0080,1,qsvc,1,0.9549474597063624
8,3,5,ckd-0093,1,qsvc,1,1.0123069490741619
8,3,5,ckd-0096,1,qsvc,1,1.0429574224627916
8,3,5,ckd-0098,1,qsvc,1,0.9813660182970739
8,3,5,ckd-0101,1,qsvc,1,1.3754852646081814
8,3,5,ckd-0105,1,qsvc,1,1.0148430728890037
8,3,5,ckd-0107,1,qsvc,1,1.0177864661102756
8,3,5,ckd-0113,1,qsvc,1,1.0294935608072402
8,3,5,ckd-0114,1,qsvc,1,1.0205471844029443
8,3,5,ckd-0117,1,qsvc,1,1.367961597565429
8,3,5,ckd-0125,1,qsvc,1,1.0301450169144704
8,3,5,ckd-0129,1,qsvc,1,1.0196372806642078
8,3,5,ckd-0132,1,qsvc,1,1.278292013255331
8,3,5,ckd-0150,1,qsvc,1,1.0200113869668657
8,3,5,ckd-0154,1,qsvc,1,0.9506174561325279
8,3,5,ckd-0157,1,qsvc,1,0.9463365708445806
8,3,5,ckd-0158,1,qsvc,1,1.0010508160063796
8,3,5,ckd-0160,1,qsvc,1,1.0143715016395332
8,3,5,ckd-0162,1,qsvc,1,0.9945845721219427
8,3,5,ckd-0181,1,qsvc,1,0.8729299376821447
8,3,5,ckd-0185,1,qsvc,1,0.9892468946761538
8,3,5,ckd-0194,1,qsvc,1,0.9278924395147613
8,3,5,ckd-0200,1,qsvc,1,1.0120789299629604
8,3,5,ckd-0214,1,qsvc,1,1.0126349162257209
8,3,5,ckd-0215,1,qsvc,1,1.0332480033262652
8,3,5,ckd-0227,1,qsvc,1,1.0037579927047178
8,3,5,ckd-0228,1,qsvc,1,1.0395044411059038
8,3,5,ckd-0231,1,qsvc,1,0.9859092060583969
8,3,5,ckd-0233,1,qsvc,1,1.185730503412287
8,3,5,ckd-0234,1,qsvc,1,0.9504608685368032
8,3,5,ckd-0249,1,qsvc,1,1.0113435778032775
8,3,5,ckd-0260,0,qsvc,0,-1.5582454090155586
8,3,5,ckd-0265,0,qsvc,0,-1.3266723784964758
8,3,5,ckd-0282,0,qsvc,0,-1.3375900930999864
8,3,5,ckd-0283,0,qsvc,0,-1.5389889867663387
8,3,5,ckd-0288,0,qsvc,0,-0.7755686448670079
8,3,5,ckd-0289,0,qsvc,0,-1.315785167348622
8,3,5,ckd-0292,0,qsvc,0,-1.2264766854956237
8,3,5,ckd-0297,0,qsvc,0,-1.1531552300455656
8,3,5,ckd-0300,0,qsvc,0,-1.1586208293547426
8,3,5,ckd-0312,0,qsvc,0,-1.1752401118766418
8,3,5,ckd-0320,0,qsvc,1,0.16129390821150424
8,3,5,ckd-0325,0,qsvc,1,0.14268112071461447
8,3,5,ckd-0326,0,qsvc,0,-1.2486797870576605
8,3,5,ckd-0327,0,qsvc,0,-1.463776881288418
8,3,5,ckd-0332,0,qsvc,0,-1.1718891810608487
8,3,5,ckd-0342,0,qsvc,0,-0.4146459691537888
8,3,5,ckd-0358,0,qsvc,0,-0.7168344007183401
8,3,5,ckd-0365,0,qsvc,0,-1.5289345271037753
8,3,5,ckd-0367,0,qsvc,0,-1.5643415857072531
8,3,5,ckd-0370,0,qsvc,0,-1.3249907680212272
8,3,5,ckd-0373,0,qsvc,0,-1.1571132383722027
8,3,5,ckd-0381,0,qsvc,0,-0.9690878274872731
8,3,5,ckd-0384,0,qsvc,0,-1.2392830500550454
8,3,5,ckd-0395,0,qsvc,0,-1.4482225753225881
8,4,1,ckd-0002,1,classical_rbf_svm,1,1.3782923986702105
8,4,1,ckd-0003,1,classical_rbf_svm,1,1.7744672577623004
8,4,1,ckd-0006,1,classical_rbf_svm,1,1.8595657708035742
8,4,1,ckd-0012,1,classical_rbf_svm,1,1.6327120576702119
8,4,1,ckd-0014,1,classical_rbf_svm,1,1.7314800875003318
8,4,1,ckd-0024,1,classical_rbf_svm,1,1.4683723448921855
8,4,1,ckd-0028,1,classical_rbf_svm,1,1.7943141101650446
8,4,1,ckd-0051,1,classical_rbf_svm,1,1.7597159570682863
8,4,1,ckd-0053,1,classical_rbf_svm,1,1.6000641422356203
8,4,1,ckd-0055,1,classical_rbf_svm,1,1.8212386042114663
8,4,1,ckd-0058,1,classical_rbf_svm,1,1.5487768110933158
8,4,1,ckd-0060,1,classical_rbf_svm,1,1.5266708358911136
8,4,1,ckd-0083,1,classical_rbf_svm,1,0.7867246930482977
8,4,1,ckd-0085,1,classical_rbf_svm,1,1.1277067643213732
8,4,1,ckd-0086,1,classical_rbf_svm,1,1.8880295921184482
8,4,1,ckd-0096,1,classical_rbf_svm,1,1.334589845511538
8,4,1,ckd-0102,1,classical_rbf_svm,1,1.793403863854497
8,4,1,ckd-0126,1,classical_rbf_svm,1,1.4096194769353527
8,4,1,ckd-0129,1,classical_rbf_svm,1,1.244258387183963
8,4,1,ckd-0132,1,classical_rbf_svm,1,1.5600572361567413
8,4,1,ckd-0141,1,classical_rbf_svm,1,1.3314626593085301
8,4,1,ckd-0150,1,classical_rbf_svm,1,1.5573641593567378
8,4,1,ckd-0156,1,classical_rbf_svm,1,1.4587234689276327
8,4,1,ckd-0171,1,classical_rbf_svm,1,1.987806864312124
8,4,1,ckd-0172,1,classical_rbf_svm,1,1.4731267090949465
8,4,1,ckd-0174,1,classical_rbf_svm,1,1.1871318149411878
8,4,1,ckd-0175,1,classical_rbf_svm,1,1.076798414725344
8,4,1,ckd-0177,1,classical_rbf_svm,1,1.2344014935826406
8,4,1,ckd-0181,1,classical_rbf_svm,1,1.8640616535534562
8,4,1,ckd-0184,1,classical_rbf_svm,1,1.2309268023638469
8,4,1,ckd-0188,1,classical_rbf_svm,1,1.839139517453781
8,4,1,ckd-0189,1,classical_rbf_svm,1,0.17690690263502606
8,4,1,ckd-0190,1,classical_rbf_svm,1,1.3134136742088165
8,4,1,ckd-0192,1,classical_rbf_svm,1,1.3877654126705172
8,4,1,ckd-0194,1,classical_rbf_svm,1,1.0702893626871017
8,4,1,ckd-0208,1,classical_rbf_svm,1,1.825425163430033
8,4,1,ckd-0222,1,classical_rbf_svm,1,1.470081042551538
8,4,1,ckd-0226,1,classical_rbf_svm,1,1.7653732998681346
8,4,1,ckd-0227,1,classical_rbf_svm,1,1.2690262639889234
8,4,1,ckd-0248,1,classical_rbf_svm,1,0.37025191382125766
8,4,1,ckd-0270,0,classical_rbf_svm,0,-1.3936131749874
8,4,1,ckd-0271,0,classical_rbf_svm,0,-1.0644391618541729
8,4,1,ckd-0272,0,classical_rbf_svm,0,-1.0705372239336088
8,4,1,ckd-0292,0,classical_rbf_svm,0,-1.151138755025006
8,4,1,ckd-0308,0,classical_rbf_svm,0,-0.9097584764570095
8,4,1,ckd-0313,0,classical_rbf_svm,0,-1.2579553686909657
8,4,1,ckd-0315,0,classical_rbf_svm,0,-1.2113198136942063
8,4,1,ckd-0322,0,classical_rbf_svm,0,-1.1066406467901695
8,4,1,ckd-0326,0,classical_rbf_svm,0,-1.1121639403211359
8,4,1,ckd-0327,0,classical_rbf_svm,0,-1.0172699040281463
8,4,1,ckd-0341,0,classical_rbf_svm,0,-1.204848290684701
8,4,1,ckd-0345,0,classical_rbf_svm,0,-0.9378265672581587
8,4,1,ckd-0352,0,classical_rbf_svm,0,-0.9014670940236622
8,4,1,ckd-0355,0,classical_rbf_svm,0,-1.1368443301206894
8,4,1,ckd-0362,0,classical_rbf_svm,0,-0.9456535373547592
8,4,1,ckd-0363,0,classical_rbf_svm,0,-1.0753772360345626
8,4,1,ckd-0364,0,classical_rbf_svm,0,-1.1165242104671163
8,4,1,ckd-0365,0,classical_rbf_svm,0,-1.3721703242361172
8,4,1,ckd-0367,0,classical_rbf_svm,0,-1.4151710792129633
8,4,1,ckd-0373,0,classical_rbf_svm,0,-1.1656081491146995
8,4,1,ckd-0376,0,classical_rbf_svm,0,-1.2852888526831663
8,4,1,ckd-0382,0,classical_rbf_svm,0,-1.1149333027354258
8,4,1,ckd-0389,0,classical_rbf_svm,0,-1.2508101855501117
8,4,1,ckd-0397,0,classical_rbf_svm,0,-1.0134581841659065
8,4,1,ckd-0002,1,qsvc,1,0.09801268200848756
8,4,1,ckd-0003,1,qsvc,1,0.9314505382279066
8,4,1,ckd-0006,1,qsvc,1,1.0109412037021306
8,4,1,ckd-0012,1,qsvc,1,0.9837705554938166
8,4,1,ckd-0014,1,qsvc,1,0.9490333583271744
8,4,1,ckd-0024,1,qsvc,1,0.9565155502135071
8,4,1,ckd-0028,1,qsvc,1,1.004354696267084
8,4,1,ckd-0051,1,qsvc,1,0.983735862656437
8,4,1,ckd-0053,1,qsvc,1,1.0922533728669848
8,4,1,ckd-0055,1,qsvc,1,1.0447416570832702
8,4,1,ckd-0058,1,qsvc,1,0.9667202359655769
8,4,1,ckd-0060,1,qsvc,1,0.988011281791086
8,4,1,ckd-0083,1,qsvc,1,0.9927469521501424
8,4,1,ckd-0085,1,qsvc,1,0.9102824110266968
8,4,1,ckd-0086,1,qsvc,1,0.9339386524480056
8,4,1,ckd-0096,1,qsvc,1,0.9982271513425172
8,4,1,ckd-0102,1,qsvc,1,0.9736393619564565
8,4,1,ckd-0126,1,qsvc,1,1.009274162977763
8,4,1,ckd-0129,1,qsvc,1,1.0129613691188275
8,4,1,ckd-0132,1,qsvc,1,1.2080768144752472
8,4,1,ckd-0141,1,qsvc,1,0.8888503558734658
8,4,1,ckd-0150,1,qsvc,1,1.0205690918022003
8,4,1,ckd-0156,1,qsvc,1,0.7378540599291877
8,4,1,ckd-0171,1,qsvc,1,0.9528583588922259
8,4,1,ckd-0172,1,qsvc,1,0.9216153062856178
8,4,1,ckd-0174,1,qsvc,1,0.9736934427298436
8,4,1,ckd-0175,1,qsvc,1,0.8861051152705673
8,4,1,ckd-0177,1,qsvc,0,-0.22740499356424004
8,4,1,ckd-0181,1,qsvc,1,0.8635178412565725
8,4,1,ckd-0184,1,qsvc,1,1.010381928934729
8,4,1,ckd-0188,1,qsvc,1,1.0204993410346748
8,4,1,ckd-0189,1,qsvc,1,0.027732811129144608
8,4,1,ckd-0190,1,qsvc,1,1.0010568397587143
8,4,1,ckd-0192,1,qsvc,1,0.9911930166518282
8,4,1,ckd-0194,1,qsvc,1,0.970655584520993
8,4,1,ckd-0208,1,qsvc,1,0.9949550419945572
8,4,1,ckd-0222,1,qsvc,1,1.0277118154478722
8,4,1,ckd-0226,1,qsvc,1,1.017335512754956
8,4,1,ckd-0227,1,qsvc,1,0.9992475077774806
8,4,1,ckd-0248,1,qsvc,1,0.9681673798791849
8,4,1,ckd-0270,0,qsvc,0,-1.5117684727397895
8,4,1,ckd-0271,0,qsvc,0,-0.9363135006482969
8,4,1,ckd-0272,0,qsvc,0,-0.8848475785514766
8,4,1,ckd-0292,0,qsvc,0,-1.1166321890363995
8,4,1,ckd-0308,0,qsvc,0,-1.2570120807711693
8,4,1,ckd-0313,0,qsvc,0,-1.3906315675926706
8,4,1,ckd-0315,0,qsvc,0,-1.1694793339337086
8,4,1,ckd-0322,0,qsvc,0,-1.1756898487161593
8,4,1,ckd-0326,0,qsvc,0,-0.9764371412422032
8,4,1,ckd-0327,0,qsvc,0,-1.293227056313297
8,4,1,ckd-0341,0,qsvc,0,-1.2203103704906417
8,4,1,ckd-0345,0,qsvc,0,-1.327427696146258
8,4,1,ckd-0352,0,qsvc,0,-0.7260773485218946
8,4,1,ckd-0355,0,qsvc,0,-1.0258118520989
8,4,1,ckd-0362,0,qsvc,0,-0.3591152896866777
8,4,1,ckd-0363,0,qsvc,0,-0.9973288025961201
8,4,1,ckd-0364,0,qsvc,0,-0.798606409030555
8,4,1,ckd-0365,0,qsvc,0,-1.5059035353540988
8,4,1,ckd-0367,0,qsvc,0,-1.5501001044884721
8,4,1,ckd-0373,0,qsvc,0,-1.045029710674084
8,4,1,ckd-0376,0,qsvc,0,-1.384158920346136
8,4,1,ckd-0382,0,qsvc,0,-0.8437673166421705
8,4,1,ckd-0389,0,qsvc,0,-1.4727466301865126
8,4,1,ckd-0397,0,qsvc,0,-0.8706309779706555
8,4,2,ckd-0007,1,classical_rbf_svm,1,1.1735163529796773
8,4,2,ckd-0019,1,classical_rbf_svm,1,0.8143527454161741
8,4,2,ckd-0020,1,classical_rbf_svm,1,1.7042148110087787
8,4,2,ckd-0021,1,classical_rbf_svm,1,1.401680152905084
8,4,2,ckd-0023,1,classical_rbf_svm,1,1.2471052005268308
8,4,2,ckd-0030,1,classical_rbf_svm,1,1.6589506353072754
8,4,2,ckd-0045,1,classical_rbf_svm,1,1.3796516776390861
8,4,2,ckd-0047,1,classical_rbf_svm,1,1.3682548479317278
8,4,2,ckd-0048,1,classical_rbf_svm,1,1.3956494138147175
8,4,2,ckd-0049,1,classical_rbf_svm,1,1.467572340487513
8,4,2,ckd-0077,1,classical_rbf_svm,1,1.2134805296120459
8,4,2,ckd-0088,1,classical_rbf_svm,1,1.5546846634025488
8,4,2,ckd-0089,1,classical_rbf_svm,1,1.5017429025231066
8,4,2,ckd-0090,1,classical_rbf_svm,1,0.21255307693874204
8,4,2,ckd-0091,1,classical_rbf_svm,1,1.7952179282332907
8,4,2,ckd-0097,1,classical_rbf_svm,1,1.9137133564671829
8,4,2,ckd-0114,1,classical_rbf_svm,1,1.3504042530690825
8,4,2,ckd-0127,1,classical_rbf_svm,1,1.8390354957087687
8,4,2,ckd-0130,1,classical_rbf_svm,1,1.071236529355043
8,4,2,ckd-0136,1,classical_rbf_svm,1,1.2886032489130939
8,4,2,ckd-0154,1,classical_rbf_svm,1,1.132433455199375
8,4,2,ckd-0167,1,classical_rbf_svm,1,0.38984089326605
8,4,2,ckd-0169,1,classical_rbf_svm,1,1.5746077061330834
8,4,2,ckd-0170,1,classical_rbf_svm,1,1.5688626970368267
8,4,2,ckd-0173,1,classical_rbf_svm,1,1.8074982306318348
8,4,2,ckd-0178,1,classical_rbf_svm,1,1.6847199731183922
8,4,2,ckd-0180,1,classical_rbf_svm,1,1.7651896037238077
8,4,2,ckd-0183,1,classical_rbf_svm,1,0.5103027155483524
8,4,2,ckd-0186,1,classical_rbf_svm,1,0.7714383960065201
8,4,2,ckd-0196,1,classical_rbf_svm,1,1.4334659073536244
8,4,2,ckd-0198,1,classical_rbf_svm,1,1.4319749760042453
8,4,2,ckd-0201,1,classical_rbf_svm,1,1.2981912838023835
8,4,2,ckd-0205,1,classical_rbf_svm,1,1.1357777160219145
8,4,2,ckd-0210,1,classical_rbf_svm,1,0.08152773210198971
8,4,2,ckd-0211,1,classical_rbf_svm,1,1.0407467977466114
8,4,2,ckd-0219,1,classical_rbf_svm,1,1.0709696749463522
8,4,2,ckd-0230,1,classical_rbf_svm,1,1.3584742378886918
8,4,2,ckd-0234,1,classical_rbf_svm,1,1.4667147053309861
8,4,2,ckd-0246,1,classical_rbf_svm,1,1.1760608566318824
8,4,2,ckd-0249,1,classical_rbf_svm,1,1.9709686391983632
8,4,2,ckd-0251,0,classical_rbf_svm,0,-1.3522107878767704
8,4,2,ckd-0262,0,classical_rbf_svm,0,-1.068463886695905
8,4,2,ckd-0263,0,classical_rbf_svm,0,-1.1722971313852808
8,4,2,ckd-0265,0,classical_rbf_svm,0,-1.204343108008846
8,4,2,ckd-0266,0,classical_rbf_svm,0,-1.1812843522781007
8,4,2,ckd-0273,0,classical_rbf_svm,0,-1.1858297871909742
8,4,2,ckd-0274,0,classical_rbf_svm,0,-0.30190332323077584
8,4,2,ckd-0279,0,classical_rbf_svm,0,-1.0721450663771823
8,4,2,ckd-0282,0,classical_rbf_svm,0,-1.1884822935288049
8,4,2,ckd-0288,0,classical_rbf_svm,0,-1.0110901320032326
8,4,2,ckd-0299,0,classical_rbf_svm,0,-1.00820865566972
8,4,2,ckd-0300,0,classical_rbf_svm,0,-1.2119872471619386
8,4,2,ckd-0306,0,classical_rbf_svm,0,-1.0812325937931488
8,4,2,ckd-0312,0,classical_rbf_svm,0,-1.1459643964268649
8,4,2,ckd-0320,0,classical_rbf_svm,0,-0.2890874494034835
8,4,2,ckd-0324,0,classical_rbf_svm,0,-1.3569064792905396
8,4,2,ckd-0342,0,classical_rbf_svm,0,-0.8712779885536229
8,4,2,ckd-0344,0,classical_rbf_svm,0,-1.2925557230472164
8,4,2,ckd-0350,0,classical_rbf_svm,0,-1.2147847083897134
8,4,2,ckd-0358,0,classical_rbf_svm,0,-0.9763471504440188
8,4,2,ckd-0366,0,classical_rbf_svm,0,-0.29557676847675796
8,4,2,ckd-0379,0,classical_rbf_svm,0,-1.2399722883434472
8,4,2,ckd-0387,0,classical_rbf_svm,0,-1.3057897175809954
8,4,2,ckd-0393,0,classical_rbf_svm,0,-1.196888274535385
8,4,2,ckd-0007,1,qsvc,1,1.1103322098092712
8,4,2,ckd-0019,1,qsvc,1,1.0288051999782528
8,4,2,ckd-0020,1,qsvc,1,0.9962340017057827
8,4,2,ckd-0021,1,qsvc,1,0.9264396108230388
8,4,2,ckd-0023,1,qsvc,1,0.9158827239489029
8,4,2,ckd-0030,1,qsvc,1,0.4367391600769829
8,4,2,ckd-0045,1,qsvc,1,1.005361416071752
8,4,2,ckd-0047,1,qsvc,1,1.1401644362651666
8,4,2,ckd-0048,1,qsvc,1,0.2695361206245066
8,4,2,ckd-0049,1,qsvc,1,1.0199632246577055
8,4,2,ckd-0077,1,qsvc,1,0.9316208133177302
8,4,2,ckd-0088,1,qsvc,1,1.0084432326777062
8,4,2,ckd-0089,1,qsvc,1,1.0044634344249341
8,4,2,ckd-0090,1,qsvc,1,0.7572873925073169
8,4,2,ckd-0091,1,qsvc,1,1.0256320351152233
8,4,2,ckd-0097,1,qsvc,1,1.0256137532631273
8,4,2,ckd-0114,1,qsvc,1,0.9746131484061664
8,4,2,ckd-0127,1,qsvc,1,0.9976547688801344
8,4,2,ckd-0130,1,qsvc,1,0.9560409466309269
8,4,2,ckd-0136,1,qsvc,1,0.9603648697714071
8,4,2,ckd-0154,1,qsvc,1,0.9490491721079178
8,4,2,ckd-0167,1,qsvc,1,0.8356427103482236
8,4,2,ckd-0169,1,qsvc,1,1.0134793249007286
8,4,2,ckd-0170,1,qsvc,1,0.9346653090316153
8,4,2,ckd-0173,1,qsvc,1,1.0357482882297446
8,4,2,ckd-0178,1,qsvc,1,1.0002965209424313
8,4,2,ckd-0180,1,qsvc,1,1.0242680025063606
8,4,2,ckd-0183,1,qsvc,1,0.9140340717059869
8,4,2,ckd-0186,1,qsvc,1,0.7708123268819084
8,4,2,ckd-0196,1,qsvc,1,0.9523086970879362
8,4,2,ckd-0198,1,qsvc,1,1.002316599118391
8,4,2,ckd-0201,1,qsvc,1,1.027430774650119
8,4,2,ckd-0205,1,qsvc,1,0.8860436496754477
8,4,2,ckd-0210,1,qsvc,1,0.38084610200287855
8,4,2,ckd-0211,1,qsvc,1,0.9397119550590362
8,4,2,ckd-0219,1,qsvc,1,1.1923174183718332
8,4,2,ckd-0230,1,qsvc,1,0.8705485641596761
8,4,2,ckd-0234,1,qsvc,1,1.001038082275888
8,4,2,ckd-0246,1,qsvc,1,0.8457847573746882
8,4,2,ckd-0249,1,qsvc,1,1.0160516882654638
8,4,2,ckd-0251,0,qsvc,0,-1.5552926828361908
8,4,2,ckd-0262,0,qsvc,0,-0.979826592264799
8,4,2,ckd-0263,0,qsvc,0,-1.4752976589868836
8,4,2,ckd-0265,0,qsvc,0,-1.3894545300192505
8,4,2,ckd-0266,0,qsvc,0,-1.4806092251533296
8,4,2,ckd-0273,0,qsvc,0,-1.2782226850394944
8,4,2,ckd-0274,0,qsvc,1,0.056626679037770855
8,4,2,ckd-0279,0,qsvc,0,-1.4045822856251609
8,4,2,ckd-0282,0,qsvc,0,-1.3409697167798122
8,4,2,ckd-0288,0,qsvc,0,-0.645117461896152
8,4,2,ckd-0299,0,qsvc,0,-1.3240993043587408
8,4,2,ckd-0300,0,qsvc,0,-1.2144988329330935
8,4,2,ckd-0306,0,qsvc,0,-0.9380863707588111
8,4,2,ckd-0312,0,qsvc,0,-1.1166991319487862
8,4,2,ckd-0320,0,qsvc,1,0.06635405150708806
8,4,2,ckd-0324,0,qsvc,0,-1.6124918469198275
8,4,2,ckd-0342,0,qsvc,0,-0.2433823576363333
8,4,2,ckd-0344,0,qsvc,0,-1.34747564462789
8,4,2,ckd-0350,0,qsvc,0,-1.0364368761828655
8,4,2,ckd-0358,0,qsvc,0,-0.5792584037259135
8,4,2,ckd-0366,0,qsvc,1,0.06121859296627852
8,4,2,ckd-0379,0,qsvc,0,-1.416458655109441
8,4,2,ckd-0387,0,qsvc,0,-1.4028905669106146
8,4,2,ckd-0393,0,qsvc,0,-1.5596666361666958
8,4,3,ckd-0008,1,classical_rbf_svm,1,1.4552475449458473
8,4,3,ckd-0022,1,classical_rbf_svm,1,0.9635992168218118
8,4,3,ckd-0027,1,classical_rbf_svm,1,1.9263824912603944
8,4,3,ckd-0031,1,classical_rbf_svm,1,1.4113714241692699
8,4,3,ckd-0036,1,classical_rbf_svm,1,1.969223981752502
8,4,3,ckd-0040,1,classical_rbf_svm,1,1.8076614861710316
8,4,3,ckd-0052,1,classical_rbf_svm,1,1.738403596483026
8,4,3,ckd-0057,1,classical_rbf_svm,1,1.3301137658355922
8,4,3,ckd-0063,1,classical_rbf_svm,1,1.7410586508587986
8,4,3,ckd-0064,1,classical_rbf_svm,1,1.5875142267835032
8,4,3,ckd-0068,1,classical_rbf_svm,1,1.434578450788687
8,4,3,ckd-0069,1,classical_rbf_svm,1,1.7978182769036835
8,4,3,ckd-0073,1,classical_rbf_svm,1,1.6506803392415414
8,4,3,ckd-0079,1,classical_rbf_svm,1,1.6584794695033298
8,4,3,ckd-0081,1,classical_rbf_svm,1,1.778927436892911
8,4,3,ckd-0092,1,classical_rbf_svm,1,1.0757787604072995
8,4,3,ckd-0099,1,classical_rbf_svm,1,1.1908485861660498
8,4,3,ckd-0101,1,classical_rbf_svm,1,1.4159918116939387
8,4,3,ckd-0108,1,classical_rbf_svm,1,2.057871898497556
8,4,3,ckd-0117,1,classical_rbf_svm,1,1.4043307545277988
8,4,3,ckd-0120,1,classical_rbf_svm,1,1.187025617447414
8,4,3,ckd-0121,1,classical_rbf_svm,1,1.0889865552700433
8,4,3,ckd-0123,1,classical_rbf_svm,1,1.15605645222757
8,4,3,ckd-0131,1,classical_rbf_svm,1,1.185943398876859
8,4,3,ckd-0134,1,classical_rbf_svm,1,1.4866285675133457
8,4,3,ckd-0140,1,classical_rbf_svm,1,1.897234217669033
8,4,3,ckd-0152,1,classical_rbf_svm,1,1.8464830681766933
8,4,3,ckd-0158,1,classical_rbf_svm,1,1.5041118173443817
8,4,3,ckd-0160,1,classical_rbf_svm,1,1.872843808082094
8,4,3,ckd-0185,1,classical_rbf_svm,1,1.7124294860420983
8,4,3,ckd-0193,1,classical_rbf_svm,1,0.5408880464925353
8,4,3,ckd-0197,1,classical_rbf_svm,1,1.0695181813223191
8,4,3,ckd-0203,1,classical_rbf_svm,1,1.6033641921714366
8,4,3,ckd-0207,1,classical_rbf_svm,1,1.497352441050785
8,4,3,ckd-0214,1,classical_rbf_svm,1,1.6219982601181808
8,4,3,ckd-0215,1,classical_rbf_svm,1,0.5528986350784961
8,4,3,ckd-0218,1,classical_rbf_svm,1,1.7765447653853235
8,4,3,ckd-0220,1,classical_rbf_svm,1,1.66725360137856
8,4,3,ckd-0224,1,classical_rbf_svm,1,1.5798008564453443
8,4,3,ckd-0247,1,classical_rbf_svm,1,1.044867072157696
8,4,3,ckd-0253,0,classical_rbf_svm,0,-1.4590718103570723
8,4,3,ckd-0258,0,classical_rbf_svm,0,-1.110601399570823
8,4,3,ckd-0267,0,classical_rbf_svm,0,-0.4715598516045697
8,4,3,ckd-0276,0,classical_rbf_svm,0,-1.2036693327081331
8,4,3,ckd-0285,0,classical_rbf_svm,0,-1.1023473839112232
8,4,3,ckd-0289,0,classical_rbf_svm,0,-1.3444630116971896
8,4,3,ckd-0294,0,classical_rbf_svm,0,-1.2606897120229226
8,4,3,ckd-0297,0,classical_rbf_svm,0,-1.1277918716781885
8,4,3,ckd-0298,0,classical_rbf_svm,0,-1.4264987128415267
8,4,3,ckd-0303,0,classical_rbf_svm,0,-1.2495648099339296
8,4,3,ckd-0307,0,classical_rbf_svm,0,-1.1809349556460371
8,4,3,ckd-0328,0,classical_rbf_svm,0,-1.066155282950267
8,4,3,ckd-0334,0,classical_rbf_svm,0,-1.112881155482175
8,4,3,ckd-0339,0,classical_rbf_svm,0,-1.1045902492105744
8,4,3,ckd-0359,0,classical_rbf_svm,0,-0.7220331998804693
8,4,3,ckd-0368,0,classical_rbf_svm,0,-1.123745215461902
8,4,3,ckd-0369,0,classical_rbf_svm,0,-1.4093752204144718
8,4,3,ckd-0374,0,classical_rbf_svm,0,-1.237833719504911
8,4,3,ckd-0377,0,classical_rbf_svm,0,-1.1166912543326175
8,4,3,ckd-0378,0,classical_rbf_svm,0,-1.1272109552660439
8,4,3,ckd-0381,0,classical_rbf_svm,0,-1.070015432510821
8,4,3,ckd-0383,0,classical_rbf_svm,0,-1.202434168435793
8,4,3,ckd-0388,0,classical_rbf_svm,0,-1.2684795548200887
8,4,3,ckd-0395,0,classical_rbf_svm,0,-1.0821862729070366
8,4,3,ckd-0008,1,qsvc,1,0.9690726375596802
8,4,3,ckd-0022,1,qsvc,1,0.9771746073732774
8,4,3,ckd-0027,1,qsvc,1,1.0150436533698364
8,4,3,ckd-0031,1,qsvc,1,0.950523592739003
8,4,3,ckd-0036,1,qsvc,1,0.9660279373627508
8,4,3,ckd-0040,1,qsvc,1,0.9932241415492323
8,4,3,ckd-0052,1,qsvc,1,1.011743530517332
8,4,3,ckd-0057,1,qsvc,1,0.9672445021213036
8,4,3,ckd-0063,1,qsvc,1,0.965790519199386
8,4,3,ckd-0064,1,qsvc,1,0.9041418139778431
8,4,3,ckd-0068,1,qsvc,1,0.9646149055745307
8,4,3,ckd-0069,1,qsvc,1,1.01574778920816
8,4,3,ckd-0073,1,qsvc,1,0.9426468828284129
8,4,3,ckd-0079,1,qsvc,1,0.9918082835387853
8,4,3,ckd-0081,1,qsvc,1,1.011024696183613
8,4,3,ckd-0092,1,qsvc,1,0.602653915830524
8,4,3,ckd-0099,1,qsvc,1,0.984162262018313
8,4,3,ckd-0101,1,qsvc,1,1.4203630072382716
8,4,3,ckd-0108,1,qsvc,1,1.0206331419358288
8,4,3,ckd-0117,1,qsvc,1,1.3951039356552881
8,4,3,ckd-0120,1,qsvc,1,0.9278340582900241
8,4,3,ckd-0121,1,qsvc,1,0.9696487759524971
8,4,3,ckd-0123,1,qsvc,1,0.38327096508322395
8,4,3,ckd-0131,1,qsvc,1,0.9187943191896109
8,4,3,ckd-0134,1,qsvc,1,0.9759402583064606
8,4,3,ckd-0140,1,qsvc,1,0.9831202566563984
8,4,3,ckd-0152,1,qsvc,1,1.0292412195927199
8,4,3,ckd-0158,1,qsvc,1,0.9813917987041967
8,4,3,ckd-0160,1,qsvc,1,0.9967535018680116
8,4,3,ckd-0185,1,qsvc,1,0.9997885578214831
8,4,3,ckd-0193,1,qsvc,1,1.4157958477653945
8,4,3,ckd-0197,1,qsvc,1,0.931502664469084
8,4,3,ckd-0203,1,qsvc,1,0.47757395639099026
8,4,3,ckd-0207,1,qsvc,1,0.9462818930652165
8,4,3,ckd-0214,1,qsvc,1,0.9966397280323085
8,4,3,ckd-0215,1,qsvc,1,1.0406105399153525
8,4,3,ckd-0218,1,qsvc,1,1.0627017584411818
8,4,3,ckd-0220,1,qsvc,1,0.9911581159938742
8,4,3,ckd-0224,1,qsvc,1,0.987826592390951
8,4,3,ckd-0247,1,qsvc,1,0.9968579882911216
8,4,3,ckd-0253,0,qsvc,0,-1.5098821484575486
8,4,3,ckd-0258,0,qsvc,0,-1.2525091982670657
8,4,3,ckd-0267,0,qsvc,0,-0.4107685916296332
8,4,3,ckd-0276,0,qsvc,0,-1.3150401264166258
8,4,3,ckd-0285,0,qsvc,0,-1.001029380663864
8,4,3,ckd-0289,0,qsvc,0,-1.2862182345275772
8,4,3,ckd-0294,0,qsvc,0,-1.3662806604299407
8,4,3,ckd-0297,0,qsvc,0,-1.098222546566281
8,4,3,ckd-0298,0,qsvc,0,-1.5179815944994814
8,4,3,ckd-0303,0,qsvc,0,-1.3547456340583843
8,4,3,ckd-0307,0,qsvc,0,-1.142438854895469
8,4,3,ckd-0328,0,qsvc,0,-1.0157074271272837
8,4,3,ckd-0334,0,qsvc,0,-0.949479048706226
8,4,3,ckd-0339,0,qsvc,0,-0.8564042906649126
8,4,3,ckd-0359,0,qsvc,0,-0.8249053980166295
8,4,3,ckd-0368,0,qsvc,0,-1.028924367052325
8,4,3,ckd-0369,0,qsvc,0,-1.5362630584520214
8,4,3,ckd-0374,0,qsvc,0,-1.2750205035167723
8,4,3,ckd-0377,0,qsvc,0,-1.0389858370661322
8,4,3,ckd-0378,0,qsvc,0,-1.1020625884761066
8,4,3,ckd-0381,0,qsvc,0,-1.0458340456905484
8,4,3,ckd-0383,0,qsvc,0,-1.1298258439714872
8,4,3,ckd-0388,0,qsvc,0,-1.2081092253643013
8,4,3,ckd-0395,0,qsvc,0,-1.2647310152636297
8,4,4,ckd-0004,1,classical_rbf_svm,1,1.2077170878220576
8,4,4,ckd-0005,1,classical_rbf_svm,1,1.7670628912090334
8,4,4,ckd-0010,1,classical_rbf_svm,1,1.7661297375484093
8,4,4,ckd-0018,1,classical_rbf_svm,1,1.2195076582374913
8,4,4,ckd-0025,1,classical_rbf_svm,1,1.5340708831337735
8,4,4,ckd-0034,1,classical_rbf_svm,1,1.816537291834174
8,4,4,ckd-0042,1,classical_rbf_svm,1,1.1949113147179748
8,4,4,ckd-0072,1,classical_rbf_svm,1,1.7352261016892228
8,4,4,ckd-0074,1,classical_rbf_svm,1,1.0456894781321184
8,4,4,ckd-0078,1,classical_rbf_svm,1,1.9438787125013313
8,4,4,ckd-0082,1,classical_rbf_svm,1,1.7475775899174018
8,4,4,ckd-0093,1,classical_rbf_svm,1,1.6275531775293475
8,4,4,ckd-0094,1,classical_rbf_svm,1,1.4287884860938702
8,4,4,ckd-0106,1,classical_rbf_svm,1,0.6191569662350053
8,4,4,ckd-0107,1,classical_rbf_svm,1,1.1828842957822672
8,4,4,ckd-0111,1,classical_rbf_svm,1,1.2498775662967738
8,4,4,ckd-0112,1,classical_rbf_svm,1,1.574895857471917
8,4,4,ckd-0113,1,classical_rbf_svm,1,1.6693917912478091
8,4,4,ckd-0115,1,classical_rbf_svm,1,1.556778883804045
8,4,4,ckd-0119,1,classical_rbf_svm,1,1.6412311718610684
8,4,4,ckd-0125,1,classical_rbf_svm,1,1.71640862185268
8,4,4,ckd-0128,1,classical_rbf_svm,1,1.516235441837942
8,4,4,ckd-0138,1,classical_rbf_svm,1,1.6878323133907303
8,4,4,ckd-0139,1,classical_rbf_svm,1,1.4917868339998233
8,4,4,ckd-0147,1,classical_rbf_svm,1,1.734476690190835
8,4,4,ckd-0153,1,classical_rbf_svm,1,1.7624400024930027
8,4,4,ckd-0157,1,classical_rbf_svm,1,1.6214642212589476
8,4,4,ckd-0161,1,classical_rbf_svm,1,1.9024430952596563
8,4,4,ckd-0162,1,classical_rbf_svm,1,1.68237352366409
8,4,4,ckd-0166,1,classical_rbf_svm,1,0.5666885204156697
8,4,4,ckd-0179,1,classical_rbf_svm,1,1.7930406253397728
8,4,4,ckd-0182,1,classical_rbf_svm,1,1.3948893544539827
8,4,4,ckd-0187,1,classical_rbf_svm,1,1.3116320913747381
8,4,4,ckd-0202,1,classical_rbf_svm,1,1.4042149253923282
8,4,4,ckd-0204,1,classical_rbf_svm,1,1.6265966740771427
8,4,4,ckd-0217,1,classical_rbf_svm,1,1.261881666619408
8,4,4,ckd-0228,1,classical_rbf_svm,1,1.841363779352334
8,4,4,ckd-0231,1,classical_rbf_svm,1,1.8903408896513305
8,4,4,ckd-0232,1,classical_rbf_svm,1,1.6432422385527148
8,4,4,ckd-0237,1,classical_rbf_svm,1,1.6807110402958396
8,4,4,ckd-0254,0,classical_rbf_svm,0,-1.262815084578992
8,4,4,ckd-0256,0,classical_rbf_svm,0,-1.1672413601683833
8,4,4,ckd-0257,0,classical_rbf_svm,0,-1.0969973441215428
8,4,4,ckd-0260,0,classical_rbf_svm,0,-1.286303358315679
8,4,4,ckd-0277,0,classical_rbf_svm,0,-0.9673379132895855
8,4,4,ckd-0280,0,classical_rbf_svm,0,-1.4037212358018896
8,4,4,ckd-0283,0,classical_rbf_svm,0,-1.1106285242293548
8,4,4,ckd-0287,0,classical_rbf_svm,0,-1.1361536124845943
8,4,4,ckd-0290,0,classical_rbf_svm,0,-1.2114947195082788
8,4,4,ckd-0301,0,classical_rbf_svm,0,-1.1264216214479923
8,4,4,ckd-0305,0,classical_rbf_svm,0,-1.0394547703011052
8,4,4,ckd-0314,0,classical_rbf_svm,0,-1.0340942127803578
8,4,4,ckd-0318,0,classical_rbf_svm,0,-0.8653981188336025
8,4,4,ckd-0325,0,classical_rbf_svm,0,-0.1967449914110625
8,4,4,ckd-0332,0,classical_rbf_svm,0,-1.1841323474374805
8,4,4,ckd-0340,0,classical_rbf_svm,0,-1.0044593893240372
8,4,4,ckd-0348,0,classical_rbf_svm,0,-1.1376538389954765
8,4,4,ckd-0351,0,classical_rbf_svm,0,-1.3400633102766122
8,4,4,ckd-0353,0,classical_rbf_svm,0,-1.2920472184022804
8,4,4,ckd-0357,0,classical_rbf_svm,0,-1.3103868879190501
8,4,4,ckd-0385,0,classical_rbf_svm,0,-1.0974148072727496
8,4,4,ckd-0386,0,classical_rbf_svm,0,-1.160669645248305
8,4,4,ckd-0396,0,classical_rbf_svm,0,-1.3412403864714983
8,4,4,ckd-0400,0,classical_rbf_svm,0,-1.2054657831563995
8,4,4,ckd-0004,1,qsvc,1,1.0039632491562627
8,4,4,ckd-0005,1,qsvc,1,1.062177788388269
8,4,4,ckd-0010,1,qsvc,1,0.940249709398457
8,4,4,ckd-0018,1,qsvc,1,1.011300709964451
8,4,4,ckd-0025,1,qsvc,1,0.9847358066081892
8,4,4,ckd-0034,1,qsvc,1,0.9537878574240699
8,4,4,ckd-0042,1,qsvc,1,0.8093567599512075
8,4,4,ckd-0072,1,qsvc,1,0.9967388828214848
8,4,4,ckd-0074,1,qsvc,1,0.9438138458133977
8,4,4,ckd-0078,1,qsvc,1,1.0013790493848076
8,4,4,ckd-0082,1,qsvc,1,0.9648578804625978
8,4,4,ckd-0093,1,qsvc,1,0.9900359025688424
8,4,4,ckd-0094,1,qsvc,1,0.9980615775250159
8,4,4,ckd-0106,1,qsvc,1,0.9241608847735352
8,4,4,ckd-0107,1,qsvc,1,1.028311923274067
8,4,4,ckd-0111,1,qsvc,1,1.186735878370283
8,4,4,ckd-0112,1,qsvc,1,0.9799826286177846
8,4,4,ckd-0113,1,qsvc,1,1.0570681971366784
8,4,4,ckd-0115,1,qsvc,1,1.1233053438956249
8,4,4,ckd-0119,1,qsvc,1,0.9748349225267516
8,4,4,ckd-0125,1,qsvc,1,1.0282027780503666
8,4,4,ckd-0128,1,qsvc,1,0.9986595711388484
8,4,4,ckd-0138,1,qsvc,1,0.9611954970919034
8,4,4,ckd-0139,1,qsvc,1,1.0356226490169393
8,4,4,ckd-0147,1,qsvc,1,0.9727573884558444
8,4,4,ckd-0153,1,qsvc,1,0.9495293720055702
8,4,4,ckd-0157,1,qsvc,1,0.9910105990511818
8,4,4,ckd-0161,1,qsvc,1,1.0415251295652779
8,4,4,ckd-0162,1,qsvc,1,0.9873117105655849
8,4,4,ckd-0166,1,qsvc,1,0.7756339702984152
8,4,4,ckd-0179,1,qsvc,1,0.9363168853598096
8,4,4,ckd-0182,1,qsvc,1,0.9587583886283518
8,4,4,ckd-0187,1,qsvc,0,-0.11738421895779827
8,4,4,ckd-0202,1,qsvc,1,1.0152551103196954
8,4,4,ckd-0204,1,qsvc,1,0.9714035363875407
8,4,4,ckd-0217,1,qsvc,1,0.9413851871858285
8,4,4,ckd-0228,1,qsvc,1,1.0243112151381732
8,4,4,ckd-0231,1,qsvc,1,1.0059227982745274
8,4,4,ckd-0232,1,qsvc,1,1.0619285796623834
8,4,4,ckd-0237,1,qsvc,1,0.9778152347987343
8,4,4,ckd-0254,0,qsvc,0,-1.3756459346541492
8,4,4,ckd-0256,0,qsvc,0,-0.638264157126704
8,4,4,ckd-0257,0,qsvc,0,-1.1075546883222998
8,4,4,ckd-0260,0,qsvc,0,-1.502582774456152
8,4,4,ckd-0277,0,qsvc,0,-0.8484578771162736
8,4,4,ckd-0280,0,qsvc,0,-1.3720261758281507
8,4,4,ckd-0283,0,qsvc,0,-1.4381982666522042
8,4,4,ckd-0287,0,qsvc,0,-1.4624657820488558
8,4,4,ckd-0290,0,qsvc,0,-1.35240199653028
8,4,4,ckd-0301,0,qsvc,0,-1.4665705190944829
8,4,4,ckd-0305,0,qsvc,0,-0.9710699713300195
8,4,4,ckd-0314,0,qsvc,0,-0.6346318809608973
8,4,4,ckd-0318,0,qsvc,0,-1.229111788501164
8,4,4,ckd-0325,0,qsvc,0,-0.12547411053258117
8,4,4,ckd-0332,0,qsvc,0,-1.178503554335141
8,4,4,ckd-0340,0,qsvc,0,-1.112551170548694
8,4,4,ckd-0348,0,qsvc,0,-0.6347566694022444
8,4,4,ckd-0351,0,qsvc,0,-1.3593189834061077
8,4,4,ckd-0353,0,qsvc,0,-1.4673298129184444
8,4,4,ckd-0357,0,qsvc,0,-1.1618553928714386
8,4,4,ckd-0385,0,qsvc,0,-1.4462601980954624
8,4,4,ckd-0386,0,qsvc,0,-0.9465751462077259
8,4,4,ckd-0396,0,qsvc,0,-1.50694259907936
8,4,4,ckd-0400,0,qsvc,0,-1.0841921278846909
8,4,5,ckd-0001,1,classical_rbf_svm,1,0.14215359564321495
8,4,5,ckd-0009,1,classical_rbf_svm,1,1.4620445030230766
8,4,5,ckd-0013,1,classical_rbf_svm,1,1.4273244086590513
8,4,5,ckd-0015,1,classical_rbf_svm,1,0.9782841262162012
8,4,5,ckd-0026,1,classical_rbf_svm,1,1.4520718598559703
8,4,5,ckd-0029,1,classical_rbf_svm,1,0.7673600955880879
8,4,5,ckd-0032,1,classical_rbf_svm,1,1.5094671794743557
8,4,5,ckd-0033,1,classical_rbf_svm,1,1.6648250081546756
8,4,5,ckd-0038,1,classical_rbf_svm,1,1.803151101437277
8,4,5,ckd-0059,1,classical_rbf_svm,1,1.628236866531443
8,4,5,ckd-0062,1,classical_rbf_svm,1,0.952679368006474
8,4,5,ckd-0066,1,classical_rbf_svm,1,0.4848505210579147
8,4,5,ckd-0075,1,classical_rbf_svm,1,1.560664720802337
8,4,5,ckd-0076,1,classical_rbf_svm,1,1.3759690589655538
8,4,5,ckd-0080,1,classical_rbf_svm,1,1.4320933863860215
8,4,5,ckd-0095,1,classical_rbf_svm,1,1.483007923335286
8,4,5,ckd-0098,1,classical_rbf_svm,1,1.8675007254298892
8,4,5,ckd-0105,1,classical_rbf_svm,1,1.3144147743136516
8,4,5,ckd-0109,1,classical_rbf_svm,1,0.897228892046187
8,4,5,ckd-0116,1,classical_rbf_svm,1,0.7822172267393511
8,4,5,ckd-0122,1,classical_rbf_svm,1,0.7908393161979204
8,4,5,ckd-0133,1,classical_rbf_svm,1,1.2891803959327084
8,4,5,ckd-0146,1,classical_rbf_svm,1,0.9736705379299992
8,4,5,ckd-0155,1,classical_rbf_svm,1,0.9512691450136639
8,4,5,ckd-0163,1,classical_rbf_svm,1,1.2811547308160092
8,4,5,ckd-0176,1,classical_rbf_svm,1,1.1983903284492365
8,4,5,ckd-0191,1,classical_rbf_svm,1,1.187470241888632
8,4,5,ckd-0195,1,classical_rbf_svm,1,1.3896190549571132
8,4,5,ckd-0199,1,classical_rbf_svm,1,1.2953576091207326
8,4,5,ckd-0200,1,classical_rbf_svm,1,1.5250348571831733
8,4,5,ckd-0206,1,classical_rbf_svm,1,0.5416144346297321
8,4,5,ckd-0213,1,classical_rbf_svm,1,1.3501542290202764
8,4,5,ckd-0216,1,classical_rbf_svm,1,1.2703434261285942
8,4,5,ckd-0221,1,classical_rbf_svm,1,1.2759104200309141
8,4,5,ckd-0223,1,classical_rbf_svm,1,0.8579709755039774
8,4,5,ckd-0233,1,classical_rbf_svm,1,0.808722987207674
8,4,5,ckd-0236,1,classical_rbf_svm,1,1.340267166852839
8,4,5,ckd-0238,1,classical_rbf_svm,1,1.5226338454963164
8,4,5,ckd-0242,1,classical_rbf_svm,1,1.594853573768778
8,4,5,ckd-0244,1,classical_rbf_svm,1,0.3457133623270878
8,4,5,ckd-0252,0,classical_rbf_svm,0,-1.0859988151275255
8,4,5,ckd-0255,0,classical_rbf_svm,0,-1.0996200013160307
8,4,5,ckd-0259,0,classical_rbf_svm,0,-0.9636841613792071
8,4,5,ckd-0269,0,classical_rbf_svm,0,-1.0712152751650952
8,4,5,ckd-0281,0,classical_rbf_svm,0,-0.9677872089151369
8,4,5,ckd-0284,0,classical_rbf_svm,0,-1.1369647721117513
8,4,5,ckd-0295,0,classical_rbf_svm,0,-0.6985934594581233
8,4,5,ckd-0302,0,classical_rbf_svm,0,-1.1473942719331274
8,4,5,ckd-0304,0,classical_rbf_svm,0,-1.138622265422287
8,4,5,ckd-0310,0,classical_rbf_svm,0,-0.917460280896526
8,4,5,ckd-0316,0,classical_rbf_svm,0,-1.2455727177227494
8,4,5,ckd-0317,0,classical_rbf_svm,0,-1.3054670419487633
8,4,5,ckd-0319,0,classical_rbf_svm,0,-1.0168745147658664
8,4,5,ckd-0323,0,classical_rbf_svm,0,-1.1801476093691652
8,4,5,ckd-0335,0,classical_rbf_svm,0,-1.2863662390939368
8,4,5,ckd-0349,0,classical_rbf_svm,0,-0.888706973557144
8,4,5,ckd-0361,0,classical_rbf_svm,0,-1.2599817931482393
8,4,5,ckd-0370,0,classical_rbf_svm,0,-0.9883193923854157
8,4,5,ckd-0371,0,classical_rbf_svm,0,-1.220712366160984
8,4,5,ckd-0372,0,classical_rbf_svm,0,-1.0388977366570809
8,4,5,ckd-0384,0,classical_rbf_svm,0,-1.2844374475462925
8,4,5,ckd-0391,0,classical_rbf_svm,0,-1.2623847492244398
8,4,5,ckd-0398,0,classical_rbf_svm,0,-1.2928479675663342
8,4,5,ckd-0399,0,classical_rbf_svm,0,-1.2582224460066915
8,4,5,ckd-0001,1,qsvc,1,0.8668670136837634
8,4,5,ckd-0009,1,qsvc,1,1.0106537747280187
8,4,5,ckd-0013,1,qsvc,1,1.0006339767990962
8,4,5,ckd-0015,1,qsvc,1,0.9099914319403185
8,4,5,ckd-0026,1,qsvc,1,1.011325195082395
8,4,5,ckd-0029,1,qsvc,1,1.0147611052319236
8,4,5,ckd-0032,1,qsvc,1,0.9426662292481582
8,4,5,ckd-0033,1,qsvc,1,0.9845508113090177
8,4,5,ckd-0038,1,qsvc,1,0.9974920215611348
8,4,5,ckd-0059,1,qsvc,1,0.9452210073259985
8,4,5,ckd-0062,1,qsvc,1,0.9352793740470355
8,4,5,ckd-0066,1,qsvc,1,0.05615670033799325
8,4,5,ckd-0075,1,qsvc,1,0.9210878746748975
8,4,5,ckd-0076,1,qsvc,1,0.5788985966255563
8,4,5,ckd-0080,1,qsvc,1,0.9927290683626548
8,4,5,ckd-0095,1,qsvc,1,1.0901113673274938
8,4,5,ckd-0098,1,qsvc,1,0.9638704749965342
8,4,5,ckd-0105,1,qsvc,1,1.0090322358841823
8,4,5,ckd-0109,1,qsvc,1,1.353787076446236
8,4,5,ckd-0116,1,qsvc,1,0.17118841246967142
8,4,5,ckd-0122,1,qsvc,1,0.8902003328571607
8,4,5,ckd-0133,1,qsvc,1,0.6218706283700164
8,4,5,ckd-0146,1,qsvc,1,0.890093440910606
8,4,5,ckd-0155,1,qsvc,1,0.9175394694264144
8,4,5,ckd-0163,1,qsvc,1,0.8237876362209008
8,4,5,ckd-0176,1,qsvc,1,1.0085670104339854
8,4,5,ckd-0191,1,qsvc,1,0.7569606339477553
8,4,5,ckd-0195,1,qsvc,1,1.0081861277654196
8,4,5,ckd-0199,1,qsvc,1,0.9682174080855516
8,4,5,ckd-0200,1,qsvc,1,0.9570955429410503
8,4,5,ckd-0206,1,qsvc,1,0.8902308607596059
8,4,5,ckd-0213,1,qsvc,1,0.9535025405994807
8,4,5,ckd-0216,1,qsvc,1,0.9965016500836265
8,4,5,ckd-0221,1,qsvc,1,1.3602836463584365
8,4,5,ckd-0223,1,qsvc,1,0.9938599392898522
8,4,5,ckd-0233,1,qsvc,1,1.083807738271688
8,4,5,ckd-0236,1,qsvc,1,1.0280357726506208
8,4,5,ckd-0238,1,qsvc,1,0.9658503951485583
8,4,5,ckd-0242,1,qsvc,1,1.0031957195917036
8,4,5,ckd-0244,1,qsvc,1,0.8882866862808658
8,4,5,ckd-0252,0,qsvc,0,-0.9702472047695911
8,4,5,ckd-0255,0,qsvc,0,-0.9198027458148093
8,4,5,ckd-0259,0,qsvc,0,-1.2352599949488958
8,4,5,ckd-0269,0,qsvc,0,-0.9663424459995094
8,4,5,ckd-0281,0,qsvc,0,-0.4615676756753535
8,4,5,ckd-0284,0,qsvc,0,-1.3379844039251858
8,4,5,ckd-0295,0,qsvc,0,-1.0409773366266226
8,4,5,ckd-0302,0,qsvc,0,-0.9463656566324985
8,4,5,ckd-0304,0,qsvc,0,-1.022257232868946
8,4,5,ckd-0310,0,qsvc,0,-0.7951312548419125
8,4,5,ckd-0316,0,qsvc,0,-1.2811126710918557
8,4,5,ckd-0317,0,qsvc,0,-1.4226977003253545
8,4,5,ckd-0319,0,qsvc,0,-0.810419431592063
8,4,5,ckd-0323,0,qsvc,0,-1.4214113936167916
8,4,5,ckd-0335,0,qsvc,0,-1.4748181350714384
8,4,5,ckd-0349,0,qsvc,0,-1.145806317676275
8,4,5,ckd-0361,0,qsvc,0,-1.4333149713929707
8,4,5,ckd-0370,0,qsvc,0,-1.191426357206447
8,4,5,ckd-0371,0,qsvc,0,-1.22136254310198
8,4,5,ckd-0372,0,qsvc,0,-0.8228544593292149
8,4,5,ckd-0384,0,qsvc,0,-1.221223107247218
8,4,5,ckd-0391,0,qsvc,0,-1.145490681128528
8,4,5,ckd-0398,0,qsvc,0,-1.3597739179693407
8,4,5,ckd-0399,0,qsvc,0,-1.04334754437174
8,5,1,ckd-0002,1,classical_rbf_svm,1,1.348300334281065
8,5,1,ckd-0014,1,classical_rbf_svm,1,1.7737588615320719
8,5,1,ckd-0015,1,classical_rbf_svm,1,1.012745838932119
8,5,1,ckd-0018,1,classical_rbf_svm,1,1.206540672593366
8,5,1,ckd-0025,1,classical_rbf_svm,1,1.487490049971274
8,5,1,ckd-0027,1,classical_rbf_svm,1,1.9157792867062953
8,5,1,ckd-0029,1,classical_rbf_svm,1,0.9042680018473712
8,5,1,ckd-0033,1,classical_rbf_svm,1,1.8966100510459123
8,5,1,ckd-0068,1,classical_rbf_svm,1,1.4048560659854772
8,5,1,ckd-0069,1,classical_rbf_svm,1,1.7699978163354166
8,5,1,ckd-0080,1,classical_rbf_svm,1,1.7878531545725462
8,5,1,ckd-0086,1,classical_rbf_svm,1,1.8261440508498505
8,5,1,ckd-0101,1,classical_rbf_svm,1,1.3938943091276133
8,5,1,ckd-0106,1,classical_rbf_svm,1,0.6134317754536831
8,5,1,ckd-0111,1,classical_rbf_svm,1,1.2426882857772443
8,5,1,ckd-0112,1,classical_rbf_svm,1,1.5206238948687902
8,5,1,ckd-0113,1,classical_rbf_svm,1,1.6171448925497633
8,5,1,ckd-0114,1,classical_rbf_svm,1,1.3016647105954464
8,5,1,ckd-0129,1,classical_rbf_svm,1,1.1345456984846367
8,5,1,ckd-0133,1,classical_rbf_svm,1,1.2772404583864176
8,5,1,ckd-0134,1,classical_rbf_svm,1,1.4816055881474601
8,5,1,ckd-0141,1,classical_rbf_svm,1,1.1811495769490232
8,5,1,ckd-0153,1,classical_rbf_svm,1,1.6999184457557108
8,5,1,ckd-0162,1,classical_rbf_svm,1,1.621155578047532
8,5,1,ckd-0166,1,classical_rbf_svm,1,0.4844000236926933
8,5,1,ckd-0167,1,classical_rbf_svm,1,0.5362260769934499
8,5,1,ckd-0169,1,classical_rbf_svm,1,1.5047035803141522
8,5,1,ckd-0171,1,classical_rbf_svm,1,1.8893901311050354
8,5,1,ckd-0176,1,classical_rbf_svm,1,1.4380386137221406
8,5,1,ckd-0197,1,classical_rbf_svm,1,1.1197808494923858
8,5,1,ckd-0200,1,classical_rbf_svm,1,1.616831180608722
8,5,1,ckd-0202,1,classical_rbf_svm,1,1.3761324087958577
8,5,1,ckd-0203,1,classical_rbf_svm,1,1.5106261745828906
8,5,1,ckd-0204,1,classical_rbf_svm,1,1.613320912459376
8,5,1,ckd-0205,1,classical_rbf_svm,1,1.1097032255513208
8,5,1,ckd-0211,1,classical_rbf_svm,1,1.0248703500932894
8,5,1,ckd-0213,1,classical_rbf_svm,1,1.4096369304239533
8,5,1,ckd-0217,1,classical_rbf_svm,1,1.2346124233037299
8,5,1,ckd-0232,1,classical_rbf_svm,1,1.609684781242739
8,5,1,ckd-0237,1,classical_rbf_svm,1,1.6527421926528056
8,5,1,ckd-0252,0,classical_rbf_svm,0,-1.1434261776610528
8,5,1,ckd-0255,0,classical_rbf_svm,0,-1.1327352998737372
8,5,1,ckd-0262,0,classical_rbf_svm,0,-1.0787116258059215
8,5,1,ckd-0263,0,classical_rbf_svm,0,-1.1915922389454159
8,5,1,ckd-0274,0,classical_rbf_svm,0,-0.17581062559467742
8,5,1,ckd-0280,0,classical_rbf_svm,0,-1.440691191718749
8,5,1,ckd-0306,0,classical_rbf_svm,0,-1.0819851032285994
8,5,1,ckd-0317,0,classical_rbf_svm,0,-1.3428763613754184
8,5,1,ckd-0322,0,classical_rbf_svm,0,-1.1334873055514247
8,5,1,ckd-0325,0,classical_rbf_svm,0,-0.18279139813121037
8,5,1,ckd-0326,0,classical_rbf_svm,0,-1.1566807455169021
8,5,1,ckd-0327,0,classical_rbf_svm,0,-1.0741424383916067
8,5,1,ckd-0341,0,classical_rbf_svm,0,-1.2278901387362073
8,5,1,ckd-0348,0,classical_rbf_svm,0,-1.1650631927902841
8,5,1,ckd-0363,0,classical_rbf_svm,0,-1.1111463482854345
8,5,1,ckd-0365,0,classical_rbf_svm,0,-1.4175737906194121
8,5,1,ckd-0366,0,classical_rbf_svm,0,-0.1721406842011044
8,5,1,ckd-0369,0,classical_rbf_svm,0,-1.4283566302725967
8,5,1,ckd-0371,0,classical_rbf_svm,0,-1.2714742408923856
8,5,1,ckd-0377,0,classical_rbf_svm,0,-1.1692330133142828
8,5,1,ckd-0381,0,classical_rbf_svm,0,-1.1032561413421567
8,5,1,ckd-0386,0,classical_rbf_svm,0,-1.1605319860288654
8,5,1,ckd-0396,0,classical_rbf_svm,0,-1.3483086969086493
8,5,1,ckd-0399,0,classical_rbf_svm,0,-1.324625268289212
8,5,1,ckd-0002,1,qsvc,1,0.8062289114821535
8,5,1,ckd-0014,1,qsvc,1,0.9338730950966949
8,5,1,ckd-0015,1,qsvc,1,0.9190006735640945
8,5,1,ckd-0018,1,qsvc,1,1.0088551017168033
8,5,1,ckd-0025,1,qsvc,1,0.9820544750122736
8,5,1,ckd-0027,1,qsvc,1,1.0041870969705105
8,5,1,ckd-0029,1,qsvc,1,0.9247604280879618
8,5,1,ckd-0033,1,qsvc,1,0.9831640875556881
8,5,1,ckd-0068,1,qsvc,1,0.9505349511302646
8,5,1,ckd-0069,1,qsvc,1,1.0425153148632624
8,5,1,ckd-0080,1,qsvc,1,0.9983876678288304
8,5,1,ckd-0086,1,qsvc,1,0.9287675120562235
8,5,1,ckd-0101,1,qsvc,1,1.4201224585756211
8,5,1,ckd-0106,1,qsvc,1,0.9165881263639861
8,5,1,ckd-0111,1,qsvc,1,1.2194845162813217
8,5,1,ckd-0112,1,qsvc,1,0.9986026265868637
8,5,1,ckd-0113,1,qsvc,1,1.0421376144743482
8,5,1,ckd-0114,1,qsvc,1,1.016401577308713
8,5,1,ckd-0129,1,qsvc,1,1.0088786376405119
8,5,1,ckd-0133,1,qsvc,1,0.7135127738131852
8,5,1,ckd-0134,1,qsvc,1,1.0392161661665056
8,5,1,ckd-0141,1,qsvc,1,0.8639798352202841
8,5,1,ckd-0153,1,qsvc,1,0.9249655322817746
8,5,1,ckd-0162,1,qsvc,1,0.9953332848153278
8,5,1,ckd-0166,1,qsvc,1,0.7849741947824066
8,5,1,ckd-0167,1,qsvc,1,1.0368851512911998
8,5,1,ckd-0169,1,qsvc,1,1.0248826567425857
8,5,1,ckd-0171,1,qsvc,1,0.9461482714811205
8,5,1,ckd-0176,1,qsvc,1,0.9503034552476528
8,5,1,ckd-0197,1,qsvc,1,0.9664910390526149
8,5,1,ckd-0200,1,qsvc,1,1.0086977894279314
8,5,1,ckd-0202,1,qsvc,1,0.9572897621933104
8,5,1,ckd-0203,1,qsvc,1,0.3870386403405689
8,5,1,ckd-0204,1,qsvc,1,0.9493710852087451
8,5,1,ckd-0205,1,qsvc,1,0.9055313392551614
8,5,1,ckd-0211,1,qsvc,1,0.9247490941427068
8,5,1,ckd-0213,1,qsvc,1,0.9555674758291475
8,5,1,ckd-0217,1,qsvc,1,0.9063595946211616
8,5,1,ckd-0232,1,qsvc,1,1.0649840119642957
8,5,1,ckd-0237,1,qsvc,1,0.9549218412011738
8,5,1,ckd-0252,0,qsvc,0,-1.0195311287033184
8,5,1,ckd-0255,0,qsvc,0,-0.9515036924730836
8,5,1,ckd-0262,0,qsvc,0,-0.9826075133054729
8,5,1,ckd-0263,0,qsvc,0,-1.5188487098801873
8,5,1,ckd-0274,0,qsvc,1,0.14089447759362284
8,5,1,ckd-0280,0,qsvc,0,-1.3572123759571233
8,5,1,ckd-0306,0,qsvc,0,-0.9373050914535518
8,5,1,ckd-0317,0,qsvc,0,-1.4914138195657753
8,5,1,ckd-0322,0,qsvc,0,-1.3751964142694146
8,5,1,ckd-0325,0,qsvc,1,0.1319973064654576
8,5,1,ckd-0326,0,qsvc,0,-1.236816083738412
8,5,1,ckd-0327,0,qsvc,0,-1.366165666928917
8,5,1,ckd-0341,0,qsvc,0,-1.3317742760361884
8,5,1,ckd-0348,0,qsvc,0,-0.5474781214391676
8,5,1,ckd-0363,0,qsvc,0,-1.2458515993194106
8,5,1,ckd-0365,0,qsvc,0,-1.5516337203700146
8,5,1,ckd-0366,0,qsvc,1,0.1460512752974058
8,5,1,ckd-0369,0,qsvc,0,-1.5616822361732106
8,5,1,ckd-0371,0,qsvc,0,-1.2152471075801792
8,5,1,ckd-0377,0,qsvc,0,-1.0785098556674644
8,5,1,ckd-0381,0,qsvc,0,-0.9496562605414297
8,5,1,ckd-0386,0,qsvc,0,-0.9661385598211975
8,5,1,ckd-0396,0,qsvc,0,-1.5161277458867857
8,5,1,ckd-0399,0,qsvc,0,-1.0504321490058564
8,5,2,ckd-0001,1,classical_rbf_svm,1,0.5171483170892979
8,5,2,ckd-0003,1,classical_rbf_svm,1,1.7439838221777977
8,5,2,ckd-0006,1,classical_rbf_svm,1,1.7807821550444674
8,5,2,ckd-0008,1,classical_rbf_svm,1,1.4846494114342201
8,5,2,ckd-0013,1,classical_rbf_svm,1,1.6070612469315684
8,5,2,ckd-0021,1,classical_rbf_svm,1,1.4928465689877806
8,5,2,ckd-0023,1,classical_rbf_svm,1,1.316185044267359
8,5,2,ckd-0024,1,classical_rbf_svm,1,1.444286747249113
8,5,2,ckd-0026,1,classical_rbf_svm,1,1.5851837046485069
8,5,2,ckd-0034,1,classical_rbf_svm,1,1.865498345030772
8,5,2,ckd-0036,1,classical_rbf_svm,1,1.9788634892941783
8,5,2,ckd-0038,1,classical_rbf_svm,1,1.898007898181063
8,5,2,ckd-0052,1,classical_rbf_svm,1,1.7647180643255762
8,5,2,ckd-0063,1,classical_rbf_svm,1,1.7472828178486215
8,5,2,ckd-0077,1,classical_rbf_svm,1,1.232918639728673
8,5,2,ckd-0082,1,classical_rbf_svm,1,1.7614205031863222
8,5,2,ckd-0107,1,classical_rbf_svm,1,1.2162395781220245
8,5,2,ckd-0120,1,classical_rbf_svm,1,1.2128721189820504
8,5,2,ckd-0123,1,classical_rbf_svm,1,1.3142920936766078
8,5,2,ckd-0126,1,classical_rbf_svm,1,1.4465022656399737
8,5,2,ckd-0138,1,classical_rbf_svm,1,1.7110731750787842
8,5,2,ckd-0139,1,classical_rbf_svm,1,1.5164229884103286
8,5,2,ckd-0146,1,classical_rbf_svm,1,1.052515838418024
8,5,2,ckd-0150,1,classical_rbf_svm,1,1.6772429779392573
8,5,2,ckd-0158,1,classical_rbf_svm,1,1.4592377923566988
8,5,2,ckd-0161,1,classical_rbf_svm,1,1.9054498260088928
8,5,2,ckd-0163,1,classical_rbf_svm,1,1.4267067699035794
8,5,2,ckd-0174,1,classical_rbf_svm,1,1.213108996971082
8,5,2,ckd-0181,1,classical_rbf_svm,1,1.7923751197058233
8,5,2,ckd-0185,1,classical_rbf_svm,1,1.7544490188579183
8,5,2,ckd-0191,1,classical_rbf_svm,1,1.3383010435295022
8,5,2,ckd-0198,1,classical_rbf_svm,1,1.5114908445808868
8,5,2,ckd-0199,1,classical_rbf_svm,1,1.4649030741612097
8,5,2,ckd-0208,1,classical_rbf_svm,1,1.6518259434800013
8,5,2,ckd-0210,1,classical_rbf_svm,1,0.23123147150743306
8,5,2,ckd-0215,1,classical_rbf_svm,1,0.5586701656955498
8,5,2,ckd-0216,1,classical_rbf_svm,1,1.624319999326398
8,5,2,ckd-0218,1,classical_rbf_svm,1,1.8237023015204024
8,5,2,ckd-0220,1,classical_rbf_svm,1,1.7088542488702552
8,5,2,ckd-0227,1,classical_rbf_svm,1,1.2290982435519957
8,5,2,ckd-0253,0,classical_rbf_svm,0,-1.4454674286880649
8,5,2,ckd-0254,0,classical_rbf_svm,0,-1.285105490733084
8,5,2,ckd-0260,0,classical_rbf_svm,0,-1.2736290825922172
8,5,2,ckd-0265,0,classical_rbf_svm,0,-1.2227082092987298
8,5,2,ckd-0269,0,classical_rbf_svm,0,-1.0819354123170295
8,5,2,ckd-0270,0,classical_rbf_svm,0,-1.4166060977450443
8,5,2,ckd-0276,0,classical_rbf_svm,0,-1.1907511015818746
8,5,2,ckd-0282,0,classical_rbf_svm,0,-1.2250584227246861
8,5,2,ckd-0287,0,classical_rbf_svm,0,-1.1551115603078803
8,5,2,ckd-0310,0,classical_rbf_svm,0,-0.9756415551700366
8,5,2,ckd-0313,0,classical_rbf_svm,0,-1.2904310925771512
8,5,2,ckd-0314,0,classical_rbf_svm,0,-0.9871705997959648
8,5,2,ckd-0315,0,classical_rbf_svm,0,-1.2569095666415904
8,5,2,ckd-0324,0,classical_rbf_svm,0,-1.412829278598923
8,5,2,ckd-0332,0,classical_rbf_svm,0,-1.1943342731283955
8,5,2,ckd-0334,0,classical_rbf_svm,0,-1.0840806083295393
8,5,2,ckd-0339,0,classical_rbf_svm,0,-1.0654768139107764
8,5,2,ckd-0340,0,classical_rbf_svm,0,-1.0018004454745555
8,5,2,ckd-0355,0,classical_rbf_svm,0,-1.1645360597235497
8,5,2,ckd-0359,0,classical_rbf_svm,0,-0.7433842556691936
8,5,2,ckd-0364,0,classical_rbf_svm,0,-1.1277272497813335
8,5,2,ckd-0379,0,classical_rbf_svm,0,-1.2868791120939016
8,5,2,ckd-0387,0,classical_rbf_svm,0,-1.3459758851579484
8,5,2,ckd-0388,0,classical_rbf_svm,0,-1.252867576463093
8,5,2,ckd-0001,1,qsvc,1,0.8975407450223546
8,5,2,ckd-0003,1,qsvc,1,0.9390122985041689
8,5,2,ckd-0006,1,qsvc,1,1.0268286824643926
8,5,2,ckd-0008,1,qsvc,1,0.9651331240193967
8,5,2,ckd-0013,1,qsvc,1,0.9667060385857343
8,5,2,ckd-0021,1,qsvc,1,0.9264917539680851
8,5,2,ckd-0023,1,qsvc,1,0.92321057034055
8,5,2,ckd-0024,1,qsvc,1,0.9634577222954842
8,5,2,ckd-0026,1,qsvc,1,1.0093437352547232
8,5,2,ckd-0034,1,qsvc,1,0.9647441470916968
8,5,2,ckd-0036,1,qsvc,1,0.9789577047065942
8,5,2,ckd-0038,1,qsvc,1,0.9993142140914515
8,5,2,ckd-0052,1,qsvc,1,0.9749073010485503
8,5,2,ckd-0063,1,qsvc,1,0.9809773959940336
8,5,2,ckd-0077,1,qsvc,1,0.9335744314665256
8,5,2,ckd-0082,1,qsvc,1,0.9666465921932276
8,5,2,ckd-0107,1,qsvc,1,1.0166302702027568
8,5,2,ckd-0120,1,qsvc,1,0.8883483791839547
8,5,2,ckd-0123,1,qsvc,1,0.8534294772855998
8,5,2,ckd-0126,1,qsvc,1,1.0326174814007392
8,5,2,ckd-0138,1,qsvc,1,0.9709192386581658
8,5,2,ckd-0139,1,qsvc,1,1.0920570825868865
8,5,2,ckd-0146,1,qsvc,1,0.9117775411149458
8,5,2,ckd-0150,1,qsvc,1,0.9991027336315536
8,5,2,ckd-0158,1,qsvc,1,0.9929397390720022
8,5,2,ckd-0161,1,qsvc,1,1.024321643859183
8,5,2,ckd-0163,1,qsvc,1,0.784561357325247
8,5,2,ckd-0174,1,qsvc,1,1.0100974907032159
8,5,2,ckd-0181,1,qsvc,1,0.8698135320361731
8,5,2,ckd-0185,1,qsvc,1,0.9678636211634917
8,5,2,ckd-0191,1,qsvc,1,0.6924185701789812
8,5,2,ckd-0198,1,qsvc,1,0.9988466045811986
8,5,2,ckd-0199,1,qsvc,1,0.9666016792717393
8,5,2,ckd-0208,1,qsvc,1,0.9956292324937965
8,5,2,ckd-0210,1,qsvc,1,0.007320906139535177
8,5,2,ckd-0215,1,qsvc,1,1.076601747000162
8,5,2,ckd-0216,1,qsvc,1,0.9564662318268511
8,5,2,ckd-0218,1,qsvc,1,1.0746512675152726
8,5,2,ckd-0220,1,qsvc,1,0.9924088613298649
8,5,2,ckd-0227,1,qsvc,1,0.9930422959987275
8,5,2,ckd-0253,0,qsvc,0,-1.435872704238967
8,5,2,ckd-0254,0,qsvc,0,-1.398792009823992
8,5,2,ckd-0260,0,qsvc,0,-1.4081982644564994
8,5,2,ckd-0265,0,qsvc,0,-1.276409590051256
8,5,2,ckd-0269,0,qsvc,0,-0.8810162205158866
8,5,2,ckd-0270,0,qsvc,0,-1.4249095492487753
8,5,2,ckd-0276,0,qsvc,0,-1.2545196938772927
8,5,2,ckd-0282,0,qsvc,0,-1.3363371763927065
8,5,2,ckd-0287,0,qsvc,0,-1.4570781423615395
8,5,2,ckd-0310,0,qsvc,0,-0.7201406559337581
8,5,2,ckd-0313,0,qsvc,0,-1.4381099862304363
8,5,2,ckd-0314,0,qsvc,0,-0.5838863745757313
8,5,2,ckd-0315,0,qsvc,0,-1.3402068708545611
8,5,2,ckd-0324,0,qsvc,0,-1.4304057174979108
8,5,2,ckd-0332,0,qsvc,0,-1.208390621654118
8,5,2,ckd-0334,0,qsvc,0,-1.0149511876708281
8,5,2,ckd-0339,0,qsvc,0,-0.9383684543497469
8,5,2,ckd-0340,0,qsvc,0,-1.1763652733561933
8,5,2,ckd-0355,0,qsvc,0,-1.1820039523072547
8,5,2,ckd-0359,0,qsvc,0,-1.1171963505497855
8,5,2,ckd-0364,0,qsvc,0,-0.699749309697019
8,5,2,ckd-0379,0,qsvc,0,-1.4032290490931758
8,5,2,ckd-0387,0,qsvc,0,-1.2446202899568481
8,5,2,ckd-0388,0,qsvc,0,-1.1669197180295727
8,5,3,ckd-0022,1,classical_rbf_svm,1,0.9298669463571333
8,5,3,ckd-0028,1,classical_rbf_svm,1,1.5322429770333357
8,5,3,ckd-0042,1,classical_rbf_svm,1,1.1379232411354718
8,5,3,ckd-0047,1,classical_rbf_svm,1,1.3970536301951522
8,5,3,ckd-0055,1,classical_rbf_svm,1,1.482656744032716
8,5,3,ckd-0057,1,classical_rbf_svm,1,1.2938109452611386
8,5,3,ckd-0058,1,classical_rbf_svm,1,1.5697716716357966
8,5,3,ckd-0066,1,classical_rbf_svm,1,0.6538154358514549
8,5,3,ckd-0074,1,classical_rbf_svm,1,1.0132731895631286
8,5,3,ckd-0076,1,classical_rbf_svm,1,1.4448941798909307
8,5,3,ckd-0079,1,classical_rbf_svm,1,1.5212782348689875
8,5,3,ckd-0088,1,classical_rbf_svm,1,1.4501427764044552
8,5,3,ckd-0089,1,classical_rbf_svm,1,1.3439740458779885
8,5,3,ckd-0091,1,classical_rbf_svm,1,1.4809038118831492
8,5,3,ckd-0094,1,classical_rbf_svm,1,1.3094198603815987
8,5,3,ckd-0095,1,classical_rbf_svm,1,1.704031638208504
8,5,3,ckd-0097,1,classical_rbf_svm,1,1.8285271431150312
8,5,3,ckd-0105,1,classical_rbf_svm,1,1.4952291624693381
8,5,3,ckd-0108,1,classical_rbf_svm,1,1.9560916605044865
8,5,3,ckd-0115,1,classical_rbf_svm,1,1.2954417794814739
8,5,3,ckd-0117,1,classical_rbf_svm,1,1.21581631224508
8,5,3,ckd-0122,1,classical_rbf_svm,1,1.2299601106003477
8,5,3,ckd-0127,1,classical_rbf_svm,1,1.9199083931461631
8,5,3,ckd-0131,1,classical_rbf_svm,1,1.1398202079151454
8,5,3,ckd-0140,1,classical_rbf_svm,1,1.6600485205517757
8,5,3,ckd-0155,1,classical_rbf_svm,1,0.9679381509706029
8,5,3,ckd-0156,1,classical_rbf_svm,1,1.250636727441572
8,5,3,ckd-0172,1,classical_rbf_svm,1,1.3463305800205614
8,5,3,ckd-0173,1,classical_rbf_svm,1,1.6447062821556564
8,5,3,ckd-0177,1,classical_rbf_svm,1,1.0790362967328537
8,5,3,ckd-0186,1,classical_rbf_svm,1,0.7992331481442514
8,5,3,ckd-0188,1,classical_rbf_svm,1,1.5212574606011953
8,5,3,ckd-0192,1,classical_rbf_svm,1,1.2238703870907226
8,5,3,ckd-0221,1,classical_rbf_svm,1,1.4120515711307657
8,5,3,ckd-0231,1,classical_rbf_svm,1,1.6888356289804833
8,5,3,ckd-0233,1,classical_rbf_svm,1,0.85493826515079
8,5,3,ckd-0242,1,classical_rbf_svm,1,1.588479180142984
8,5,3,ckd-0246,1,classical_rbf_svm,1,1.2112162519130987
8,5,3,ckd-0248,1,classical_rbf_svm,1,0.3697804004035087
8,5,3,ckd-0249,1,classical_rbf_svm,1,1.7450875968163442
8,5,3,ckd-0258,0,classical_rbf_svm,0,-0.9884270610036642
8,5,3,ckd-0271,0,classical_rbf_svm,0,-1.0344470446796894
8,5,3,ckd-0272,0,classical_rbf_svm,0,-1.0380320351494792
8,5,3,ckd-0273,0,classical_rbf_svm,0,-1.1770755960320427
8,5,3,ckd-0281,0,classical_rbf_svm,0,-0.86606485911116
8,5,3,ckd-0295,0,classical_rbf_svm,0,-0.6632453032742428
8,5,3,ckd-0299,0,classical_rbf_svm,0,-0.8910529405954052
8,5,3,ckd-0305,0,classical_rbf_svm,0,-1.0214924454370875
8,5,3,ckd-0308,0,classical_rbf_svm,0,-0.8003205767881246
8,5,3,ckd-0316,0,classical_rbf_svm,0,-1.1986005226961653
8,5,3,ckd-0318,0,classical_rbf_svm,0,-0.7759331491640232
8,5,3,ckd-0320,0,classical_rbf_svm,0,-0.12514306895917982
8,5,3,ckd-0335,0,classical_rbf_svm,0,-1.2829136544118485
8,5,3,ckd-0345,0,classical_rbf_svm,0,-0.8516097914769435
8,5,3,ckd-0349,0,classical_rbf_svm,0,-0.8003205767881246
8,5,3,ckd-0350,0,classical_rbf_svm,0,-1.2002224096152774
8,5,3,ckd-0351,0,classical_rbf_svm,0,-1.3172926194963064
8,5,3,ckd-0352,0,classical_rbf_svm,0,-0.9263345719021444
8,5,3,ckd-0361,0,classical_rbf_svm,0,-1.2619644410552366
8,5,3,ckd-0367,0,classical_rbf_svm,0,-1.3921526107651037
8,5,3,ckd-0368,0,classical_rbf_svm,0,-1.1337341673935337
8,5,3,ckd-0370,0,classical_rbf_svm,0,-0.8844236915980185
8,5,3,ckd-0393,0,classical_rbf_svm,0,-1.1036668445203275
8,5,3,ckd-0395,0,classical_rbf_svm,0,-0.9616898847018706
8,5,3,ckd-0022,1,qsvc,1,1.0144721038568614
8,5,3,ckd-0028,1,qsvc,1,1.0052798010614166
8,5,3,ckd-0042,1,qsvc,1,0.8064010634690176
8,5,3,ckd-0047,1,qsvc,1,1.1610832865318699
8,5,3,ckd-0055,1,qsvc,1,1.0166852974776583
8,5,3,ckd-0057,1,qsvc,1,0.9725622794346924
8,5,3,ckd-0058,1,qsvc,1,0.9707757818399962
8,5,3,ckd-0066,1,qsvc,0,-0.06601015170976521
8,5,3,ckd-0074,1,qsvc,1,0.9134985052604769
8,5,3,ckd-0076,1,qsvc,1,0.5901235415680182
8,5,3,ckd-0079,1,qsvc,1,1.0182512667680257
8,5,3,ckd-0088,1,qsvc,1,0.9976496804986859
8,5,3,ckd-0089,1,qsvc,1,1.0060306162323691
8,5,3,ckd-0091,1,qsvc,1,1.019079221724515
8,5,3,ckd-0094,1,qsvc,1,1.0010177588914193
8,5,3,ckd-0095,1,qsvc,1,1.0935753118867
8,5,3,ckd-0097,1,qsvc,1,1.0122546399127257
8,5,3,ckd-0105,1,qsvc,1,0.9983334411396233
8,5,3,ckd-0108,1,qsvc,1,1.013041663423767
8,5,3,ckd-0115,1,qsvc,1,1.184661068576966
8,5,3,ckd-0117,1,qsvc,1,1.3498234744599298
8,5,3,ckd-0122,1,qsvc,1,0.9288896215960991
8,5,3,ckd-0127,1,qsvc,1,1.0111665117938609
8,5,3,ckd-0131,1,qsvc,1,0.902728906021496
8,5,3,ckd-0140,1,qsvc,1,0.9788190445402338
8,5,3,ckd-0155,1,qsvc,1,0.9879648827850019
8,5,3,ckd-0156,1,qsvc,1,1.0560412678793267
8,5,3,ckd-0172,1,qsvc,1,0.9457338145989158
8,5,3,ckd-0173,1,qsvc,1,1.0287240557679627
8,5,3,ckd-0177,1,qsvc,0,-0.38238151338755155
8,5,3,ckd-0186,1,qsvc,1,1.0294024359129235
8,5,3,ckd-0188,1,qsvc,1,1.0149646951342013
8,5,3,ckd-0192,1,qsvc,1,0.9959773095690856
8,5,3,ckd-0221,1,qsvc,1,1.260350012732473
8,5,3,ckd-0231,1,qsvc,1,0.9985237220476717
8,5,3,ckd-0233,1,qsvc,1,1.1492135179738063
8,5,3,ckd-0242,1,qsvc,1,0.9597830623330086
8,5,3,ckd-0246,1,qsvc,1,0.9202367745024745
8,5,3,ckd-0248,1,qsvc,1,0.9706451075343816
8,5,3,ckd-0249,1,qsvc,1,1.0190463921194972
8,5,3,ckd-0258,0,qsvc,0,-1.220977161914862
8,5,3,ckd-0271,0,qsvc,0,-0.8991367295641534
8,5,3,ckd-0272,0,qsvc,0,-0.8387787085009973
8,5,3,ckd-0273,0,qsvc,0,-1.2660588529304415
8,5,3,ckd-0281,0,qsvc,0,-0.5883988308343059
8,5,3,ckd-0295,0,qsvc,0,-0.7432009016253164
8,5,3,ckd-0299,0,qsvc,0,-1.071481652929854
8,5,3,ckd-0305,0,qsvc,0,-0.9721353351761693
8,5,3,ckd-0308,0,qsvc,0,-0.9476692533312457
8,5,3,ckd-0316,0,qsvc,0,-1.3267002653270223
8,5,3,ckd-0318,0,qsvc,0,-1.007556134246113
8,5,3,ckd-0320,0,qsvc,1,0.11164841219030941
8,5,3,ckd-0335,0,qsvc,0,-1.5052395159095489
8,5,3,ckd-0345,0,qsvc,0,-1.0248004984525827
8,5,3,ckd-0349,0,qsvc,0,-0.9476692533312457
8,5,3,ckd-0350,0,qsvc,0,-1.04239174218793
8,5,3,ckd-0351,0,qsvc,0,-1.5018435956257017
8,5,3,ckd-0352,0,qsvc,0,-0.7004616016701576
8,5,3,ckd-0361,0,qsvc,0,-1.3860604575556046
8,5,3,ckd-0367,0,qsvc,0,-1.679195562741158
8,5,3,ckd-0368,0,qsvc,0,-1.1496995107413102
8,5,3,ckd-0370,0,qsvc,0,-1.1088785174713993
8,5,3,ckd-0393,0,qsvc,0,-1.3843839463393923
8,5,3,ckd-0395,0,qsvc,0,-1.2058626729799373
8,5,4,ckd-0005,1,classical_rbf_svm,1,1.8107691041892038
8,5,4,ckd-0009,1,classical_rbf_svm,1,1.856134060084679
8,5,4,ckd-0020,1,classical_rbf_svm,1,1.8311495712778436
8,5,4,ckd-0030,1,classical_rbf_svm,1,1.6588658481053904
8,5,4,ckd-0045,1,classical_rbf_svm,1,1.4632141161167111
8,5,4,ckd-0049,1,classical_rbf_svm,1,1.494597836193003
8,5,4,ckd-0051,1,classical_rbf_svm,1,1.79333210052764
8,5,4,ckd-0053,1,classical_rbf_svm,1,1.7185803965879634
8,5,4,ckd-0062,1,classical_rbf_svm,1,1.0573188655607737
8,5,4,ckd-0064,1,classical_rbf_svm,1,1.6235174673019364
8,5,4,ckd-0078,1,classical_rbf_svm,1,1.9758954374666653
8,5,4,ckd-0081,1,classical_rbf_svm,1,1.827676847317558
8,5,4,ckd-0085,1,classical_rbf_svm,1,1.1091193469816036
8,5,4,ckd-0093,1,classical_rbf_svm,1,1.6834554629842473
8,5,4,ckd-0096,1,classical_rbf_svm,1,1.3317906168791613
8,5,4,ckd-0099,1,classical_rbf_svm,1,1.2443994166454078
8,5,4,ckd-0119,1,classical_rbf_svm,1,1.7061434382803293
8,5,4,ckd-0121,1,classical_rbf_svm,1,1.1259699768016733
8,5,4,ckd-0130,1,classical_rbf_svm,1,1.285821338304899
8,5,4,ckd-0147,1,classical_rbf_svm,1,1.8041576383730402
8,5,4,ckd-0152,1,classical_rbf_svm,1,1.7604458188569154
8,5,4,ckd-0157,1,classical_rbf_svm,1,1.7038135197153386
8,5,4,ckd-0160,1,classical_rbf_svm,1,1.9767476923054341
8,5,4,ckd-0178,1,classical_rbf_svm,1,1.6557221256688144
8,5,4,ckd-0179,1,classical_rbf_svm,1,1.8379528859959073
8,5,4,ckd-0180,1,classical_rbf_svm,1,1.785509990215937
8,5,4,ckd-0182,1,classical_rbf_svm,1,1.411405243643757
8,5,4,ckd-0183,1,classical_rbf_svm,1,0.6856453975728689
8,5,4,ckd-0190,1,classical_rbf_svm,1,1.3267839288782546
8,5,4,ckd-0194,1,classical_rbf_svm,1,1.0518805087777316
8,5,4,ckd-0206,1,classical_rbf_svm,1,0.89043757647215
8,5,4,ckd-0219,1,classical_rbf_svm,1,1.181242175333336
8,5,4,ckd-0222,1,classical_rbf_svm,1,1.4343080917042363
8,5,4,ckd-0223,1,classical_rbf_svm,1,1.0711920768030614
8,5,4,ckd-0224,1,classical_rbf_svm,1,1.7178319579628827
8,5,4,ckd-0226,1,classical_rbf_svm,1,1.7616608941928997
8,5,4,ckd-0228,1,classical_rbf_svm,1,1.8046311601721616
8,5,4,ckd-0230,1,classical_rbf_svm,1,1.4110590573522863
8,5,4,ckd-0236,1,classical_rbf_svm,1,1.5075010489301035
8,5,4,ckd-0238,1,classical_rbf_svm,1,2.0418741260494544
8,5,4,ckd-0257,0,classical_rbf_svm,0,-1.134122254408208
8,5,4,ckd-0259,0,classical_rbf_svm,0,-0.9957262730276626
8,5,4,ckd-0284,0,classical_rbf_svm,0,-1.2037188918855737
8,5,4,ckd-0285,0,classical_rbf_svm,0,-1.093335832040026
8,5,4,ckd-0289,0,classical_rbf_svm,0,-1.3306487352765508
8,5,4,ckd-0290,0,classical_rbf_svm,0,-1.2195085948839375
8,5,4,ckd-0292,0,classical_rbf_svm,0,-1.173699638598848
8,5,4,ckd-0294,0,classical_rbf_svm,0,-1.2510818913788637
8,5,4,ckd-0297,0,classical_rbf_svm,0,-1.1167585588778475
8,5,4,ckd-0300,0,classical_rbf_svm,0,-1.173433948622368
8,5,4,ckd-0302,0,classical_rbf_svm,0,-1.203975016321308
8,5,4,ckd-0304,0,classical_rbf_svm,0,-1.1534794140168385
8,5,4,ckd-0307,0,classical_rbf_svm,0,-1.1473540805118252
8,5,4,ckd-0323,0,classical_rbf_svm,0,-1.2429135361403167
8,5,4,ckd-0342,0,classical_rbf_svm,0,-0.8659352575975829
8,5,4,ckd-0353,0,classical_rbf_svm,0,-1.2669187838487503
8,5,4,ckd-0362,0,classical_rbf_svm,0,-0.910546170509521
8,5,4,ckd-0376,0,classical_rbf_svm,0,-1.3052528043686724
8,5,4,ckd-0383,0,classical_rbf_svm,0,-1.1887116303085157
8,5,4,ckd-0384,0,classical_rbf_svm,0,-1.2760195562186918
8,5,4,ckd-0385,0,classical_rbf_svm,0,-1.1108625187551255
8,5,4,ckd-0391,0,classical_rbf_svm,0,-1.2457159932302675
8,5,4,ckd-0397,0,classical_rbf_svm,0,-0.9907301756987685
8,5,4,ckd-0398,0,classical_rbf_svm,0,-1.3068452718811865
8,5,4,ckd-0005,1,qsvc,1,1.0065629805465122
8,5,4,ckd-0009,1,qsvc,1,1.004826454606805
8,5,4,ckd-0020,1,qsvc,1,1.0006622337190003
8,5,4,ckd-0030,1,qsvc,1,0.365729965168627
8,5,4,ckd-0045,1,qsvc,1,1.0035751419295362
8,5,4,ckd-0049,1,qsvc,1,1.0123186663865138
8,5,4,ckd-0051,1,qsvc,1,0.9866609842838343
8,5,4,ckd-0053,1,qsvc,1,1.091086994175096
8,5,4,ckd-0062,1,qsvc,1,0.8902290837882885
8,5,4,ckd-0064,1,qsvc,1,0.9165706580462155
8,5,4,ckd-0078,1,qsvc,1,1.003618690365591
8,5,4,ckd-0081,1,qsvc,1,1.000357742082475
8,5,4,ckd-0085,1,qsvc,1,0.9209481029082194
8,5,4,ckd-0093,1,qsvc,1,1.0078767332024603
8,5,4,ckd-0096,1,qsvc,1,1.0309823178400235
8,5,4,ckd-0099,1,qsvc,1,0.9924244742857292
8,5,4,ckd-0119,1,qsvc,1,0.9584798342747839
8,5,4,ckd-0121,1,qsvc,1,0.9801034495983665
8,5,4,ckd-0130,1,qsvc,1,0.9517308311613959
8,5,4,ckd-0147,1,qsvc,1,0.96715890135235
8,5,4,ckd-0152,1,qsvc,1,1.0410889785425406
8,5,4,ckd-0157,1,qsvc,1,0.9901029153610719
8,5,4,ckd-0160,1,qsvc,1,1.0049143613093385
8,5,4,ckd-0178,1,qsvc,1,1.007789660563581
8,5,4,ckd-0179,1,qsvc,1,0.955139482634741
8,5,4,ckd-0180,1,qsvc,1,1.0273020074541988
8,5,4,ckd-0182,1,qsvc,1,0.9809607102717115
8,5,4,ckd-0183,1,qsvc,1,0.7686193110043649
8,5,4,ckd-0190,1,qsvc,1,1.0015722069528061
8,5,4,ckd-0194,1,qsvc,1,0.9839045709282552
8,5,4,ckd-0206,1,qsvc,1,0.9224211461686336
8,5,4,ckd-0219,1,qsvc,1,1.1890492260065022
8,5,4,ckd-0222,1,qsvc,1,0.9884359477453238
8,5,4,ckd-0223,1,qsvc,1,0.9830815816686543
8,5,4,ckd-0224,1,qsvc,1,0.990297020169386
8,5,4,ckd-0226,1,qsvc,1,1.0163818382626726
8,5,4,ckd-0228,1,qsvc,1,1.0262241415599715
8,5,4,ckd-0230,1,qsvc,1,0.9061641235271622
8,5,4,ckd-0236,1,qsvc,1,1.188543583801119
8,5,4,ckd-0238,1,qsvc,1,0.9838547803807723
8,5,4,ckd-0257,0,qsvc,0,-1.1012863682352352
8,5,4,ckd-0259,0,qsvc,0,-1.2222917445329653
8,5,4,ckd-0284,0,qsvc,0,-1.3062614507367947
8,5,4,ckd-0285,0,qsvc,0,-0.9766910469048401
8,5,4,ckd-0289,0,qsvc,0,-1.3128400482915636
8,5,4,ckd-0290,0,qsvc,0,-1.275124231160433
8,5,4,ckd-0292,0,qsvc,0,-1.2412774855089115
8,5,4,ckd-0294,0,qsvc,0,-1.3504862594042568
8,5,4,ckd-0297,0,qsvc,0,-1.0970384069753787
8,5,4,ckd-0300,0,qsvc,0,-1.085971092584653
8,5,4,ckd-0302,0,qsvc,0,-0.9423640281475044
8,5,4,ckd-0304,0,qsvc,0,-1.027663542143816
8,5,4,ckd-0307,0,qsvc,0,-1.1050715259553736
8,5,4,ckd-0323,0,qsvc,0,-1.3704890348116798
8,5,4,ckd-0342,0,qsvc,0,-0.48747603674714657
8,5,4,ckd-0353,0,qsvc,0,-1.3641979643530435
8,5,4,ckd-0362,0,qsvc,0,-0.37532651709101084
8,5,4,ckd-0376,0,qsvc,0,-1.3647238303974483
8,5,4,ckd-0383,0,qsvc,0,-1.1017982243232436
8,5,4,ckd-0384,0,qsvc,0,-1.2467699301635782
8,5,4,ckd-0385,0,qsvc,0,-1.3672286220482728
8,5,4,ckd-0391,0,qsvc,0,-1.0983713932661963
8,5,4,ckd-0397,0,qsvc,0,-0.8967319910261865
8,5,4,ckd-0398,0,qsvc,0,-1.3208361490959866
8,5,5,ckd-0004,1,classical_rbf_svm,1,1.1554761097842847
8,5,5,ckd-0007,1,classical_rbf_svm,1,1.154967406119941
8,5,5,ckd-0010,1,classical_rbf_svm,1,1.6926405632312393
8,5,5,ckd-0012,1,classical_rbf_svm,1,1.5100454443473308
8,5,5,ckd-0019,1,classical_rbf_svm,1,0.7924361035025955
8,5,5,ckd-0031,1,classical_rbf_svm,1,1.2739705234164664
8,5,5,ckd-0032,1,classical_rbf_svm,1,1.558994768320626
8,5,5,ckd-0040,1,classical_rbf_svm,1,1.7563986461887622
8,5,5,ckd-0048,1,classical_rbf_svm,1,1.2046932231433372
8,5,5,ckd-0059,1,classical_rbf_svm,1,1.8178890432892225
8,5,5,ckd-0060,1,classical_rbf_svm,1,1.4383423175443477
8,5,5,ckd-0072,1,classical_rbf_svm,1,1.6840255362573435
8,5,5,ckd-0073,1,classical_rbf_svm,1,1.561502357932595
8,5,5,ckd-0075,1,classical_rbf_svm,1,1.630142166389137
8,5,5,ckd-0083,1,classical_rbf_svm,1,0.7078098508661543
8,5,5,ckd-0090,1,classical_rbf_svm,1,0.295732417727813
8,5,5,ckd-0092,1,classical_rbf_svm,1,0.929036870348496
8,5,5,ckd-0098,1,classical_rbf_svm,1,1.921192291500882
8,5,5,ckd-0102,1,classical_rbf_svm,1,1.664640155775097
8,5,5,ckd-0109,1,classical_rbf_svm,1,0.8137681915178779
8,5,5,ckd-0116,1,classical_rbf_svm,1,0.9079283615155371
8,5,5,ckd-0125,1,classical_rbf_svm,1,1.570350097582124
8,5,5,ckd-0128,1,classical_rbf_svm,1,1.4179461143727596
8,5,5,ckd-0132,1,classical_rbf_svm,1,1.2997592140420156
8,5,5,ckd-0136,1,classical_rbf_svm,1,1.228964255438242
8,5,5,ckd-0154,1,classical_rbf_svm,1,1.137823121292195
8,5,5,ckd-0170,1,classical_rbf_svm,1,1.5414710291191585
8,5,5,ckd-0175,1,classical_rbf_svm,1,1.045058576107706
8,5,5,ckd-0184,1,classical_rbf_svm,1,1.1233676671623185
8,5,5,ckd-0187,1,classical_rbf_svm,1,1.1593302085020296
8,5,5,ckd-0189,1,classical_rbf_svm,1,0.13350420586938416
8,5,5,ckd-0193,1,classical_rbf_svm,1,0.41372153987606874
8,5,5,ckd-0195,1,classical_rbf_svm,1,1.7417125523184778
8,5,5,ckd-0196,1,classical_rbf_svm,1,1.4088287126058736
8,5,5,ckd-0201,1,classical_rbf_svm,1,1.2422914411787134
8,5,5,ckd-0207,1,classical_rbf_svm,1,1.370946518983376
8,5,5,ckd-0214,1,classical_rbf_svm,1,1.5856451136972538
8,5,5,ckd-0234,1,classical_rbf_svm,1,1.3683920026744112
8,5,5,ckd-0244,1,classical_rbf_svm,1,0.5862943574842888
8,5,5,ckd-0247,1,classical_rbf_svm,1,1.1759301044565673
8,5,5,ckd-0251,0,classical_rbf_svm,0,-1.324535993196886
8,5,5,ckd-0256,0,classical_rbf_svm,0,-1.0951010869273494
8,5,5,ckd-0266,0,classical_rbf_svm,0,-1.1889032615204256
8,5,5,ckd-0267,0,classical_rbf_svm,0,-0.5527384618079493
8,5,5,ckd-0277,0,classical_rbf_svm,0,-0.9360870055100431
8,5,5,ckd-0279,0,classical_rbf_svm,0,-1.077413037778761
8,5,5,ckd-0283,0,classical_rbf_svm,0,-1.107200156855178
8,5,5,ckd-0288,0,classical_rbf_svm,0,-0.9713990588383529
8,5,5,ckd-0298,0,classical_rbf_svm,0,-1.3318691717471225
8,5,5,ckd-0301,0,classical_rbf_svm,0,-1.1301313606432344
8,5,5,ckd-0303,0,classical_rbf_svm,0,-1.2317127139977524
8,5,5,ckd-0312,0,classical_rbf_svm,0,-1.1138472638451367
8,5,5,ckd-0319,0,classical_rbf_svm,0,-1.0014500663574126
8,5,5,ckd-0328,0,classical_rbf_svm,0,-1.0179209873809425
8,5,5,ckd-0344,0,classical_rbf_svm,0,-1.268814067912341
8,5,5,ckd-0357,0,classical_rbf_svm,0,-1.2437620737701307
8,5,5,ckd-0358,0,classical_rbf_svm,0,-0.9306497792165443
8,5,5,ckd-0372,0,classical_rbf_svm,0,-1.0205082563818255
8,5,5,ckd-0373,0,classical_rbf_svm,0,-1.1841256110927691
8,5,5,ckd-0374,0,classical_rbf_svm,0,-1.173683123789517
8,5,5,ckd-0378,0,classical_rbf_svm,0,-1.123744018739897
8,5,5,ckd-0382,0,classical_rbf_svm,0,-1.1175589016936622
8,5,5,ckd-0389,0,classical_rbf_svm,0,-1.2594157833356898
8,5,5,ckd-0400,0,classical_rbf_svm,0,-1.1374939939424276
8,5,5,ckd-0004,1,qsvc,1,0.9961547616786802
8,5,5,ckd-0007,1,qsvc,1,1.1566631952878077
8,5,5,ckd-0010,1,qsvc,1,0.9246172393379664
8,5,5,ckd-0012,1,qsvc,1,0.986263314779614
8,5,5,ckd-0019,1,qsvc,1,1.0224357083033553
8,5,5,ckd-0031,1,qsvc,1,0.9837810889096592
8,5,5,ckd-0032,1,qsvc,1,0.9738052918836884
8,5,5,ckd-0040,1,qsvc,1,0.9767913776667159
8,5,5,ckd-0048,1,qsvc,1,0.33822801998465213
8,5,5,ckd-0059,1,qsvc,1,0.9383732476030312
8,5,5,ckd-0060,1,qsvc,1,0.9807597172076922
8,5,5,ckd-0072,1,qsvc,1,0.9840494201031209
8,5,5,ckd-0073,1,qsvc,1,0.942934059595917
8,5,5,ckd-0075,1,qsvc,1,0.9301171895508343
8,5,5,ckd-0083,1,qsvc,1,0.9548719339978555
8,5,5,ckd-0090,1,qsvc,1,0.8481864851747097
8,5,5,ckd-0092,1,qsvc,1,0.5503692044475741
8,5,5,ckd-0098,1,qsvc,1,0.9670890777705529
8,5,5,ckd-0102,1,qsvc,1,0.9870649738285234
8,5,5,ckd-0109,1,qsvc,1,1.2097482482720414
8,5,5,ckd-0116,1,qsvc,1,0.35889615658166885
8,5,5,ckd-0125,1,qsvc,1,1.0155152351802044
8,5,5,ckd-0128,1,qsvc,1,0.9983878120307866
8,5,5,ckd-0132,1,qsvc,1,1.4350058796782208
8,5,5,ckd-0136,1,qsvc,1,0.9828235929538058
8,5,5,ckd-0154,1,qsvc,1,0.9480055727291858
8,5,5,ckd-0170,1,qsvc,1,0.9233132120866634
8,5,5,ckd-0175,1,qsvc,1,0.9459220560265003
8,5,5,ckd-0184,1,qsvc,1,1.0328443083371046
8,5,5,ckd-0187,1,qsvc,0,-0.2703699838391995
8,5,5,ckd-0189,1,qsvc,1,0.27101411999966796
8,5,5,ckd-0193,1,qsvc,1,1.0890317902787217
8,5,5,ckd-0195,1,qsvc,1,0.9781015995564302
8,5,5,ckd-0196,1,qsvc,1,0.9586011801357638
8,5,5,ckd-0201,1,qsvc,1,1.0125891887124052
8,5,5,ckd-0207,1,qsvc,1,0.9266090680032814
8,5,5,ckd-0214,1,qsvc,1,1.0088873666531062
8,5,5,ckd-0234,1,qsvc,1,1.002526745988347
8,5,5,ckd-0244,1,qsvc,1,0.9307600550352016
8,5,5,ckd-0247,1,qsvc,1,0.9444505258221901
8,5,5,ckd-0251,0,qsvc,0,-1.5042422027842057
8,5,5,ckd-0256,0,qsvc,0,-0.6674071833060318
8,5,5,ckd-0266,0,qsvc,0,-1.2756905040541906
8,5,5,ckd-0267,0,qsvc,0,-0.6901280798583629
8,5,5,ckd-0277,0,qsvc,0,-0.7150673820595623
8,5,5,ckd-0279,0,qsvc,0,-1.3411561975491322
8,5,5,ckd-0283,0,qsvc,0,-1.3678137425365853
8,5,5,ckd-0288,0,qsvc,0,-0.7485978521695122
8,5,5,ckd-0298,0,qsvc,0,-1.5530049625517395
8,5,5,ckd-0301,0,qsvc,0,-1.3800130627960707
8,5,5,ckd-0303,0,qsvc,0,-1.3743224700892152
8,5,5,ckd-0312,0,qsvc,0,-1.1242404140360955
8,5,5,ckd-0319,0,qsvc,0,-0.831551945297043
8,5,5,ckd-0328,0,qsvc,0,-0.8922404492228919
8,5,5,ckd-0344,0,qsvc,0,-1.340766911754802
8,5,5,ckd-0357,0,qsvc,0,-1.226186395058649
8,5,5,ckd-0358,0,qsvc,0,-0.672104942284337
8,5,5,ckd-0372,0,qsvc,0,-0.8457047306842178
8,5,5,ckd-0373,0,qsvc,0,-1.1350315658262524
8,5,5,ckd-0374,0,qsvc,0,-1.211214106258416
8,5,5,ckd-0378,0,qsvc,0,-1.1070891766959408
8,5,5,ckd-0382,0,qsvc,0,-1.0286352463277424
8,5,5,ckd-0389,0,qsvc,0,-1.4616694812858884
8,5,5,ckd-0400,0,qsvc,0,-1.0944923778958666
8,6,1,ckd-0001,1,classical_rbf_svm,1,0.3163781698805106
8,6,1,ckd-0004,1,classical_rbf_svm,1,1.1430743666760155
8,6,1,ckd-0007,1,classical_rbf_svm,1,1.1643767237992313
8,6,1,ckd-0028,1,classical_rbf_svm,1,1.522664490124753
8,6,1,ckd-0032,1,classical_rbf_svm,1,1.5667503575616548
8,6,1,ckd-0048,1,classical_rbf_svm,1,1.1623427074675379
8,6,1,ckd-0051,1,classical_rbf_svm,1,1.8011958844060405
8,6,1,ckd-0063,1,classical_rbf_svm,1,1.5977567910542259
8,6,1,ckd-0076,1,classical_rbf_svm,1,1.5357977358688994
8,6,1,ckd-0092,1,classical_rbf_svm,1,0.9541039501796519
8,6,1,ckd-0093,1,classical_rbf_svm,1,1.4862767158648438
8,6,1,ckd-0099,1,classical_rbf_svm,1,1.2010372613107037
8,6,1,ckd-0107,1,classical_rbf_svm,1,1.1700646132843269
8,6,1,ckd-0114,1,classical_rbf_svm,1,1.4555141266639078
8,6,1,ckd-0116,1,classical_rbf_svm,1,0.9834631900792226
8,6,1,ckd-0120,1,classical_rbf_svm,1,1.1894527240661008
8,6,1,ckd-0122,1,classical_rbf_svm,1,1.002980357037582
8,6,1,ckd-0129,1,classical_rbf_svm,1,1.1335390434101593
8,6,1,ckd-0133,1,classical_rbf_svm,1,1.325861818402085
8,6,1,ckd-0138,1,classical_rbf_svm,1,1.5671060539559698
8,6,1,ckd-0141,1,classical_rbf_svm,1,1.1894527240661008
8,6,1,ckd-0156,1,classical_rbf_svm,1,1.4046377567523844
8,6,1,ckd-0158,1,classical_rbf_svm,1,1.2841974759014678
8,6,1,ckd-0162,1,classical_rbf_svm,1,1.3453591464963486
8,6,1,ckd-0174,1,classical_rbf_svm,1,1.0929811342000633
8,6,1,ckd-0175,1,classical_rbf_svm,1,1.282264871301155
8,6,1,ckd-0178,1,classical_rbf_svm,1,1.3882133338676699
8,6,1,ckd-0188,1,classical_rbf_svm,1,1.6122340607759336
8,6,1,ckd-0196,1,classical_rbf_svm,1,1.4516349569811542
8,6,1,ckd-0199,1,classical_rbf_svm,1,1.3684454332492335
8,6,1,ckd-0206,1,classical_rbf_svm,1,0.7242921731743414
8,6,1,ckd-0218,1,classical_rbf_svm,1,1.7186567543989362
8,6,1,ckd-0219,1,classical_rbf_svm,1,1.2204679248372017
8,6,1,ckd-0220,1,classical_rbf_svm,1,1.6215027441243586
8,6,1,ckd-0223,1,classical_rbf_svm,1,0.9893284983211869
8,6,1,ckd-0233,1,classical_rbf_svm,1,0.9544243122705958
8,6,1,ckd-0236,1,classical_rbf_svm,1,1.3886931902061854
8,6,1,ckd-0242,1,classical_rbf_svm,1,1.7204297848403975
8,6,1,ckd-0246,1,classical_rbf_svm,1,1.2518935317318458
8,6,1,ckd-0249,1,classical_rbf_svm,1,1.6771266028092713
8,6,1,ckd-0252,0,classical_rbf_svm,0,-1.1702130039794258
8,6,1,ckd-0265,0,classical_rbf_svm,0,-1.2377044154345114
8,6,1,ckd-0270,0,classical_rbf_svm,0,-1.470866613333872
8,6,1,ckd-0279,0,classical_rbf_svm,0,-1.0682056895950927
8,6,1,ckd-0284,0,classical_rbf_svm,0,-1.20530878263638
8,6,1,ckd-0288,0,classical_rbf_svm,0,-0.997328003458948
8,6,1,ckd-0303,0,classical_rbf_svm,0,-1.2703871483420748
8,6,1,ckd-0306,0,classical_rbf_svm,0,-1.0911707430123865
8,6,1,ckd-0308,0,classical_rbf_svm,0,-0.869292863983798
8,6,1,ckd-0320,0,classical_rbf_svm,0,-0.020626410085309632
8,6,1,ckd-0334,0,classical_rbf_svm,0,-1.1496659007042391
8,6,1,ckd-0335,0,classical_rbf_svm,0,-1.3616701157584663
8,6,1,ckd-0341,0,classical_rbf_svm,0,-1.2121384131233286
8,6,1,ckd-0344,0,classical_rbf_svm,0,-1.4104311164143792
8,6,1,ckd-0349,0,classical_rbf_svm,0,-0.869292863983798
8,6,1,ckd-0350,0,classical_rbf_svm,0,-1.3148297557161903
8,6,1,ckd-0353,0,classical_rbf_svm,0,-1.2990928526420091
8,6,1,ckd-0355,0,classical_rbf_svm,0,-1.145563570517053
8,6,1,ckd-0366,0,classical_rbf_svm,0,-0.026915271961981624
8,6,1,ckd-0368,0,classical_rbf_svm,0,-1.2035782379104794
8,6,1,ckd-0373,0,classical_rbf_svm,0,-1.2262369754310212
8,6,1,ckd-0378,0,classical_rbf_svm,0,-1.1287988262615152
8,6,1,ckd-0387,0,classical_rbf_svm,0,-1.4034887231383701
8,6,1,ckd-0397,0,classical_rbf_svm,0,-1.0941502503011977
8,6,1,ckd-0001,1,qsvc,1,0.8731420498057781
8,6,1,ckd-0004,1,qsvc,1,0.9883242419845955
8,6,1,ckd-0007,1,qsvc,1,1.0360629446142113
8,6,1,ckd-0028,1,qsvc,1,1.0112143195341003
8,6,1,ckd-0032,1,qsvc,1,0.973365280769461
8,6,1,ckd-0048,1,qsvc,1,0.3804903621097327
8,6,1,ckd-0051,1,qsvc,1,0.9940249271134357
8,6,1,ckd-0063,1,qsvc,1,0.9787729494269783
8,6,1,ckd-0076,1,qsvc,1,0.6027653210958934
8,6,1,ckd-0092,1,qsvc,1,0.5733625728010268
8,6,1,ckd-0093,1,qsvc,1,1.0100036220630815
8,6,1,ckd-0099,1,qsvc,1,0.9436192297734026
8,6,1,ckd-0107,1,qsvc,1,0.9932844592410923
8,6,1,ckd-0114,1,qsvc,1,1.021165786094685
8,6,1,ckd-0116,1,qsvc,1,0.11266072121127546
8,6,1,ckd-0120,1,qsvc,1,0.7435538406986053
8,6,1,ckd-0122,1,qsvc,1,0.8771319672413178
8,6,1,ckd-0129,1,qsvc,1,1.0124749065785337
8,6,1,ckd-0133,1,qsvc,1,0.6986665415773984
8,6,1,ckd-0138,1,qsvc,1,0.9686674346863152
8,6,1,ckd-0141,1,qsvc,1,0.7435538406986053
8,6,1,ckd-0156,1,qsvc,1,1.048304497103632
8,6,1,ckd-0158,1,qsvc,1,0.9733950122493855
8,6,1,ckd-0162,1,qsvc,1,0.939201643524396
8,6,1,ckd-0174,1,qsvc,1,0.9943773514795995
8,6,1,ckd-0175,1,qsvc,1,1.0475672894330876
8,6,1,ckd-0178,1,qsvc,1,0.9889941483168105
8,6,1,ckd-0188,1,qsvc,1,1.0700609730246615
8,6,1,ckd-0196,1,qsvc,1,0.9334423106174554
8,6,1,ckd-0199,1,qsvc,1,0.9638066793328515
8,6,1,ckd-0206,1,qsvc,1,0.8925428521205756
8,6,1,ckd-0218,1,qsvc,1,1.0731301249208645
8,6,1,ckd-0219,1,qsvc,1,1.202599087369392
8,6,1,ckd-0220,1,qsvc,1,0.9964638668889009
8,6,1,ckd-0223,1,qsvc,1,0.9754266107489729
8,6,1,ckd-0233,1,qsvc,1,1.075942573064255
8,6,1,ckd-0236,1,qsvc,1,1.097304423058912
8,6,1,ckd-0242,1,qsvc,1,0.9396864124123924
8,6,1,ckd-0246,1,qsvc,1,0.8264582393605349
8,6,1,ckd-0249,1,qsvc,1,1.0207138015863886
8,6,1,ckd-0252,0,qsvc,0,-0.9911552356999916
8,6,1,ckd-0265,0,qsvc,0,-1.2712673015247815
8,6,1,ckd-0270,0,qsvc,0,-1.4357393879018265
8,6,1,ckd-0279,0,qsvc,0,-1.3824527261921102
8,6,1,ckd-0284,0,qsvc,0,-1.3733845280601766
8,6,1,ckd-0288,0,qsvc,0,-0.869332159559202
8,6,1,ckd-0303,0,qsvc,0,-1.4455688465248895
8,6,1,ckd-0306,0,qsvc,0,-0.953529383050265
8,6,1,ckd-0308,0,qsvc,0,-1.0571074979851054
8,6,1,ckd-0320,0,qsvc,1,0.25509781077142846
8,6,1,ckd-0334,0,qsvc,0,-1.0353550542879968
8,6,1,ckd-0335,0,qsvc,0,-1.4665030289268852
8,6,1,ckd-0341,0,qsvc,0,-1.2510735261600998
8,6,1,ckd-0344,0,qsvc,0,-1.2878020768554665
8,6,1,ckd-0349,0,qsvc,0,-1.0571074979851054
8,6,1,ckd-0350,0,qsvc,0,-0.9261018683074137
8,6,1,ckd-0353,0,qsvc,0,-1.4610788732623328
8,6,1,ckd-0355,0,qsvc,0,-1.1243899084327222
8,6,1,ckd-0366,0,qsvc,1,0.2488987096808043
8,6,1,ckd-0368,0,qsvc,0,-1.088690447919947
8,6,1,ckd-0373,0,qsvc,0,-1.1492156749272988
8,6,1,ckd-0378,0,qsvc,0,-1.2421424282070306
8,6,1,ckd-0387,0,qsvc,0,-1.3546717380881046
8,6,1,ckd-0397,0,qsvc,0,-0.8864606134163379
8,6,2,ckd-0014,1,classical_rbf_svm,1,1.7819660977907328
8,6,2,ckd-0019,1,classical_rbf_svm,1,0.7791654814084683
8,6,2,ckd-0026,1,classical_rbf_svm,1,1.4183084114539866
8,6,2,ckd-0027,1,classical_rbf_svm,1,1.9521662286488446
8,6,2,ckd-0036,1,classical_rbf_svm,1,1.9563744864093768
8,6,2,ckd-0057,1,classical_rbf_svm,1,1.5442721476273014
8,6,2,ckd-0066,1,classical_rbf_svm,1,0.7081464472268458
8,6,2,ckd-0069,1,classical_rbf_svm,1,1.7829631259795105
8,6,2,ckd-0072,1,classical_rbf_svm,1,1.7352891329499225
8,6,2,ckd-0075,1,classical_rbf_svm,1,1.7523647637282747
8,6,2,ckd-0080,1,classical_rbf_svm,1,1.7800624965159535
8,6,2,ckd-0081,1,classical_rbf_svm,1,1.7881160220238195
8,6,2,ckd-0085,1,classical_rbf_svm,1,1.0580280204424837
8,6,2,ckd-0086,1,classical_rbf_svm,1,1.9081259622021651
8,6,2,ckd-0089,1,classical_rbf_svm,1,1.4383381154029256
8,6,2,ckd-0091,1,classical_rbf_svm,1,1.6795478707133678
8,6,2,ckd-0094,1,classical_rbf_svm,1,1.4376321386541564
8,6,2,ckd-0096,1,classical_rbf_svm,1,1.339729574981343
8,6,2,ckd-0097,1,classical_rbf_svm,1,1.9335666948706063
8,6,2,ckd-0101,1,classical_rbf_svm,1,1.3940791634392773
8,6,2,ckd-0108,1,classical_rbf_svm,1,2.050525429272029
8,6,2,ckd-0111,1,classical_rbf_svm,1,1.276980476181393
8,6,2,ckd-0139,1,classical_rbf_svm,1,1.4439103770125576
8,6,2,ckd-0147,1,classical_rbf_svm,1,1.6655409222490976
8,6,2,ckd-0150,1,classical_rbf_svm,1,1.6304711103454013
8,6,2,ckd-0160,1,classical_rbf_svm,1,1.9017599281651312
8,6,2,ckd-0166,1,classical_rbf_svm,1,0.5352511602513437
8,6,2,ckd-0172,1,classical_rbf_svm,1,1.4808329611400215
8,6,2,ckd-0187,1,classical_rbf_svm,1,1.2951063065095108
8,6,2,ckd-0190,1,classical_rbf_svm,1,1.2504660472726532
8,6,2,ckd-0191,1,classical_rbf_svm,1,1.2999012174596272
8,6,2,ckd-0192,1,classical_rbf_svm,1,1.3316956416007402
8,6,2,ckd-0193,1,classical_rbf_svm,1,0.5518759031443774
8,6,2,ckd-0200,1,classical_rbf_svm,1,1.6167680870204442
8,6,2,ckd-0211,1,classical_rbf_svm,1,1.0462867200308086
8,6,2,ckd-0221,1,classical_rbf_svm,1,1.464778250622477
8,6,2,ckd-0224,1,classical_rbf_svm,1,1.6306661373866658
8,6,2,ckd-0231,1,classical_rbf_svm,1,1.8266632298508947
8,6,2,ckd-0247,1,classical_rbf_svm,1,1.2136213303965624
8,6,2,ckd-0248,1,classical_rbf_svm,1,0.5050437687899323
8,6,2,ckd-0253,0,classical_rbf_svm,0,-1.4502426867778269
8,6,2,ckd-0263,0,classical_rbf_svm,0,-1.1781703279845464
8,6,2,ckd-0267,0,classical_rbf_svm,0,-0.4803240954464576
8,6,2,ckd-0269,0,classical_rbf_svm,0,-1.1084632246348565
8,6,2,ckd-0272,0,classical_rbf_svm,0,-1.0713111322666449
8,6,2,ckd-0273,0,classical_rbf_svm,0,-1.2203997890471645
8,6,2,ckd-0280,0,classical_rbf_svm,0,-1.4061843000674443
8,6,2,ckd-0282,0,classical_rbf_svm,0,-1.2206668921553905
8,6,2,ckd-0289,0,classical_rbf_svm,0,-1.3472968804278294
8,6,2,ckd-0294,0,classical_rbf_svm,0,-1.2594628273887816
8,6,2,ckd-0295,0,classical_rbf_svm,0,-0.7347185104344498
8,6,2,ckd-0297,0,classical_rbf_svm,0,-1.1132483999019698
8,6,2,ckd-0300,0,classical_rbf_svm,0,-1.2184679896215913
8,6,2,ckd-0323,0,classical_rbf_svm,0,-1.233542811268133
8,6,2,ckd-0324,0,classical_rbf_svm,0,-1.4172062153578677
8,6,2,ckd-0325,0,classical_rbf_svm,0,-0.19597702978310272
8,6,2,ckd-0326,0,classical_rbf_svm,0,-1.125135116722038
8,6,2,ckd-0327,0,classical_rbf_svm,0,-1.0572098555289169
8,6,2,ckd-0357,0,classical_rbf_svm,0,-1.3233538642819331
8,6,2,ckd-0358,0,classical_rbf_svm,0,-0.9931883469285023
8,6,2,ckd-0361,0,classical_rbf_svm,0,-1.3017883691984835
8,6,2,ckd-0362,0,classical_rbf_svm,0,-0.9732878083336611
8,6,2,ckd-0396,0,classical_rbf_svm,0,-1.3462237868680234
8,6,2,ckd-0399,0,classical_rbf_svm,0,-1.271437428314239
8,6,2,ckd-0014,1,qsvc,1,0.9561681898773728
8,6,2,ckd-0019,1,qsvc,1,1.0039721238221688
8,6,2,ckd-0026,1,qsvc,1,1.01140165304385
8,6,2,ckd-0027,1,qsvc,1,1.0034896216597986
8,6,2,ckd-0036,1,qsvc,1,0.9766034575634613
8,6,2,ckd-0057,1,qsvc,1,1.010774108119421
8,6,2,ckd-0066,1,qsvc,1,0.03326782605468037
8,6,2,ckd-0069,1,qsvc,1,1.023217155038622
8,6,2,ckd-0072,1,qsvc,1,1.0170977171006361
8,6,2,ckd-0075,1,qsvc,1,0.9369581297717171
8,6,2,ckd-0080,1,qsvc,1,1.0009599366507094
8,6,2,ckd-0081,1,qsvc,1,1.0012824439476864
8,6,2,ckd-0085,1,qsvc,1,0.9054519822192303
8,6,2,ckd-0086,1,qsvc,1,0.9349290995423123
8,6,2,ckd-0089,1,qsvc,1,1.0022357313533732
8,6,2,ckd-0091,1,qsvc,1,1.0567323292054276
8,6,2,ckd-0094,1,qsvc,1,0.9952738767029472
8,6,2,ckd-0096,1,qsvc,1,1.044556423409619
8,6,2,ckd-0097,1,qsvc,1,1.0047208326425534
8,6,2,ckd-0101,1,qsvc,1,1.3499958701708452
8,6,2,ckd-0108,1,qsvc,1,1.0208001463773824
8,6,2,ckd-0111,1,qsvc,1,1.2591429621285486
8,6,2,ckd-0139,1,qsvc,1,1.0752035741095238
8,6,2,ckd-0147,1,qsvc,1,0.9885915163546568
8,6,2,ckd-0150,1,qsvc,1,1.0145273686470113
8,6,2,ckd-0160,1,qsvc,1,0.9885082157808347
8,6,2,ckd-0166,1,qsvc,1,0.8084621322452069
8,6,2,ckd-0172,1,qsvc,1,0.9231340939621923
8,6,2,ckd-0187,1,qsvc,0,-0.006357773825529378
8,6,2,ckd-0190,1,qsvc,1,0.9990050925071625
8,6,2,ckd-0191,1,qsvc,1,0.751708187751712
8,6,2,ckd-0192,1,qsvc,1,0.9901492180462523
8,6,2,ckd-0193,1,qsvc,1,1.351280985944915
8,6,2,ckd-0200,1,qsvc,1,0.9799655956384673
8,6,2,ckd-0211,1,qsvc,1,0.9368727194328439
8,6,2,ckd-0221,1,qsvc,1,1.3504383858212694
8,6,2,ckd-0224,1,qsvc,1,0.9876326925022496
8,6,2,ckd-0231,1,qsvc,1,1.0057542700477748
8,6,2,ckd-0247,1,qsvc,1,0.9476975050765605
8,6,2,ckd-0248,1,qsvc,1,0.9856994314813801
8,6,2,ckd-0253,0,qsvc,0,-1.62736081126701
8,6,2,ckd-0263,0,qsvc,0,-1.4154661113268125
8,6,2,ckd-0267,0,qsvc,0,-0.4563327427649776
8,6,2,ckd-0269,0,qsvc,0,-0.9366606028376284
8,6,2,ckd-0272,0,qsvc,0,-0.8527387242488348
8,6,2,ckd-0273,0,qsvc,0,-1.3101064565478149
8,6,2,ckd-0280,0,qsvc,0,-1.4862257887870354
8,6,2,ckd-0282,0,qsvc,0,-1.3170570135792485
8,6,2,ckd-0289,0,qsvc,0,-1.3858585110950434
8,6,2,ckd-0294,0,qsvc,0,-1.4199369287906771
8,6,2,ckd-0295,0,qsvc,0,-0.7970248637427265
8,6,2,ckd-0297,0,qsvc,0,-1.0950596300333233
8,6,2,ckd-0300,0,qsvc,0,-1.0611591601527817
8,6,2,ckd-0323,0,qsvc,0,-1.3904506075427574
8,6,2,ckd-0324,0,qsvc,0,-1.6085586806196548
8,6,2,ckd-0325,0,qsvc,0,-0.0077025089128320845
8,6,2,ckd-0326,0,qsvc,0,-1.0832136605932585
8,6,2,ckd-0327,0,qsvc,0,-1.2590837333194012
8,6,2,ckd-0357,0,qsvc,0,-1.257520996857259
8,6,2,ckd-0358,0,qsvc,0,-0.7334045863095074
8,6,2,ckd-0361,0,qsvc,0,-1.4130677768273725
8,6,2,ckd-0362,0,qsvc,0,-0.3321376682573126
8,6,2,ckd-0396,0,qsvc,0,-1.4741091202869359
8,6,2,ckd-0399,0,qsvc,0,-1.094830469057872
8,6,3,ckd-0008,1,classical_rbf_svm,1,1.2708701746554065
8,6,3,ckd-0010,1,classical_rbf_svm,1,1.57517868354513
8,6,3,ckd-0023,1,classical_rbf_svm,1,1.1122022945517498
8,6,3,ckd-0024,1,classical_rbf_svm,1,1.42450052314301
8,6,3,ckd-0025,1,classical_rbf_svm,1,1.2967342088952183
8,6,3,ckd-0029,1,classical_rbf_svm,1,0.7663405260760459
8,6,3,ckd-0040,1,classical_rbf_svm,1,1.7469520899817381
8,6,3,ckd-0045,1,classical_rbf_svm,1,1.3131125422554382
8,6,3,ckd-0055,1,classical_rbf_svm,1,1.5999585854435905
8,6,3,ckd-0062,1,classical_rbf_svm,1,0.9714511447152908
8,6,3,ckd-0073,1,classical_rbf_svm,1,1.5084740710114537
8,6,3,ckd-0074,1,classical_rbf_svm,1,1.0154498004303856
8,6,3,ckd-0078,1,classical_rbf_svm,1,1.85473534874386
8,6,3,ckd-0082,1,classical_rbf_svm,1,1.5520311400669478
8,6,3,ckd-0088,1,classical_rbf_svm,1,1.5167478747600862
8,6,3,ckd-0090,1,classical_rbf_svm,1,0.3293020541302354
8,6,3,ckd-0113,1,classical_rbf_svm,1,1.3555819534992146
8,6,3,ckd-0119,1,classical_rbf_svm,1,1.4683604846930893
8,6,3,ckd-0121,1,classical_rbf_svm,1,0.8572547725442954
8,6,3,ckd-0130,1,classical_rbf_svm,1,1.0036207550111536
8,6,3,ckd-0154,1,classical_rbf_svm,1,1.107798252129273
8,6,3,ckd-0155,1,classical_rbf_svm,1,0.9803594815314676
8,6,3,ckd-0170,1,classical_rbf_svm,1,1.532540551981122
8,6,3,ckd-0171,1,classical_rbf_svm,1,1.6811967127822869
8,6,3,ckd-0179,1,classical_rbf_svm,1,1.3846334830456488
8,6,3,ckd-0183,1,classical_rbf_svm,1,0.43691048921106523
8,6,3,ckd-0186,1,classical_rbf_svm,1,0.56234115123747
8,6,3,ckd-0195,1,classical_rbf_svm,1,1.7300141918415004
8,6,3,ckd-0197,1,classical_rbf_svm,1,1.1055032461532832
8,6,3,ckd-0198,1,classical_rbf_svm,1,1.4139270243489777
8,6,3,ckd-0201,1,classical_rbf_svm,1,1.1736636570412378
8,6,3,ckd-0207,1,classical_rbf_svm,1,1.5066019865606795
8,6,3,ckd-0208,1,classical_rbf_svm,1,1.7362263012860897
8,6,3,ckd-0210,1,classical_rbf_svm,1,0.09302706828499285
8,6,3,ckd-0213,1,classical_rbf_svm,1,1.3615985074375092
8,6,3,ckd-0226,1,classical_rbf_svm,1,1.542332743042345
8,6,3,ckd-0232,1,classical_rbf_svm,1,1.468928245628704
8,6,3,ckd-0234,1,classical_rbf_svm,1,1.2946962060021237
8,6,3,ckd-0238,1,classical_rbf_svm,1,1.7118620775210696
8,6,3,ckd-0244,1,classical_rbf_svm,1,0.5260534759857554
8,6,3,ckd-0255,0,classical_rbf_svm,0,-1.0767807096624433
8,6,3,ckd-0258,0,classical_rbf_svm,0,-1.0940760427421807
8,6,3,ckd-0262,0,classical_rbf_svm,0,-1.0670003957142606
8,6,3,ckd-0266,0,classical_rbf_svm,0,-1.166693177631403
8,6,3,ckd-0274,0,classical_rbf_svm,0,-0.27058468475884245
8,6,3,ckd-0277,0,classical_rbf_svm,0,-1.0039347919870982
8,6,3,ckd-0281,0,classical_rbf_svm,0,-0.9435523533299524
8,6,3,ckd-0287,0,classical_rbf_svm,0,-1.1355837586486812
8,6,3,ckd-0290,0,classical_rbf_svm,0,-1.191614868269371
8,6,3,ckd-0298,0,classical_rbf_svm,0,-1.3633326421179928
8,6,3,ckd-0302,0,classical_rbf_svm,0,-1.1701286950755962
8,6,3,ckd-0313,0,classical_rbf_svm,0,-1.2398555081772789
8,6,3,ckd-0316,0,classical_rbf_svm,0,-1.2116816484351278
8,6,3,ckd-0332,0,classical_rbf_svm,0,-1.1689549593224644
8,6,3,ckd-0348,0,classical_rbf_svm,0,-1.110337479229702
8,6,3,ckd-0359,0,classical_rbf_svm,0,-0.7864407018904875
8,6,3,ckd-0367,0,classical_rbf_svm,0,-1.3796469041749
8,6,3,ckd-0369,0,classical_rbf_svm,0,-1.3486754423039473
8,6,3,ckd-0370,0,classical_rbf_svm,0,-1.0040706082184843
8,6,3,ckd-0382,0,classical_rbf_svm,0,-1.1519968720974485
8,6,3,ckd-0383,0,classical_rbf_svm,0,-1.1654861260487777
8,6,3,ckd-0391,0,classical_rbf_svm,0,-1.2253345612023119
8,6,3,ckd-0393,0,classical_rbf_svm,0,-1.1879001161082008
8,6,3,ckd-0400,0,classical_rbf_svm,0,-1.1367175677832622
8,6,3,ckd-0008,1,qsvc,1,0.9720799748615178
8,6,3,ckd-0010,1,qsvc,1,0.9431925770203363
8,6,3,ckd-0023,1,qsvc,1,0.9428175089622932
8,6,3,ckd-0024,1,qsvc,1,0.9920394246721796
8,6,3,ckd-0025,1,qsvc,1,0.9721416978577457
8,6,3,ckd-0029,1,qsvc,1,1.0091950776720993
8,6,3,ckd-0040,1,qsvc,1,0.974305618476615
8,6,3,ckd-0045,1,qsvc,1,1.0072700061231359
8,6,3,ckd-0055,1,qsvc,1,0.9976862017266741
8,6,3,ckd-0062,1,qsvc,1,0.9375568974993502
8,6,3,ckd-0073,1,qsvc,1,0.9629691309308352
8,6,3,ckd-0074,1,qsvc,1,0.9225919414868147
8,6,3,ckd-0078,1,qsvc,1,1.0095332063427178
8,6,3,ckd-0082,1,qsvc,1,0.9829992681672084
8,6,3,ckd-0088,1,qsvc,1,1.0011610791646472
8,6,3,ckd-0090,1,qsvc,1,0.8385505758288094
8,6,3,ckd-0113,1,qsvc,1,1.0417718129505966
8,6,3,ckd-0119,1,qsvc,1,0.9875721000958186
8,6,3,ckd-0121,1,qsvc,1,0.9809372086741633
8,6,3,ckd-0130,1,qsvc,1,0.9670920247814028
8,6,3,ckd-0154,1,qsvc,1,0.9265876092038124
8,6,3,ckd-0155,1,qsvc,1,0.945547417394635
8,6,3,ckd-0170,1,qsvc,1,0.934037726800323
8,6,3,ckd-0171,1,qsvc,1,0.9529323663374086
8,6,3,ckd-0179,1,qsvc,1,0.9618518084863095
8,6,3,ckd-0183,1,qsvc,1,0.5798241618867486
8,6,3,ckd-0186,1,qsvc,1,0.7758384831395062
8,6,3,ckd-0195,1,qsvc,1,0.9751379798011457
8,6,3,ckd-0197,1,qsvc,1,0.9378727300311597
8,6,3,ckd-0198,1,qsvc,1,1.0124025557755307
8,6,3,ckd-0201,1,qsvc,1,1.022079024890366
8,6,3,ckd-0207,1,qsvc,1,0.8919678391195386
8,6,3,ckd-0208,1,qsvc,1,0.9859344918950894
8,6,3,ckd-0210,1,qsvc,1,0.10513458986768454
8,6,3,ckd-0213,1,qsvc,1,0.9650639997889745
8,6,3,ckd-0226,1,qsvc,1,1.0110948103825814
8,6,3,ckd-0232,1,qsvc,1,1.0814980893372612
8,6,3,ckd-0234,1,qsvc,1,0.99913001600641
8,6,3,ckd-0238,1,qsvc,1,0.9697309998346736
8,6,3,ckd-0244,1,qsvc,1,0.9306829634824257
8,6,3,ckd-0255,0,qsvc,0,-0.9326643736730403
8,6,3,ckd-0258,0,qsvc,0,-1.2769541778767297
8,6,3,ckd-0262,0,qsvc,0,-1.028288072302999
8,6,3,ckd-0266,0,qsvc,0,-1.266852049172404
8,6,3,ckd-0274,0,qsvc,0,-0.18796206796005321
8,6,3,ckd-0277,0,qsvc,0,-0.8335958273677989
8,6,3,ckd-0281,0,qsvc,0,-0.580274216426791
8,6,3,ckd-0287,0,qsvc,0,-1.3941437470060265
8,6,3,ckd-0290,0,qsvc,0,-1.2871775971689186
8,6,3,ckd-0298,0,qsvc,0,-1.3897272386984962
8,6,3,ckd-0302,0,qsvc,0,-0.5313365763361412
8,6,3,ckd-0313,0,qsvc,0,-1.4165667580195422
8,6,3,ckd-0316,0,qsvc,0,-1.277918478247964
8,6,3,ckd-0332,0,qsvc,0,-1.2329169866118375
8,6,3,ckd-0348,0,qsvc,0,-0.22714475163856152
8,6,3,ckd-0359,0,qsvc,0,-0.9502962740009008
8,6,3,ckd-0367,0,qsvc,0,-1.5507835041638587
8,6,3,ckd-0369,0,qsvc,0,-1.523043694152371
8,6,3,ckd-0370,0,qsvc,0,-1.1635823361778121
8,6,3,ckd-0382,0,qsvc,0,-0.6160099882724909
8,6,3,ckd-0383,0,qsvc,0,-1.171379534746619
8,6,3,ckd-0391,0,qsvc,0,-1.1371751221256257
8,6,3,ckd-0393,0,qsvc,0,-1.429399198005532
8,6,3,ckd-0400,0,qsvc,0,-1.1316797392393538
8,6,4,ckd-0003,1,classical_rbf_svm,1,1.7771038961824281
8,6,4,ckd-0005,1,classical_rbf_svm,1,1.7914889413725459
8,6,4,ckd-0018,1,classical_rbf_svm,1,1.280137159258182
8,6,4,ckd-0030,1,classical_rbf_svm,1,1.6400478482784633
8,6,4,ckd-0031,1,classical_rbf_svm,1,1.3753590318251243
8,6,4,ckd-0038,1,classical_rbf_svm,1,1.8972621661794027
8,6,4,ckd-0042,1,classical_rbf_svm,1,1.193424212793249
8,6,4,ckd-0047,1,classical_rbf_svm,1,1.3395688677168764
8,6,4,ckd-0049,1,classical_rbf_svm,1,1.498340639134882
8,6,4,ckd-0052,1,classical_rbf_svm,1,1.8581897285048026
8,6,4,ckd-0053,1,classical_rbf_svm,1,1.6228344114202604
8,6,4,ckd-0058,1,classical_rbf_svm,1,1.6722089981165442
8,6,4,ckd-0059,1,classical_rbf_svm,1,2.014048079012749
8,6,4,ckd-0064,1,classical_rbf_svm,1,1.6239379041795612
8,6,4,ckd-0077,1,classical_rbf_svm,1,1.3080238876164472
8,6,4,ckd-0098,1,classical_rbf_svm,1,2.1176452266447816
8,6,4,ckd-0102,1,classical_rbf_svm,1,1.7894938272184182
8,6,4,ckd-0105,1,classical_rbf_svm,1,1.5349391797817187
8,6,4,ckd-0109,1,classical_rbf_svm,1,0.9035855867568626
8,6,4,ckd-0112,1,classical_rbf_svm,1,1.660362170834454
8,6,4,ckd-0127,1,classical_rbf_svm,1,1.9990018236176275
8,6,4,ckd-0128,1,classical_rbf_svm,1,1.6308613696134064
8,6,4,ckd-0131,1,classical_rbf_svm,1,1.355634839762725
8,6,4,ckd-0132,1,classical_rbf_svm,1,1.426495886912184
8,6,4,ckd-0136,1,classical_rbf_svm,1,1.4301725920146011
8,6,4,ckd-0140,1,classical_rbf_svm,1,1.9106788611287577
8,6,4,ckd-0153,1,classical_rbf_svm,1,1.7521916734427057
8,6,4,ckd-0157,1,classical_rbf_svm,1,1.6912002946250675
8,6,4,ckd-0161,1,classical_rbf_svm,1,1.9286381554376093
8,6,4,ckd-0173,1,classical_rbf_svm,1,1.7928138597127203
8,6,4,ckd-0180,1,classical_rbf_svm,1,1.7747564241680498
8,6,4,ckd-0182,1,classical_rbf_svm,1,1.4252307099336154
8,6,4,ckd-0189,1,classical_rbf_svm,1,0.14888181194188144
8,6,4,ckd-0202,1,classical_rbf_svm,1,1.4729625338802752
8,6,4,ckd-0205,1,classical_rbf_svm,1,1.2392101182159196
8,6,4,ckd-0214,1,classical_rbf_svm,1,1.7521932125082746
8,6,4,ckd-0227,1,classical_rbf_svm,1,1.3087471280554936
8,6,4,ckd-0228,1,classical_rbf_svm,1,1.8308054509372143
8,6,4,ckd-0230,1,classical_rbf_svm,1,1.4506412109723676
8,6,4,ckd-0237,1,classical_rbf_svm,1,1.7020049838075901
8,6,4,ckd-0254,0,classical_rbf_svm,0,-1.2430903783514877
8,6,4,ckd-0257,0,classical_rbf_svm,0,-1.1092598716221713
8,6,4,ckd-0259,0,classical_rbf_svm,0,-0.9869028210067314
8,6,4,ckd-0285,0,classical_rbf_svm,0,-1.0741690007391427
8,6,4,ckd-0299,0,classical_rbf_svm,0,-1.011797375650746
8,6,4,ckd-0304,0,classical_rbf_svm,0,-1.0877053093244677
8,6,4,ckd-0305,0,classical_rbf_svm,0,-1.0491842476310158
8,6,4,ckd-0312,0,classical_rbf_svm,0,-1.1741319169399211
8,6,4,ckd-0314,0,classical_rbf_svm,0,-0.9451780310848343
8,6,4,ckd-0315,0,classical_rbf_svm,0,-1.208160181971617
8,6,4,ckd-0319,0,classical_rbf_svm,0,-0.9850084629405631
8,6,4,ckd-0322,0,classical_rbf_svm,0,-1.1046416917934192
8,6,4,ckd-0328,0,classical_rbf_svm,0,-1.0711486329375675
8,6,4,ckd-0339,0,classical_rbf_svm,0,-1.01228891503802
8,6,4,ckd-0342,0,classical_rbf_svm,0,-0.8622186404983561
8,6,4,ckd-0351,0,classical_rbf_svm,0,-1.3009850545922024
8,6,4,ckd-0352,0,classical_rbf_svm,0,-0.9015433646986335
8,6,4,ckd-0364,0,classical_rbf_svm,0,-1.0956562519581594
8,6,4,ckd-0371,0,classical_rbf_svm,0,-1.1845280432564562
8,6,4,ckd-0374,0,classical_rbf_svm,0,-1.2330084315298577
8,6,4,ckd-0376,0,classical_rbf_svm,0,-1.271562357990086
8,6,4,ckd-0381,0,classical_rbf_svm,0,-1.0356818555171434
8,6,4,ckd-0388,0,classical_rbf_svm,0,-1.2238447993128732
8,6,4,ckd-0389,0,classical_rbf_svm,0,-1.2382466342406875
8,6,4,ckd-0003,1,qsvc,1,0.9538491102211979
8,6,4,ckd-0005,1,qsvc,1,1.0072495120583513
8,6,4,ckd-0018,1,qsvc,1,1.0017572973672302
8,6,4,ckd-0030,1,qsvc,1,0.3465713034256498
8,6,4,ckd-0031,1,qsvc,1,0.9846945946766101
8,6,4,ckd-0038,1,qsvc,1,1.007964044797843
8,6,4,ckd-0042,1,qsvc,1,0.8855036033822498
8,6,4,ckd-0047,1,qsvc,1,1.1576361068557484
8,6,4,ckd-0049,1,qsvc,1,1.0068934431438852
8,6,4,ckd-0052,1,qsvc,1,1.0011546851412545
8,6,4,ckd-0053,1,qsvc,1,1.1157343304595604
8,6,4,ckd-0058,1,qsvc,1,0.9670430991532268
8,6,4,ckd-0059,1,qsvc,1,0.9550196624411124
8,6,4,ckd-0064,1,qsvc,1,0.9417760094685378
8,6,4,ckd-0077,1,qsvc,1,0.9467050374994743
8,6,4,ckd-0098,1,qsvc,1,0.9757142308151259
8,6,4,ckd-0102,1,qsvc,1,0.9934165292052055
8,6,4,ckd-0105,1,qsvc,1,1.0190868548176466
8,6,4,ckd-0109,1,qsvc,1,1.2976964516546055
8,6,4,ckd-0112,1,qsvc,1,0.9938577345695706
8,6,4,ckd-0127,1,qsvc,1,0.9901176801343226
8,6,4,ckd-0128,1,qsvc,1,0.9889605611280272
8,6,4,ckd-0131,1,qsvc,1,0.9025140754692287
8,6,4,ckd-0132,1,qsvc,1,1.2479663637842524
8,6,4,ckd-0136,1,qsvc,1,1.012701530760669
8,6,4,ckd-0140,1,qsvc,1,0.9852929949101246
8,6,4,ckd-0153,1,qsvc,1,0.95828547246991
8,6,4,ckd-0157,1,qsvc,1,0.9906497856803583
8,6,4,ckd-0161,1,qsvc,1,1.0380084126064912
8,6,4,ckd-0173,1,qsvc,1,0.9728147458837875
8,6,4,ckd-0180,1,qsvc,1,1.0344173724140537
8,6,4,ckd-0182,1,qsvc,1,0.9760473455257892
8,6,4,ckd-0189,1,qsvc,1,0.347563214706739
8,6,4,ckd-0202,1,qsvc,1,1.032525184967692
8,6,4,ckd-0205,1,qsvc,1,0.898423521911679
8,6,4,ckd-0214,1,qsvc,1,1.0042127106396155
8,6,4,ckd-0227,1,qsvc,1,0.9927242183550853
8,6,4,ckd-0228,1,qsvc,1,1.027401413164397
8,6,4,ckd-0230,1,qsvc,1,0.8896396444166433
8,6,4,ckd-0237,1,qsvc,1,1.0044714122125433
8,6,4,ckd-0254,0,qsvc,0,-1.431071275808701
8,6,4,ckd-0257,0,qsvc,0,-1.0991154470966404
8,6,4,ckd-0259,0,qsvc,0,-1.3474375976896558
8,6,4,ckd-0285,0,qsvc,0,-1.0087499686357404
8,6,4,ckd-0299,0,qsvc,0,-1.1148284084441475
8,6,4,ckd-0304,0,qsvc,0,-0.9684462741947705
8,6,4,ckd-0305,0,qsvc,0,-0.7844449493207127
8,6,4,ckd-0312,0,qsvc,0,-1.083387100984564
8,6,4,ckd-0314,0,qsvc,0,-0.5973331545821164
8,6,4,ckd-0315,0,qsvc,0,-1.355556147491809
8,6,4,ckd-0319,0,qsvc,0,-0.8675628671941239
8,6,4,ckd-0322,0,qsvc,0,-1.251319956721372
8,6,4,ckd-0328,0,qsvc,0,-0.84477227074238
8,6,4,ckd-0339,0,qsvc,0,-0.8894790108087917
8,6,4,ckd-0342,0,qsvc,0,-0.4321685284738531
8,6,4,ckd-0351,0,qsvc,0,-1.419739076621962
8,6,4,ckd-0352,0,qsvc,0,-0.5654604635079278
8,6,4,ckd-0364,0,qsvc,0,-0.6734700652199633
8,6,4,ckd-0371,0,qsvc,0,-1.2003240408582965
8,6,4,ckd-0374,0,qsvc,0,-1.1475189013468348
8,6,4,ckd-0376,0,qsvc,0,-1.476579293800024
8,6,4,ckd-0381,0,qsvc,0,-0.9476441836463955
8,6,4,ckd-0388,0,qsvc,0,-1.216343596579342
8,6,4,ckd-0389,0,qsvc,0,-1.6003402054577025
8,6,5,ckd-0002,1,classical_rbf_svm,1,1.3775822571806822
8,6,5,ckd-0006,1,classical_rbf_svm,1,1.7992775059007728
8,6,5,ckd-0009,1,classical_rbf_svm,1,1.7619853306190567
8,6,5,ckd-0012,1,classical_rbf_svm,1,1.5231061170292897
8,6,5,ckd-0013,1,classical_rbf_svm,1,1.5192495289361112
8,6,5,ckd-0015,1,classical_rbf_svm,1,1.0030495924481675
8,6,5,ckd-0020,1,classical_rbf_svm,1,1.8281208428623383
8,6,5,ckd-0021,1,classical_rbf_svm,1,1.386334960794911
8,6,5,ckd-0022,1,classical_rbf_svm,1,0.9301559417646794
8,6,5,ckd-0033,1,classical_rbf_svm,1,1.8387824073746408
8,6,5,ckd-0034,1,classical_rbf_svm,1,1.707072533789805
8,6,5,ckd-0060,1,classical_rbf_svm,1,1.3887747577269036
8,6,5,ckd-0068,1,classical_rbf_svm,1,1.3874636821420139
8,6,5,ckd-0079,1,classical_rbf_svm,1,1.5228909098926848
8,6,5,ckd-0083,1,classical_rbf_svm,1,0.7454362505851675
8,6,5,ckd-0095,1,classical_rbf_svm,1,1.6894276242569348
8,6,5,ckd-0106,1,classical_rbf_svm,1,0.8758558943562081
8,6,5,ckd-0115,1,classical_rbf_svm,1,1.5733376592309134
8,6,5,ckd-0117,1,classical_rbf_svm,1,1.4095916643759643
8,6,5,ckd-0123,1,classical_rbf_svm,1,1.0626190612583293
8,6,5,ckd-0125,1,classical_rbf_svm,1,1.6733252932123206
8,6,5,ckd-0126,1,classical_rbf_svm,1,1.290208264084395
8,6,5,ckd-0134,1,classical_rbf_svm,1,1.4450743409909896
8,6,5,ckd-0146,1,classical_rbf_svm,1,0.9893446062487601
8,6,5,ckd-0152,1,classical_rbf_svm,1,1.7564105201221492
8,6,5,ckd-0163,1,classical_rbf_svm,1,1.3929496179779939
8,6,5,ckd-0167,1,classical_rbf_svm,1,0.4914613127354478
8,6,5,ckd-0169,1,classical_rbf_svm,1,1.524104718974084
8,6,5,ckd-0176,1,classical_rbf_svm,1,1.386784059172683
8,6,5,ckd-0177,1,classical_rbf_svm,1,1.1342602643599509
8,6,5,ckd-0181,1,classical_rbf_svm,1,1.7690292314783027
8,6,5,ckd-0184,1,classical_rbf_svm,1,1.0647339373918228
8,6,5,ckd-0185,1,classical_rbf_svm,1,1.6535390316647414
8,6,5,ckd-0194,1,classical_rbf_svm,1,0.9395724307175435
8,6,5,ckd-0203,1,classical_rbf_svm,1,1.525789437415411
8,6,5,ckd-0204,1,classical_rbf_svm,1,1.484588927251523
8,6,5,ckd-0215,1,classical_rbf_svm,1,0.5862772736179311
8,6,5,ckd-0216,1,classical_rbf_svm,1,1.6021642584108033
8,6,5,ckd-0217,1,classical_rbf_svm,1,1.252015693758238
8,6,5,ckd-0222,1,classical_rbf_svm,1,1.4558990045983868
8,6,5,ckd-0251,0,classical_rbf_svm,0,-1.4228387070320268
8,6,5,ckd-0256,0,classical_rbf_svm,0,-1.1763410445403357
8,6,5,ckd-0260,0,classical_rbf_svm,0,-1.2389721788415278
8,6,5,ckd-0271,0,classical_rbf_svm,0,-1.066685531231717
8,6,5,ckd-0276,0,classical_rbf_svm,0,-1.1443757514156032
8,6,5,ckd-0283,0,classical_rbf_svm,0,-1.1019363730763003
8,6,5,ckd-0292,0,classical_rbf_svm,0,-1.1611188141804112
8,6,5,ckd-0301,0,classical_rbf_svm,0,-1.11542303525998
8,6,5,ckd-0307,0,classical_rbf_svm,0,-1.189188229844909
8,6,5,ckd-0310,0,classical_rbf_svm,0,-0.9174415850068575
8,6,5,ckd-0317,0,classical_rbf_svm,0,-1.3220509842466317
8,6,5,ckd-0318,0,classical_rbf_svm,0,-0.838183223400511
8,6,5,ckd-0340,0,classical_rbf_svm,0,-1.0248433354378519
8,6,5,ckd-0345,0,classical_rbf_svm,0,-0.9403013293613011
8,6,5,ckd-0363,0,classical_rbf_svm,0,-1.080994850913315
8,6,5,ckd-0365,0,classical_rbf_svm,0,-1.3994674151426398
8,6,5,ckd-0372,0,classical_rbf_svm,0,-1.0410253475824387
8,6,5,ckd-0377,0,classical_rbf_svm,0,-1.1306623231152857
8,6,5,ckd-0379,0,classical_rbf_svm,0,-1.2677969402758005
8,6,5,ckd-0384,0,classical_rbf_svm,0,-1.3334819227191939
8,6,5,ckd-0385,0,classical_rbf_svm,0,-1.0652503174735255
8,6,5,ckd-0386,0,classical_rbf_svm,0,-1.1370396453831968
8,6,5,ckd-0395,0,classical_rbf_svm,0,-1.078248929166104
8,6,5,ckd-0398,0,classical_rbf_svm,0,-1.3067257628761415
8,6,5,ckd-0002,1,qsvc,1,0.27008481866348577
8,6,5,ckd-0006,1,qsvc,1,1.0271383430729992
8,6,5,ckd-0009,1,qsvc,1,1.016760196220099
8,6,5,ckd-0012,1,qsvc,1,0.9844566810716793
8,6,5,ckd-0013,1,qsvc,1,0.9938982626579265
8,6,5,ckd-0015,1,qsvc,1,0.9284353334808835
8,6,5,ckd-0020,1,qsvc,1,0.9909540254437016
8,6,5,ckd-0021,1,qsvc,1,0.948286699376282
8,6,5,ckd-0022,1,qsvc,1,0.9636459924568653
8,6,5,ckd-0033,1,qsvc,1,0.9937597584297567
8,6,5,ckd-0034,1,qsvc,1,0.9553107309440738
8,6,5,ckd-0060,1,qsvc,1,1.0080166577711562
8,6,5,ckd-0068,1,qsvc,1,0.9685728549973772
8,6,5,ckd-0079,1,qsvc,1,1.0083455766517055
8,6,5,ckd-0083,1,qsvc,1,0.9749884824611531
8,6,5,ckd-0095,1,qsvc,1,1.0816415481723463
8,6,5,ckd-0106,1,qsvc,1,0.9867025084336131
8,6,5,ckd-0115,1,qsvc,1,1.1914028491190907
8,6,5,ckd-0117,1,qsvc,1,1.2612057236492267
8,6,5,ckd-0123,1,qsvc,1,0.37901863003517655
8,6,5,ckd-0125,1,qsvc,1,1.0808306239052545
8,6,5,ckd-0126,1,qsvc,1,1.0079663286987746
8,6,5,ckd-0134,1,qsvc,1,0.9694190458131684
8,6,5,ckd-0146,1,qsvc,1,0.9396237924189712
8,6,5,ckd-0152,1,qsvc,1,1.0213087000892378
8,6,5,ckd-0163,1,qsvc,1,0.7791443791785697
8,6,5,ckd-0167,1,qsvc,1,1.094782830729479
8,6,5,ckd-0169,1,qsvc,1,1.019237278317297
8,6,5,ckd-0176,1,qsvc,1,0.9783142025517294
8,6,5,ckd-0177,1,qsvc,0,-0.07654171410727817
8,6,5,ckd-0181,1,qsvc,1,0.8702038480209123
8,6,5,ckd-0184,1,qsvc,1,0.9307238797494546
8,6,5,ckd-0185,1,qsvc,1,0.9825915171156832
8,6,5,ckd-0194,1,qsvc,1,0.9264571392542863
8,6,5,ckd-0203,1,qsvc,1,0.48120364011273004
8,6,5,ckd-0204,1,qsvc,1,0.9825641547344649
8,6,5,ckd-0215,1,qsvc,1,1.0925872104655872
8,6,5,ckd-0216,1,qsvc,1,1.0036822058324042
8,6,5,ckd-0217,1,qsvc,1,1.0688003354020745
8,6,5,ckd-0222,1,qsvc,1,1.0238028665828482
8,6,5,ckd-0251,0,qsvc,0,-1.4961635759174647
8,6,5,ckd-0256,0,qsvc,0,-0.6033931113378279
8,6,5,ckd-0260,0,qsvc,0,-1.3993032766935005
8,6,5,ckd-0271,0,qsvc,0,-1.0626389797547209
8,6,5,ckd-0276,0,qsvc,0,-1.2672928778855475
8,6,5,ckd-0283,0,qsvc,0,-1.409201256472237
8,6,5,ckd-0292,0,qsvc,0,-1.26717403848632
8,6,5,ckd-0301,0,qsvc,0,-1.410624986410827
8,6,5,ckd-0307,0,qsvc,0,-1.1271262370844097
8,6,5,ckd-0310,0,qsvc,0,-0.7979343992568191
8,6,5,ckd-0317,0,qsvc,0,-1.4049262534644604
8,6,5,ckd-0318,0,qsvc,0,-1.1885179952031912
8,6,5,ckd-0340,0,qsvc,0,-1.067521120652778
8,6,5,ckd-0345,0,qsvc,0,-1.265653971546201
8,6,5,ckd-0363,0,qsvc,0,-1.1676131489888129
8,6,5,ckd-0365,0,qsvc,0,-1.5494724821971186
8,6,5,ckd-0372,0,qsvc,0,-0.8742569587910649
8,6,5,ckd-0377,0,qsvc,0,-1.0527846968306835
8,6,5,ckd-0379,0,qsvc,0,-1.42302326543755
8,6,5,ckd-0384,0,qsvc,0,-1.147268001116114
8,6,5,ckd-0385,0,qsvc,0,-1.3642832273570764
8,6,5,ckd-0386,0,qsvc,0,-0.9817308859231473
8,6,5,ckd-0395,0,qsvc,0,-1.3603412474898786
8,6,5,ckd-0398,0,qsvc,0,-1.3408260282244655
8,7,1,ckd-0001,1,classical_rbf_svm,1,0.33509271300222787
8,7,1,ckd-0006,1,classical_rbf_svm,1,1.5531372612671723
8,7,1,ckd-0012,1,classical_rbf_svm,1,1.5033697123976115
8,7,1,ckd-0013,1,classical_rbf_svm,1,1.5042515517599533
8,7,1,ckd-0015,1,classical_rbf_svm,1,1.011238830007447
8,7,1,ckd-0029,1,classical_rbf_svm,1,0.7938309995458843
8,7,1,ckd-0036,1,classical_rbf_svm,1,1.7791770370462663
8,7,1,ckd-0040,1,classical_rbf_svm,1,1.711106695232538
8,7,1,ckd-0051,1,classical_rbf_svm,1,1.714924892139416
8,7,1,ckd-0060,1,classical_rbf_svm,1,1.436813153606609
8,7,1,ckd-0086,1,classical_rbf_svm,1,1.7598632291981589
8,7,1,ckd-0088,1,classical_rbf_svm,1,1.5399087554849997
8,7,1,ckd-0090,1,classical_rbf_svm,1,0.4800809669024708
8,7,1,ckd-0091,1,classical_rbf_svm,1,1.6279947169963558
8,7,1,ckd-0107,1,classical_rbf_svm,1,1.1422787676150425
8,7,1,ckd-0108,1,classical_rbf_svm,1,1.9122673042984457
8,7,1,ckd-0113,1,classical_rbf_svm,1,1.5549498302726317
8,7,1,ckd-0122,1,classical_rbf_svm,1,0.9167525331899731
8,7,1,ckd-0123,1,classical_rbf_svm,1,1.2386057554786936
8,7,1,ckd-0139,1,classical_rbf_svm,1,1.5476767945151781
8,7,1,ckd-0147,1,classical_rbf_svm,1,1.6780802732399402
8,7,1,ckd-0155,1,classical_rbf_svm,1,0.9913729539815791
8,7,1,ckd-0166,1,classical_rbf_svm,1,0.4802337302416563
8,7,1,ckd-0170,1,classical_rbf_svm,1,1.5508206884389235
8,7,1,ckd-0175,1,classical_rbf_svm,1,1.106436920043527
8,7,1,ckd-0180,1,classical_rbf_svm,1,1.6866930574403942
8,7,1,ckd-0183,1,classical_rbf_svm,1,0.6615563790868528
8,7,1,ckd-0184,1,classical_rbf_svm,1,1.3227185530029602
8,7,1,ckd-0190,1,classical_rbf_svm,1,1.2089083404073606
8,7,1,ckd-0192,1,classical_rbf_svm,1,1.2834863253347404
8,7,1,ckd-0195,1,classical_rbf_svm,1,1.7106547727160846
8,7,1,ckd-0201,1,classical_rbf_svm,1,1.2276190156589164
8,7,1,ckd-0203,1,classical_rbf_svm,1,1.4453036447141145
8,7,1,ckd-0208,1,classical_rbf_svm,1,1.6893019598156527
8,7,1,ckd-0211,1,classical_rbf_svm,1,1.0270804933583844
8,7,1,ckd-0220,1,classical_rbf_svm,1,1.6461902815812652
8,7,1,ckd-0222,1,classical_rbf_svm,1,1.2151152476967513
8,7,1,ckd-0230,1,classical_rbf_svm,1,1.317312648110832
8,7,1,ckd-0231,1,classical_rbf_svm,1,1.7340141185831128
8,7,1,ckd-0244,1,classical_rbf_svm,1,0.48907708961688773
8,7,1,ckd-0251,0,classical_rbf_svm,0,-1.4204547786907677
8,7,1,ckd-0254,0,classical_rbf_svm,0,-1.2822727035994204
8,7,1,ckd-0262,0,classical_rbf_svm,0,-1.0759601320804792
8,7,1,ckd-0263,0,classical_rbf_svm,0,-1.1985150286643709
8,7,1,ckd-0279,0,classical_rbf_svm,0,-1.1014198224724407
8,7,1,ckd-0295,0,classical_rbf_svm,0,-0.7767914585417257
8,7,1,ckd-0297,0,classical_rbf_svm,0,-1.1139324785281133
8,7,1,ckd-0298,0,classical_rbf_svm,0,-1.4216475790804073
8,7,1,ckd-0304,0,classical_rbf_svm,0,-1.1516486345202859
8,7,1,ckd-0306,0,classical_rbf_svm,0,-1.086034426919623
8,7,1,ckd-0316,0,classical_rbf_svm,0,-1.2784506197947003
8,7,1,ckd-0327,0,classical_rbf_svm,0,-1.081276254608098
8,7,1,ckd-0328,0,classical_rbf_svm,0,-1.0950424689162204
8,7,1,ckd-0351,0,classical_rbf_svm,0,-1.3487304633451735
8,7,1,ckd-0365,0,classical_rbf_svm,0,-1.3973652405391168
8,7,1,ckd-0372,0,classical_rbf_svm,0,-1.030688151512574
8,7,1,ckd-0379,0,classical_rbf_svm,0,-1.2823133856525337
8,7,1,ckd-0381,0,classical_rbf_svm,0,-1.0796090590034986
8,7,1,ckd-0386,0,classical_rbf_svm,0,-1.1383043505900576
8,7,1,ckd-0387,0,classical_rbf_svm,0,-1.3471549537338383
8,7,1,ckd-0396,0,classical_rbf_svm,0,-1.3458743454039177
8,7,1,ckd-0397,0,classical_rbf_svm,0,-1.0201961983979932
8,7,1,ckd-0398,0,classical_rbf_svm,0,-1.321921501922565
8,7,1,ckd-0399,0,classical_rbf_svm,0,-1.2916187587483474
8,7,1,ckd-0001,1,qsvc,1,0.8783685025957914
8,7,1,ckd-0006,1,qsvc,1,1.0245531275211424
8,7,1,ckd-0012,1,qsvc,1,0.9836436433059356
8,7,1,ckd-0013,1,qsvc,1,0.996779066117118
8,7,1,ckd-0015,1,qsvc,1,0.9153345712478467
8,7,1,ckd-0029,1,qsvc,1,0.8696487294330854
8,7,1,ckd-0036,1,qsvc,1,0.9857704776462551
8,7,1,ckd-0040,1,qsvc,1,0.9902418369039531
8,7,1,ckd-0051,1,qsvc,1,0.9687122270244475
8,7,1,ckd-0060,1,qsvc,1,0.9851711764371129
8,7,1,ckd-0086,1,qsvc,1,0.9242307222822358
8,7,1,ckd-0088,1,qsvc,1,0.9926762751966091
8,7,1,ckd-0090,1,qsvc,1,0.8419442196879139
8,7,1,ckd-0091,1,qsvc,1,1.0538731135792472
8,7,1,ckd-0107,1,qsvc,1,0.9967096453184984
8,7,1,ckd-0108,1,qsvc,1,1.0173283690562631
8,7,1,ckd-0113,1,qsvc,1,1.0264147664549497
8,7,1,ckd-0122,1,qsvc,1,0.9000428719850265
8,7,1,ckd-0123,1,qsvc,1,0.8510836037329049
8,7,1,ckd-0139,1,qsvc,1,1.1159466366122195
8,7,1,ckd-0147,1,qsvc,1,1.0004839595694979
8,7,1,ckd-0155,1,qsvc,1,0.9135258288118085
8,7,1,ckd-0166,1,qsvc,1,0.6906428711415658
8,7,1,ckd-0170,1,qsvc,1,0.9182885798866277
8,7,1,ckd-0175,1,qsvc,1,1.001083873234577
8,7,1,ckd-0180,1,qsvc,1,1.0753410556621614
8,7,1,ckd-0183,1,qsvc,1,0.6297842702762463
8,7,1,ckd-0184,1,qsvc,1,1.0482641799988266
8,7,1,ckd-0190,1,qsvc,1,0.9655853470557924
8,7,1,ckd-0192,1,qsvc,1,0.9858884999315792
8,7,1,ckd-0195,1,qsvc,1,0.9989943567290006
8,7,1,ckd-0201,1,qsvc,1,1.0143037024924066
8,7,1,ckd-0203,1,qsvc,1,0.3994554791714969
8,7,1,ckd-0208,1,qsvc,1,0.9889018087423834
8,7,1,ckd-0211,1,qsvc,1,0.9416459479377851
8,7,1,ckd-0220,1,qsvc,1,0.9536745280672145
8,7,1,ckd-0222,1,qsvc,1,1.0021566426220088
8,7,1,ckd-0230,1,qsvc,1,0.8985990890021415
8,7,1,ckd-0231,1,qsvc,1,0.9854980234411919
8,7,1,ckd-0244,1,qsvc,1,0.906248047946259
8,7,1,ckd-0251,0,qsvc,0,-1.479620311343972
8,7,1,ckd-0254,0,qsvc,0,-1.401175430507399
8,7,1,ckd-0262,0,qsvc,0,-0.7475800298263638
8,7,1,ckd-0263,0,qsvc,0,-1.2072623495828463
8,7,1,ckd-0279,0,qsvc,0,-1.216715632431351
8,7,1,ckd-0295,0,qsvc,0,-0.9111841296392525
8,7,1,ckd-0297,0,qsvc,0,-0.8077588346984971
8,7,1,ckd-0298,0,qsvc,0,-1.5361171138715317
8,7,1,ckd-0304,0,qsvc,0,-0.9460776425056677
8,7,1,ckd-0306,0,qsvc,0,-0.7207255889782468
8,7,1,ckd-0316,0,qsvc,0,-1.2681956446505538
8,7,1,ckd-0327,0,qsvc,0,-1.0417232376397383
8,7,1,ckd-0328,0,qsvc,0,-1.0050522709071732
8,7,1,ckd-0351,0,qsvc,0,-1.4075211440686726
8,7,1,ckd-0365,0,qsvc,0,-1.5239940895948112
8,7,1,ckd-0372,0,qsvc,0,-0.8938256052805084
8,7,1,ckd-0379,0,qsvc,0,-1.3958163871544151
8,7,1,ckd-0381,0,qsvc,0,-0.8652235463865064
8,7,1,ckd-0386,0,qsvc,0,-0.8655820399166824
8,7,1,ckd-0387,0,qsvc,0,-1.3238664379509095
8,7,1,ckd-0396,0,qsvc,0,-1.2678232123575395
8,7,1,ckd-0397,0,qsvc,0,-0.8919449147877369
8,7,1,ckd-0398,0,qsvc,0,-1.1967577286620439
8,7,1,ckd-0399,0,qsvc,0,-1.0645933561261631
8,7,2,ckd-0002,1,classical_rbf_svm,1,1.3513741829608101
8,7,2,ckd-0004,1,classical_rbf_svm,1,1.172738701753506
8,7,2,ckd-0032,1,classical_rbf_svm,1,1.615156082544733
8,7,2,ckd-0038,1,classical_rbf_svm,1,1.8506623936854574
8,7,2,ckd-0047,1,classical_rbf_svm,1,1.3310708772536493
8,7,2,ckd-0057,1,classical_rbf_svm,1,1.498177766590227
8,7,2,ckd-0058,1,classical_rbf_svm,1,1.562119354557044
8,7,2,ckd-0064,1,classical_rbf_svm,1,1.619068083745025
8,7,2,ckd-0069,1,classical_rbf_svm,1,1.7168927237724323
8,7,2,ckd-0073,1,classical_rbf_svm,1,1.5874848661388112
8,7,2,ckd-0078,1,classical_rbf_svm,1,1.856198730591306
8,7,2,ckd-0080,1,classical_rbf_svm,1,1.7663973381858928
8,7,2,ckd-0081,1,classical_rbf_svm,1,1.7438139921072922
8,7,2,ckd-0085,1,classical_rbf_svm,1,1.056198225560251
8,7,2,ckd-0096,1,classical_rbf_svm,1,1.3027176237077078
8,7,2,ckd-0101,1,classical_rbf_svm,1,1.3708924352675655
8,7,2,ckd-0105,1,classical_rbf_svm,1,1.4324350547131715
8,7,2,ckd-0117,1,classical_rbf_svm,1,1.3649601762646824
8,7,2,ckd-0120,1,classical_rbf_svm,1,1.2214642736345862
8,7,2,ckd-0121,1,classical_rbf_svm,1,1.0617812206278354
8,7,2,ckd-0131,1,classical_rbf_svm,1,1.2740006802019657
8,7,2,ckd-0134,1,classical_rbf_svm,1,1.4641854325369947
8,7,2,ckd-0141,1,classical_rbf_svm,1,1.2214642736345862
8,7,2,ckd-0163,1,classical_rbf_svm,1,1.4205590062448932
8,7,2,ckd-0174,1,classical_rbf_svm,1,1.1454233631233062
8,7,2,ckd-0176,1,classical_rbf_svm,1,1.40158150886829
8,7,2,ckd-0185,1,classical_rbf_svm,1,1.6905504087649836
8,7,2,ckd-0189,1,classical_rbf_svm,1,0.27530194300339217
8,7,2,ckd-0191,1,classical_rbf_svm,1,1.26869515690484
8,7,2,ckd-0197,1,classical_rbf_svm,1,1.139976681993721
8,7,2,ckd-0206,1,classical_rbf_svm,1,0.8577839376988919
8,7,2,ckd-0207,1,classical_rbf_svm,1,1.4862657226038085
8,7,2,ckd-0216,1,classical_rbf_svm,1,1.5163719556031114
8,7,2,ckd-0221,1,classical_rbf_svm,1,1.4444738676964208
8,7,2,ckd-0224,1,classical_rbf_svm,1,1.6060349792623407
8,7,2,ckd-0227,1,classical_rbf_svm,1,1.1925930754209977
8,7,2,ckd-0232,1,classical_rbf_svm,1,1.5497668246688092
8,7,2,ckd-0233,1,classical_rbf_svm,1,1.003316591541839
8,7,2,ckd-0236,1,classical_rbf_svm,1,1.4422572732015955
8,7,2,ckd-0238,1,classical_rbf_svm,1,1.910630140865965
8,7,2,ckd-0265,0,classical_rbf_svm,0,-1.1748657546289945
8,7,2,ckd-0273,0,classical_rbf_svm,0,-1.2219554539690591
8,7,2,ckd-0280,0,classical_rbf_svm,0,-1.4426573133910114
8,7,2,ckd-0282,0,classical_rbf_svm,0,-1.2359440616402724
8,7,2,ckd-0288,0,classical_rbf_svm,0,-1.0063164412144978
8,7,2,ckd-0290,0,classical_rbf_svm,0,-1.192656699180744
8,7,2,ckd-0299,0,classical_rbf_svm,0,-0.9596796687562951
8,7,2,ckd-0300,0,classical_rbf_svm,0,-1.1925297606987075
8,7,2,ckd-0302,0,classical_rbf_svm,0,-1.249488852388509
8,7,2,ckd-0307,0,classical_rbf_svm,0,-1.1687389992924921
8,7,2,ckd-0317,0,classical_rbf_svm,0,-1.293945370887609
8,7,2,ckd-0319,0,classical_rbf_svm,0,-1.1052885198237345
8,7,2,ckd-0320,0,classical_rbf_svm,0,-0.11128955141114216
8,7,2,ckd-0340,0,classical_rbf_svm,0,-0.9434078310284265
8,7,2,ckd-0345,0,classical_rbf_svm,0,-0.895641725763551
8,7,2,ckd-0359,0,classical_rbf_svm,0,-0.6859928643656729
8,7,2,ckd-0363,0,classical_rbf_svm,0,-1.1051876342134417
8,7,2,ckd-0364,0,classical_rbf_svm,0,-1.239105779429087
8,7,2,ckd-0366,0,classical_rbf_svm,0,-0.11690083666891671
8,7,2,ckd-0373,0,classical_rbf_svm,0,-1.1730807327789585
8,7,2,ckd-0376,0,classical_rbf_svm,0,-1.2718657007038017
8,7,2,ckd-0388,0,classical_rbf_svm,0,-1.32727811949801
8,7,2,ckd-0393,0,classical_rbf_svm,0,-1.1670239849069204
8,7,2,ckd-0395,0,classical_rbf_svm,0,-1.0130399433457211
8,7,2,ckd-0002,1,qsvc,1,0.618982837653311
8,7,2,ckd-0004,1,qsvc,1,0.9828865382475804
8,7,2,ckd-0032,1,qsvc,1,0.9393569236883511
8,7,2,ckd-0038,1,qsvc,1,1.0093811152309613
8,7,2,ckd-0047,1,qsvc,1,1.1244621712316412
8,7,2,ckd-0057,1,qsvc,1,1.0090025392253144
8,7,2,ckd-0058,1,qsvc,1,0.9713618972564158
8,7,2,ckd-0064,1,qsvc,1,0.9648314040352872
8,7,2,ckd-0069,1,qsvc,1,1.015473059080447
8,7,2,ckd-0073,1,qsvc,1,0.9494318845834286
8,7,2,ckd-0078,1,qsvc,1,1.008560458587267
8,7,2,ckd-0080,1,qsvc,1,0.9902308632734564
8,7,2,ckd-0081,1,qsvc,1,1.0039817835981422
8,7,2,ckd-0085,1,qsvc,1,0.8949475968163191
8,7,2,ckd-0096,1,qsvc,1,0.986539823515544
8,7,2,ckd-0101,1,qsvc,1,1.209523247002129
8,7,2,ckd-0105,1,qsvc,1,1.0036865631035372
8,7,2,ckd-0117,1,qsvc,1,1.2057511589667174
8,7,2,ckd-0120,1,qsvc,1,0.7594720652433975
8,7,2,ckd-0121,1,qsvc,1,0.9748204293491183
8,7,2,ckd-0131,1,qsvc,1,0.892777267434091
8,7,2,ckd-0134,1,qsvc,1,0.9992201600465778
8,7,2,ckd-0141,1,qsvc,1,0.7594720652433975
8,7,2,ckd-0163,1,qsvc,1,0.842420560172318
8,7,2,ckd-0174,1,qsvc,1,0.9950871350639898
8,7,2,ckd-0176,1,qsvc,1,0.8896740044371555
8,7,2,ckd-0185,1,qsvc,1,0.9915726113477497
8,7,2,ckd-0189,1,qsvc,1,0.5219754515220878
8,7,2,ckd-0191,1,qsvc,1,0.7273582055158949
8,7,2,ckd-0197,1,qsvc,1,0.9609385105148199
8,7,2,ckd-0206,1,qsvc,1,0.950166514520015
8,7,2,ckd-0207,1,qsvc,1,0.8792124886304279
8,7,2,ckd-0216,1,qsvc,1,0.9095253375772822
8,7,2,ckd-0221,1,qsvc,1,1.1708793921053662
8,7,2,ckd-0224,1,qsvc,1,0.9880815592874909
8,7,2,ckd-0227,1,qsvc,1,0.9986529227443369
8,7,2,ckd-0232,1,qsvc,1,1.0449572886876344
8,7,2,ckd-0233,1,qsvc,1,1.095952594344842
8,7,2,ckd-0236,1,qsvc,1,1.135139104792641
8,7,2,ckd-0238,1,qsvc,1,0.9732820222352713
8,7,2,ckd-0265,0,qsvc,0,-1.2019983110667378
8,7,2,ckd-0273,0,qsvc,0,-1.2884951895993675
8,7,2,ckd-0280,0,qsvc,0,-1.3230759053650427
8,7,2,ckd-0282,0,qsvc,0,-1.2530947550708427
8,7,2,ckd-0288,0,qsvc,0,-0.8914398833886601
8,7,2,ckd-0290,0,qsvc,0,-1.3261184943022144
8,7,2,ckd-0299,0,qsvc,0,-1.0612487612452886
8,7,2,ckd-0300,0,qsvc,0,-1.140327937142053
8,7,2,ckd-0302,0,qsvc,0,-0.8409598944710781
8,7,2,ckd-0307,0,qsvc,0,-1.1420686226548393
8,7,2,ckd-0317,0,qsvc,0,-1.4339664505212228
8,7,2,ckd-0319,0,qsvc,0,-0.9016166584564429
8,7,2,ckd-0320,0,qsvc,1,0.028403935574775163
8,7,2,ckd-0340,0,qsvc,0,-1.0009262616320345
8,7,2,ckd-0345,0,qsvc,0,-1.1713223998170097
8,7,2,ckd-0359,0,qsvc,0,-0.8294177541226491
8,7,2,ckd-0363,0,qsvc,0,-1.1144948507000838
8,7,2,ckd-0364,0,qsvc,0,-0.6248239643045181
8,7,2,ckd-0366,0,qsvc,1,0.024583176599811685
8,7,2,ckd-0373,0,qsvc,0,-1.135527720308497
8,7,2,ckd-0376,0,qsvc,0,-1.4211811139555697
8,7,2,ckd-0388,0,qsvc,0,-1.168274315538555
8,7,2,ckd-0393,0,qsvc,0,-1.4352870706637142
8,7,2,ckd-0395,0,qsvc,0,-1.2494791847837736
8,7,3,ckd-0003,1,classical_rbf_svm,1,1.767439989209961
8,7,3,ckd-0005,1,classical_rbf_svm,1,1.8110401630170658
8,7,3,ckd-0007,1,classical_rbf_svm,1,1.2485356068291495
8,7,3,ckd-0008,1,classical_rbf_svm,1,1.5490635952236826
8,7,3,ckd-0009,1,classical_rbf_svm,1,1.8486458337744112
8,7,3,ckd-0010,1,classical_rbf_svm,1,1.822118567537233
8,7,3,ckd-0020,1,classical_rbf_svm,1,1.8641273326850123
8,7,3,ckd-0024,1,classical_rbf_svm,1,1.4241437373448775
8,7,3,ckd-0026,1,classical_rbf_svm,1,1.6198960106124782
8,7,3,ckd-0027,1,classical_rbf_svm,1,1.9372431851161203
8,7,3,ckd-0028,1,classical_rbf_svm,1,1.7818668013197465
8,7,3,ckd-0031,1,classical_rbf_svm,1,1.3846875916620642
8,7,3,ckd-0034,1,classical_rbf_svm,1,1.8373650616155819
8,7,3,ckd-0042,1,classical_rbf_svm,1,1.234328715561741
8,7,3,ckd-0048,1,classical_rbf_svm,1,1.4260198420757493
8,7,3,ckd-0053,1,classical_rbf_svm,1,1.641814833220491
8,7,3,ckd-0055,1,classical_rbf_svm,1,1.794842903545025
8,7,3,ckd-0077,1,classical_rbf_svm,1,1.2908075327140822
8,7,3,ckd-0083,1,classical_rbf_svm,1,0.8768322743811421
8,7,3,ckd-0097,1,classical_rbf_svm,1,1.9669850812471839
8,7,3,ckd-0109,1,classical_rbf_svm,1,0.989210351670587
8,7,3,ckd-0111,1,classical_rbf_svm,1,1.2632403860023371
8,7,3,ckd-0112,1,classical_rbf_svm,1,1.642542911121538
8,7,3,ckd-0114,1,classical_rbf_svm,1,1.4151986055329162
8,7,3,ckd-0116,1,classical_rbf_svm,1,1.0904243035151415
8,7,3,ckd-0133,1,classical_rbf_svm,1,1.403000489010237
8,7,3,ckd-0146,1,classical_rbf_svm,1,1.1085757700628607
8,7,3,ckd-0150,1,classical_rbf_svm,1,1.6518368097494978
8,7,3,ckd-0158,1,classical_rbf_svm,1,1.5240282804083394
8,7,3,ckd-0162,1,classical_rbf_svm,1,1.702076793624065
8,7,3,ckd-0171,1,classical_rbf_svm,1,1.9845563027837938
8,7,3,ckd-0196,1,classical_rbf_svm,1,1.5567402729493707
8,7,3,ckd-0199,1,classical_rbf_svm,1,1.5164457602930115
8,7,3,ckd-0200,1,classical_rbf_svm,1,1.661353395098573
8,7,3,ckd-0202,1,classical_rbf_svm,1,1.5072930192805345
8,7,3,ckd-0217,1,classical_rbf_svm,1,1.3134077683018788
8,7,3,ckd-0226,1,classical_rbf_svm,1,1.7572633609163386
8,7,3,ckd-0228,1,classical_rbf_svm,1,1.8343435687590326
8,7,3,ckd-0237,1,classical_rbf_svm,1,1.7483956507835523
8,7,3,ckd-0249,1,classical_rbf_svm,1,1.9418460682090979
8,7,3,ckd-0256,0,classical_rbf_svm,0,-1.156356564024356
8,7,3,ckd-0266,0,classical_rbf_svm,0,-1.1945246321067768
8,7,3,ckd-0272,0,classical_rbf_svm,0,-1.0275309733439648
8,7,3,ckd-0274,0,classical_rbf_svm,0,-0.21113931183258994
8,7,3,ckd-0283,0,classical_rbf_svm,0,-1.0874136657023643
8,7,3,ckd-0287,0,classical_rbf_svm,0,-1.11527682664021
8,7,3,ckd-0292,0,classical_rbf_svm,0,-1.120816339093673
8,7,3,ckd-0301,0,classical_rbf_svm,0,-1.1011196207183762
8,7,3,ckd-0312,0,classical_rbf_svm,0,-1.1655509228797365
8,7,3,ckd-0313,0,classical_rbf_svm,0,-1.2679431494293805
8,7,3,ckd-0326,0,classical_rbf_svm,0,-1.1372069671387466
8,7,3,ckd-0335,0,classical_rbf_svm,0,-1.2842012085469376
8,7,3,ckd-0341,0,classical_rbf_svm,0,-1.1727338043085858
8,7,3,ckd-0350,0,classical_rbf_svm,0,-1.2600804886029195
8,7,3,ckd-0352,0,classical_rbf_svm,0,-0.9050350311829618
8,7,3,ckd-0355,0,classical_rbf_svm,0,-1.1040030633805367
8,7,3,ckd-0358,0,classical_rbf_svm,0,-0.9521826387875105
8,7,3,ckd-0367,0,classical_rbf_svm,0,-1.4100818012969085
8,7,3,ckd-0368,0,classical_rbf_svm,0,-1.11969986672229
8,7,3,ckd-0369,0,classical_rbf_svm,0,-1.368331947416855
8,7,3,ckd-0371,0,classical_rbf_svm,0,-1.2266794575275155
8,7,3,ckd-0385,0,classical_rbf_svm,0,-1.054456368387264
8,7,3,ckd-0391,0,classical_rbf_svm,0,-1.2894178443557796
8,7,3,ckd-0400,0,classical_rbf_svm,0,-1.188820274624378
8,7,3,ckd-0003,1,qsvc,1,0.9508129476649435
8,7,3,ckd-0005,1,qsvc,1,1.1693411845280128
8,7,3,ckd-0007,1,qsvc,1,1.0491160472313976
8,7,3,ckd-0008,1,qsvc,1,0.978940720097725
8,7,3,ckd-0009,1,qsvc,1,0.9984447172603563
8,7,3,ckd-0010,1,qsvc,1,0.9358701574238073
8,7,3,ckd-0020,1,qsvc,1,0.9845436848310172
8,7,3,ckd-0024,1,qsvc,1,0.8939616358895988
8,7,3,ckd-0026,1,qsvc,1,1.0100242960040202
8,7,3,ckd-0027,1,qsvc,1,1.0041677826755102
8,7,3,ckd-0028,1,qsvc,1,1.0060664011472258
8,7,3,ckd-0031,1,qsvc,1,0.9936971433345728
8,7,3,ckd-0034,1,qsvc,1,0.9634382167352127
8,7,3,ckd-0042,1,qsvc,1,0.6395523415977215
8,7,3,ckd-0048,1,qsvc,1,0.4085182914791821
8,7,3,ckd-0053,1,qsvc,1,1.0876887343041073
8,7,3,ckd-0055,1,qsvc,1,1.058575289850173
8,7,3,ckd-0077,1,qsvc,1,0.9487762039368908
8,7,3,ckd-0083,1,qsvc,1,0.9926304439925197
8,7,3,ckd-0097,1,qsvc,1,1.0112031246817428
8,7,3,ckd-0109,1,qsvc,1,1.2477776895869854
8,7,3,ckd-0111,1,qsvc,1,1.1567204506060085
8,7,3,ckd-0112,1,qsvc,1,0.995825855285312
8,7,3,ckd-0114,1,qsvc,1,1.0145607587373728
8,7,3,ckd-0116,1,qsvc,1,0.11119177458828933
8,7,3,ckd-0133,1,qsvc,1,0.7030811052052888
8,7,3,ckd-0146,1,qsvc,1,0.907543656286717
8,7,3,ckd-0150,1,qsvc,1,0.9953401162798416
8,7,3,ckd-0158,1,qsvc,1,1.0016925431323336
8,7,3,ckd-0162,1,qsvc,1,0.9781057897568837
8,7,3,ckd-0171,1,qsvc,1,0.9572418019458038
8,7,3,ckd-0196,1,qsvc,1,0.9534037690099513
8,7,3,ckd-0199,1,qsvc,1,0.9738598433236747
8,7,3,ckd-0200,1,qsvc,1,0.9770394077142468
8,7,3,ckd-0202,1,qsvc,1,1.0199600117622827
8,7,3,ckd-0217,1,qsvc,1,0.8341573025716181
8,7,3,ckd-0226,1,qsvc,1,1.0154557629125098
8,7,3,ckd-0228,1,qsvc,1,1.0286041764259766
8,7,3,ckd-0237,1,qsvc,1,0.9987154191424646
8,7,3,ckd-0249,1,qsvc,1,1.0150320056931743
8,7,3,ckd-0256,0,qsvc,0,-0.6514474545012989
8,7,3,ckd-0266,0,qsvc,0,-1.4538061847224097
8,7,3,ckd-0272,0,qsvc,0,-0.921504711605859
8,7,3,ckd-0274,0,qsvc,0,-0.007406829605547283
8,7,3,ckd-0283,0,qsvc,0,-1.5122201278716043
8,7,3,ckd-0287,0,qsvc,0,-1.5367679202150921
8,7,3,ckd-0292,0,qsvc,0,-1.2217730449390747
8,7,3,ckd-0301,0,qsvc,0,-1.5291243144910396
8,7,3,ckd-0312,0,qsvc,0,-1.2276469040737166
8,7,3,ckd-0313,0,qsvc,0,-1.5396741239968585
8,7,3,ckd-0326,0,qsvc,0,-1.2544959426014788
8,7,3,ckd-0335,0,qsvc,0,-1.480752404528541
8,7,3,ckd-0341,0,qsvc,0,-1.2690320425304427
8,7,3,ckd-0350,0,qsvc,0,-0.9208236684993174
8,7,3,ckd-0352,0,qsvc,0,-0.6116961587601044
8,7,3,ckd-0355,0,qsvc,0,-1.1187078762491505
8,7,3,ckd-0358,0,qsvc,0,-0.8148459030594253
8,7,3,ckd-0367,0,qsvc,0,-1.5733535197606445
8,7,3,ckd-0368,0,qsvc,0,-1.0714241108907194
8,7,3,ckd-0369,0,qsvc,0,-1.5586719484559663
8,7,3,ckd-0371,0,qsvc,0,-1.2692049022377716
8,7,3,ckd-0385,0,qsvc,0,-1.493952041898878
8,7,3,ckd-0391,0,qsvc,0,-1.0411482771555902
8,7,3,ckd-0400,0,qsvc,0,-1.0138180075805756
8,7,4,ckd-0018,1,classical_rbf_svm,1,1.1817420276204662
8,7,4,ckd-0019,1,classical_rbf_svm,1,0.8910202838093753
8,7,4,ckd-0021,1,classical_rbf_svm,1,1.401187488857446
8,7,4,ckd-0022,1,classical_rbf_svm,1,0.9375332615962492
8,7,4,ckd-0025,1,classical_rbf_svm,1,1.4861735468121904
8,7,4,ckd-0052,1,classical_rbf_svm,1,1.7211655088599547
8,7,4,ckd-0059,1,classical_rbf_svm,1,1.8795725329906647
8,7,4,ckd-0063,1,classical_rbf_svm,1,1.7218640828571674
8,7,4,ckd-0072,1,classical_rbf_svm,1,1.693504516396471
8,7,4,ckd-0075,1,classical_rbf_svm,1,1.5698787077622927
8,7,4,ckd-0079,1,classical_rbf_svm,1,1.555267171352511
8,7,4,ckd-0089,1,classical_rbf_svm,1,1.4829964292657773
8,7,4,ckd-0093,1,classical_rbf_svm,1,1.5997851199281936
8,7,4,ckd-0095,1,classical_rbf_svm,1,1.7314664516563176
8,7,4,ckd-0098,1,classical_rbf_svm,1,2.0024345351187747
8,7,4,ckd-0099,1,classical_rbf_svm,1,1.13006490620961
8,7,4,ckd-0115,1,classical_rbf_svm,1,1.548371029216267
8,7,4,ckd-0125,1,classical_rbf_svm,1,1.6767385807491375
8,7,4,ckd-0126,1,classical_rbf_svm,1,1.3846928567968573
8,7,4,ckd-0127,1,classical_rbf_svm,1,1.8569807816773454
8,7,4,ckd-0129,1,classical_rbf_svm,1,1.143123666451803
8,7,4,ckd-0130,1,classical_rbf_svm,1,1.1114288309417266
8,7,4,ckd-0140,1,classical_rbf_svm,1,1.864755797896157
8,7,4,ckd-0154,1,classical_rbf_svm,1,1.0259421266621458
8,7,4,ckd-0156,1,classical_rbf_svm,1,1.4979785169826414
8,7,4,ckd-0160,1,classical_rbf_svm,1,1.862634874691988
8,7,4,ckd-0167,1,classical_rbf_svm,1,0.5277583956230738
8,7,4,ckd-0169,1,classical_rbf_svm,1,1.5641478712078931
8,7,4,ckd-0172,1,classical_rbf_svm,1,1.4183849722971589
8,7,4,ckd-0181,1,classical_rbf_svm,1,1.7505306009930228
8,7,4,ckd-0188,1,classical_rbf_svm,1,1.741270892107595
8,7,4,ckd-0193,1,classical_rbf_svm,1,0.47752216494462685
8,7,4,ckd-0194,1,classical_rbf_svm,1,0.9455537029958746
8,7,4,ckd-0198,1,classical_rbf_svm,1,1.3001363196119886
8,7,4,ckd-0214,1,classical_rbf_svm,1,1.6344092040728009
8,7,4,ckd-0219,1,classical_rbf_svm,1,1.1824101659882473
8,7,4,ckd-0234,1,classical_rbf_svm,1,1.4602969655197153
8,7,4,ckd-0242,1,classical_rbf_svm,1,1.75279085628094
8,7,4,ckd-0246,1,classical_rbf_svm,1,1.1856684008102296
8,7,4,ckd-0248,1,classical_rbf_svm,1,0.35136691295404143
8,7,4,ckd-0255,0,classical_rbf_svm,0,-1.1275723326388252
8,7,4,ckd-0257,0,classical_rbf_svm,0,-1.1030944394154027
8,7,4,ckd-0267,0,classical_rbf_svm,0,-0.4380387187767095
8,7,4,ckd-0270,0,classical_rbf_svm,0,-1.4095200446135414
8,7,4,ckd-0271,0,classical_rbf_svm,0,-1.035540544854804
8,7,4,ckd-0294,0,classical_rbf_svm,0,-1.229840136725172
8,7,4,ckd-0303,0,classical_rbf_svm,0,-1.2201233815748447
8,7,4,ckd-0305,0,classical_rbf_svm,0,-1.0513481861422949
8,7,4,ckd-0308,0,classical_rbf_svm,0,-0.8657770731174174
8,7,4,ckd-0310,0,classical_rbf_svm,0,-0.9247191713563213
8,7,4,ckd-0314,0,classical_rbf_svm,0,-0.9879692757041406
8,7,4,ckd-0315,0,classical_rbf_svm,0,-1.2202284503863146
8,7,4,ckd-0322,0,classical_rbf_svm,0,-1.0980739339108054
8,7,4,ckd-0325,0,classical_rbf_svm,0,-0.25769478794833234
8,7,4,ckd-0332,0,classical_rbf_svm,0,-1.193221481534977
8,7,4,ckd-0342,0,classical_rbf_svm,0,-0.8330242627856622
8,7,4,ckd-0348,0,classical_rbf_svm,0,-1.1078741083350594
8,7,4,ckd-0349,0,classical_rbf_svm,0,-0.8657770731174174
8,7,4,ckd-0357,0,classical_rbf_svm,0,-1.2920566517443102
8,7,4,ckd-0361,0,classical_rbf_svm,0,-1.2777517779714342
8,7,4,ckd-0370,0,classical_rbf_svm,0,-0.9707417451756851
8,7,4,ckd-0374,0,classical_rbf_svm,0,-1.249870102370544
8,7,4,ckd-0378,0,classical_rbf_svm,0,-1.113003473086089
8,7,4,ckd-0389,0,classical_rbf_svm,0,-1.236403016662602
8,7,4,ckd-0018,1,qsvc,1,0.9888330808013217
8,7,4,ckd-0019,1,qsvc,1,1.0266764075826185
8,7,4,ckd-0021,1,qsvc,1,0.9515895190649087
8,7,4,ckd-0022,1,qsvc,1,0.9916960974593864
8,7,4,ckd-0025,1,qsvc,1,0.9868332869095299
8,7,4,ckd-0052,1,qsvc,1,1.004317568988322
8,7,4,ckd-0059,1,qsvc,1,0.9400261595182556
8,7,4,ckd-0063,1,qsvc,1,0.9716413695181919
8,7,4,ckd-0072,1,qsvc,1,0.9887550319369187
8,7,4,ckd-0075,1,qsvc,1,0.9191172111380583
8,7,4,ckd-0079,1,qsvc,1,1.0104290745479139
8,7,4,ckd-0089,1,qsvc,1,0.9961831145382987
8,7,4,ckd-0093,1,qsvc,1,1.0184891858727945
8,7,4,ckd-0095,1,qsvc,1,1.1066728623453899
8,7,4,ckd-0098,1,qsvc,1,0.9739268986161477
8,7,4,ckd-0099,1,qsvc,1,0.9672109009518957
8,7,4,ckd-0115,1,qsvc,1,1.1950729792336718
8,7,4,ckd-0125,1,qsvc,1,1.1066414705354775
8,7,4,ckd-0126,1,qsvc,1,1.0039643572488253
8,7,4,ckd-0127,1,qsvc,1,1.0067866042395517
8,7,4,ckd-0129,1,qsvc,1,1.040803621212245
8,7,4,ckd-0130,1,qsvc,1,0.9482807699346572
8,7,4,ckd-0140,1,qsvc,1,0.9756030810801879
8,7,4,ckd-0154,1,qsvc,1,0.97062801113041
8,7,4,ckd-0156,1,qsvc,1,1.062838312717827
8,7,4,ckd-0160,1,qsvc,1,0.9927895903876798
8,7,4,ckd-0167,1,qsvc,1,1.080881565149407
8,7,4,ckd-0169,1,qsvc,1,1.0231382927773018
8,7,4,ckd-0172,1,qsvc,1,0.9510412940380738
8,7,4,ckd-0181,1,qsvc,1,0.878138179627395
8,7,4,ckd-0188,1,qsvc,1,1.0217997081130732
8,7,4,ckd-0193,1,qsvc,1,1.3384974802373781
8,7,4,ckd-0194,1,qsvc,1,0.9340771529545044
8,7,4,ckd-0198,1,qsvc,1,0.9694835661633278
8,7,4,ckd-0214,1,qsvc,1,1.0074564632285676
8,7,4,ckd-0219,1,qsvc,1,1.1789814804843215
8,7,4,ckd-0234,1,qsvc,1,0.9960761151200944
8,7,4,ckd-0242,1,qsvc,1,0.9988205402892901
8,7,4,ckd-0246,1,qsvc,1,0.9288502983926515
8,7,4,ckd-0248,1,qsvc,1,0.9703441868551687
8,7,4,ckd-0255,0,qsvc,0,-0.8078759162149599
8,7,4,ckd-0257,0,qsvc,0,-0.9597109763103219
8,7,4,ckd-0267,0,qsvc,0,-0.3394079490511258
8,7,4,ckd-0270,0,qsvc,0,-1.4238486125167515
8,7,4,ckd-0271,0,qsvc,0,-0.8365980267195482
8,7,4,ckd-0294,0,qsvc,0,-1.5205146307420425
8,7,4,ckd-0303,0,qsvc,0,-1.5138017888298716
8,7,4,ckd-0305,0,qsvc,0,-0.7288373081109191
8,7,4,ckd-0308,0,qsvc,0,-1.062390256904366
8,7,4,ckd-0310,0,qsvc,0,-0.7788232429491554
8,7,4,ckd-0314,0,qsvc,0,-0.6794578931382208
8,7,4,ckd-0315,0,qsvc,0,-1.2718318018735095
8,7,4,ckd-0322,0,qsvc,0,-1.3735891374877012
8,7,4,ckd-0325,0,qsvc,0,-0.014847389928301591
8,7,4,ckd-0332,0,qsvc,0,-0.9946064674451472
8,7,4,ckd-0342,0,qsvc,0,-0.2939590683982819
8,7,4,ckd-0348,0,qsvc,0,-0.5955753455758078
8,7,4,ckd-0349,0,qsvc,0,-1.062390256904366
8,7,4,ckd-0357,0,qsvc,0,-1.1988417494872539
8,7,4,ckd-0361,0,qsvc,0,-1.2584516678901383
8,7,4,ckd-0370,0,qsvc,0,-1.253247901518419
8,7,4,ckd-0374,0,qsvc,0,-1.1077759211627063
8,7,4,ckd-0378,0,qsvc,0,-1.3044050619698497
8,7,4,ckd-0389,0,qsvc,0,-1.5823963790995093
8,7,5,ckd-0014,1,classical_rbf_svm,1,1.8123096114322719
8,7,5,ckd-0023,1,classical_rbf_svm,1,1.2329869815115841
8,7,5,ckd-0030,1,classical_rbf_svm,1,1.5043339335808605
8,7,5,ckd-0033,1,classical_rbf_svm,1,1.9091505431949578
8,7,5,ckd-0045,1,classical_rbf_svm,1,1.3732342000027906
8,7,5,ckd-0049,1,classical_rbf_svm,1,1.4573834714234906
8,7,5,ckd-0062,1,classical_rbf_svm,1,0.9470663414091683
8,7,5,ckd-0066,1,classical_rbf_svm,1,0.6793683980434901
8,7,5,ckd-0068,1,classical_rbf_svm,1,1.362776095540928
8,7,5,ckd-0074,1,classical_rbf_svm,1,1.0210614521635757
8,7,5,ckd-0076,1,classical_rbf_svm,1,1.4923349520778784
8,7,5,ckd-0082,1,classical_rbf_svm,1,1.678848247055805
8,7,5,ckd-0092,1,classical_rbf_svm,1,0.9819476248830307
8,7,5,ckd-0094,1,classical_rbf_svm,1,1.404664977922379
8,7,5,ckd-0102,1,classical_rbf_svm,1,1.6774020700331098
8,7,5,ckd-0106,1,classical_rbf_svm,1,0.696935155604415
8,7,5,ckd-0119,1,classical_rbf_svm,1,1.5567304855036108
8,7,5,ckd-0128,1,classical_rbf_svm,1,1.4738239388598582
8,7,5,ckd-0132,1,classical_rbf_svm,1,1.4374731482443035
8,7,5,ckd-0136,1,classical_rbf_svm,1,1.2992837722076682
8,7,5,ckd-0138,1,classical_rbf_svm,1,1.6553231397620702
8,7,5,ckd-0152,1,classical_rbf_svm,1,1.7454073533067511
8,7,5,ckd-0153,1,classical_rbf_svm,1,1.7288526620635114
8,7,5,ckd-0157,1,classical_rbf_svm,1,1.5549278491256595
8,7,5,ckd-0161,1,classical_rbf_svm,1,1.8789027815523758
8,7,5,ckd-0173,1,classical_rbf_svm,1,1.7751277881380423
8,7,5,ckd-0177,1,classical_rbf_svm,1,1.1207939209375208
8,7,5,ckd-0178,1,classical_rbf_svm,1,1.4875516597379057
8,7,5,ckd-0179,1,classical_rbf_svm,1,1.6934727107563616
8,7,5,ckd-0182,1,classical_rbf_svm,1,1.2647967691356479
8,7,5,ckd-0186,1,classical_rbf_svm,1,0.8541446601761793
8,7,5,ckd-0187,1,classical_rbf_svm,1,1.2372588259934685
8,7,5,ckd-0204,1,classical_rbf_svm,1,1.605542354089507
8,7,5,ckd-0205,1,classical_rbf_svm,1,1.1122272388461345
8,7,5,ckd-0210,1,classical_rbf_svm,1,0.138086146697452
8,7,5,ckd-0213,1,classical_rbf_svm,1,1.4304770760567822
8,7,5,ckd-0215,1,classical_rbf_svm,1,0.5882744096265615
8,7,5,ckd-0218,1,classical_rbf_svm,1,1.768388409703328
8,7,5,ckd-0223,1,classical_rbf_svm,1,1.1430790686011396
8,7,5,ckd-0247,1,classical_rbf_svm,1,1.150106745767219
8,7,5,ckd-0252,0,classical_rbf_svm,0,-1.0809899654203463
8,7,5,ckd-0253,0,classical_rbf_svm,0,-1.4161694600263195
8,7,5,ckd-0258,0,classical_rbf_svm,0,-1.1011816708798323
8,7,5,ckd-0259,0,classical_rbf_svm,0,-0.9991054432382602
8,7,5,ckd-0260,0,classical_rbf_svm,0,-1.2850367870054626
8,7,5,ckd-0269,0,classical_rbf_svm,0,-1.0710095610303425
8,7,5,ckd-0276,0,classical_rbf_svm,0,-1.2089766728740077
8,7,5,ckd-0277,0,classical_rbf_svm,0,-0.9975126043205689
8,7,5,ckd-0281,0,classical_rbf_svm,0,-0.915566919241136
8,7,5,ckd-0284,0,classical_rbf_svm,0,-1.2071117931413708
8,7,5,ckd-0285,0,classical_rbf_svm,0,-1.0921553591162632
8,7,5,ckd-0289,0,classical_rbf_svm,0,-1.3166132277473606
8,7,5,ckd-0318,0,classical_rbf_svm,0,-0.9031350948000119
8,7,5,ckd-0323,0,classical_rbf_svm,0,-1.2398614079348629
8,7,5,ckd-0324,0,classical_rbf_svm,0,-1.3881481101249913
8,7,5,ckd-0334,0,classical_rbf_svm,0,-1.133169923230091
8,7,5,ckd-0339,0,classical_rbf_svm,0,-1.1091730504507924
8,7,5,ckd-0344,0,classical_rbf_svm,0,-1.3056424374437
8,7,5,ckd-0353,0,classical_rbf_svm,0,-1.2689490005178372
8,7,5,ckd-0362,0,classical_rbf_svm,0,-0.9014397466305477
8,7,5,ckd-0377,0,classical_rbf_svm,0,-1.0932330155652534
8,7,5,ckd-0382,0,classical_rbf_svm,0,-1.1408733795120478
8,7,5,ckd-0383,0,classical_rbf_svm,0,-1.1791508169011935
8,7,5,ckd-0384,0,classical_rbf_svm,0,-1.2607190943974953
8,7,5,ckd-0014,1,qsvc,1,0.928254012846565
8,7,5,ckd-0023,1,qsvc,1,0.9091557526950681
8,7,5,ckd-0030,1,qsvc,1,0.19949969191819972
8,7,5,ckd-0033,1,qsvc,1,0.9793154427109464
8,7,5,ckd-0045,1,qsvc,1,1.0061809239271107
8,7,5,ckd-0049,1,qsvc,1,0.9950585908794264
8,7,5,ckd-0062,1,qsvc,1,0.8720929233808432
8,7,5,ckd-0066,1,qsvc,0,-0.03167565001279826
8,7,5,ckd-0068,1,qsvc,1,0.9537766064498849
8,7,5,ckd-0074,1,qsvc,1,0.9324435296339089
8,7,5,ckd-0076,1,qsvc,1,0.5560198653301334
8,7,5,ckd-0082,1,qsvc,1,0.9633182908083664
8,7,5,ckd-0092,1,qsvc,1,0.418048263206804
8,7,5,ckd-0094,1,qsvc,1,1.003471093617141
8,7,5,ckd-0102,1,qsvc,1,0.9886099856304054
8,7,5,ckd-0106,1,qsvc,1,0.8892027341598807
8,7,5,ckd-0119,1,qsvc,1,0.9511503975849576
8,7,5,ckd-0128,1,qsvc,1,0.9901449123809298
8,7,5,ckd-0132,1,qsvc,1,1.2567625077151627
8,7,5,ckd-0136,1,qsvc,1,1.0065453163654976
8,7,5,ckd-0138,1,qsvc,1,0.966550141675991
8,7,5,ckd-0152,1,qsvc,1,1.0165500608373321
8,7,5,ckd-0153,1,qsvc,1,0.9458507133517613
8,7,5,ckd-0157,1,qsvc,1,0.9921100767118632
8,7,5,ckd-0161,1,qsvc,1,1.0219681034615544
8,7,5,ckd-0173,1,qsvc,1,0.9599132845573239
8,7,5,ckd-0177,1,qsvc,0,-0.5956584844596744
8,7,5,ckd-0178,1,qsvc,1,0.9976925323393707
8,7,5,ckd-0179,1,qsvc,1,0.9372850456525912
8,7,5,ckd-0182,1,qsvc,1,0.9615259999504823
8,7,5,ckd-0186,1,qsvc,1,0.7633015441767641
8,7,5,ckd-0187,1,qsvc,0,-0.5762292603272401
8,7,5,ckd-0204,1,qsvc,1,0.9438265555543557
8,7,5,ckd-0205,1,qsvc,1,0.8927792678366308
8,7,5,ckd-0210,1,qsvc,0,-0.38557292698505585
8,7,5,ckd-0213,1,qsvc,1,0.9556375555307594
8,7,5,ckd-0215,1,qsvc,1,1.0356421484880711
8,7,5,ckd-0218,1,qsvc,1,1.0631584805503707
8,7,5,ckd-0223,1,qsvc,1,1.0472577857181367
8,7,5,ckd-0247,1,qsvc,1,0.9465385976182746
8,7,5,ckd-0252,0,qsvc,0,-1.073618919712642
8,7,5,ckd-0253,0,qsvc,0,-1.6691421128982034
8,7,5,ckd-0258,0,qsvc,0,-1.38180079778439
8,7,5,ckd-0259,0,qsvc,0,-1.4088402255126093
8,7,5,ckd-0260,0,qsvc,0,-1.3837105299986405
8,7,5,ckd-0269,0,qsvc,0,-0.9785243518711366
8,7,5,ckd-0276,0,qsvc,0,-1.2539456073994424
8,7,5,ckd-0277,0,qsvc,0,-0.8425491120343493
8,7,5,ckd-0281,0,qsvc,0,-0.25802992341426956
8,7,5,ckd-0284,0,qsvc,0,-1.2699777104594518
8,7,5,ckd-0285,0,qsvc,0,-1.0933126258299215
8,7,5,ckd-0289,0,qsvc,0,-1.4627205790267348
8,7,5,ckd-0318,0,qsvc,0,-1.2393665970924321
8,7,5,ckd-0323,0,qsvc,0,-1.341969590442823
8,7,5,ckd-0324,0,qsvc,0,-1.6442840786791872
8,7,5,ckd-0334,0,qsvc,0,-1.0598973390811588
8,7,5,ckd-0339,0,qsvc,0,-1.0372935373584797
8,7,5,ckd-0344,0,qsvc,0,-1.4489396194195618
8,7,5,ckd-0353,0,qsvc,0,-1.3687902451441276
8,7,5,ckd-0362,0,qsvc,0,-0.1812789273449391
8,7,5,ckd-0377,0,qsvc,0,-1.0816520168470467
8,7,5,ckd-0382,0,qsvc,0,-0.9952758087292577
8,7,5,ckd-0383,0,qsvc,0,-1.242922269489614
8,7,5,ckd-0384,0,qsvc,0,-1.221267380614307
8,8,1,ckd-0004,1,classical_rbf_svm,1,1.19024701506115
8,8,1,ckd-0015,1,classical_rbf_svm,1,1.0377965383956227
8,8,1,ckd-0024,1,classical_rbf_svm,1,1.384182801481138
8,8,1,ckd-0036,1,classical_rbf_svm,1,1.9186463545845116
8,8,1,ckd-0038,1,classical_rbf_svm,1,1.8595762326034486
8,8,1,ckd-0040,1,classical_rbf_svm,1,1.7744148086937703
8,8,1,ckd-0051,1,classical_rbf_svm,1,1.7972671751351341
8,8,1,ckd-0052,1,classical_rbf_svm,1,1.7128916426791752
8,8,1,ckd-0055,1,classical_rbf_svm,1,1.6797500345207785
8,8,1,ckd-0073,1,classical_rbf_svm,1,1.5875748516096695
8,8,1,ckd-0075,1,classical_rbf_svm,1,1.7412102842390342
8,8,1,ckd-0078,1,classical_rbf_svm,1,1.8849909659911244
8,8,1,ckd-0089,1,classical_rbf_svm,1,1.3975025124283822
8,8,1,ckd-0090,1,classical_rbf_svm,1,0.4392680679667109
8,8,1,ckd-0094,1,classical_rbf_svm,1,1.4155841147990729
8,8,1,ckd-0096,1,classical_rbf_svm,1,1.316782864611918
8,8,1,ckd-0101,1,classical_rbf_svm,1,1.3569358210887092
8,8,1,ckd-0116,1,classical_rbf_svm,1,1.0361078049396202
8,8,1,ckd-0119,1,classical_rbf_svm,1,1.574052626751119
8,8,1,ckd-0132,1,classical_rbf_svm,1,1.4581119646573992
8,8,1,ckd-0147,1,classical_rbf_svm,1,1.6295381918926357
8,8,1,ckd-0156,1,classical_rbf_svm,1,1.4717040577506786
8,8,1,ckd-0161,1,classical_rbf_svm,1,1.8367524570998142
8,8,1,ckd-0166,1,classical_rbf_svm,1,0.4984340495571079
8,8,1,ckd-0185,1,classical_rbf_svm,1,1.707545729221458
8,8,1,ckd-0192,1,classical_rbf_svm,1,1.3216373272253878
8,8,1,ckd-0197,1,classical_rbf_svm,1,1.1519455134244672
8,8,1,ckd-0204,1,classical_rbf_svm,1,1.6309444369804913
8,8,1,ckd-0207,1,classical_rbf_svm,1,1.5192194591755555
8,8,1,ckd-0215,1,classical_rbf_svm,1,0.5623049499320718
8,8,1,ckd-0216,1,classical_rbf_svm,1,1.5519366317148213
8,8,1,ckd-0223,1,classical_rbf_svm,1,1.0692668184981726
8,8,1,ckd-0224,1,classical_rbf_svm,1,1.5872857347726728
8,8,1,ckd-0226,1,classical_rbf_svm,1,1.6335823991090657
8,8,1,ckd-0230,1,classical_rbf_svm,1,1.3593765674141136
8,8,1,ckd-0236,1,classical_rbf_svm,1,1.494012316223335
8,8,1,ckd-0237,1,classical_rbf_svm,1,1.7001508923094422
8,8,1,ckd-0244,1,classical_rbf_svm,1,0.6988028512724279
8,8,1,ckd-0246,1,classical_rbf_svm,1,1.2855619803652831
8,8,1,ckd-0247,1,classical_rbf_svm,1,1.2136070779608614
8,8,1,ckd-0254,0,classical_rbf_svm,0,-1.2701380435722478
8,8,1,ckd-0255,0,classical_rbf_svm,0,-1.1492494467102534
8,8,1,ckd-0271,0,classical_rbf_svm,0,-1.0676816257797506
8,8,1,ckd-0273,0,classical_rbf_svm,0,-1.2186767384606605
8,8,1,ckd-0279,0,classical_rbf_svm,0,-1.0673703927277085
8,8,1,ckd-0283,0,classical_rbf_svm,0,-1.0973188833218157
8,8,1,ckd-0284,0,classical_rbf_svm,0,-1.1428935058784866
8,8,1,ckd-0302,0,classical_rbf_svm,0,-1.1686542583526642
8,8,1,ckd-0303,0,classical_rbf_svm,0,-1.2499378706604514
8,8,1,ckd-0304,0,classical_rbf_svm,0,-1.1389647751604994
8,8,1,ckd-0305,0,classical_rbf_svm,0,-1.087975149857194
8,8,1,ckd-0310,0,classical_rbf_svm,0,-0.9171889868587544
8,8,1,ckd-0312,0,classical_rbf_svm,0,-1.212788973327879
8,8,1,ckd-0318,0,classical_rbf_svm,0,-0.829924398101755
8,8,1,ckd-0320,0,classical_rbf_svm,0,-0.16248091420862476
8,8,1,ckd-0322,0,classical_rbf_svm,0,-1.1301631477264111
8,8,1,ckd-0326,0,classical_rbf_svm,0,-1.1450881611184482
8,8,1,ckd-0344,0,classical_rbf_svm,0,-1.3507426292959943
8,8,1,ckd-0353,0,classical_rbf_svm,0,-1.2727778981493727
8,8,1,ckd-0373,0,classical_rbf_svm,0,-1.1998448967971136
8,8,1,ckd-0379,0,classical_rbf_svm,0,-1.272078288285317
8,8,1,ckd-0385,0,classical_rbf_svm,0,-1.0600945921575842
8,8,1,ckd-0389,0,classical_rbf_svm,0,-1.2638653096030597
8,8,1,ckd-0397,0,classical_rbf_svm,0,-1.0463302901345877
8,8,1,ckd-0004,1,qsvc,1,1.0109537896605827
8,8,1,ckd-0015,1,qsvc,1,0.9200179240785358
8,8,1,ckd-0024,1,qsvc,1,0.9519264162475711
8,8,1,ckd-0036,1,qsvc,1,0.9784351552427768
8,8,1,ckd-0038,1,qsvc,1,0.999795918470725
8,8,1,ckd-0040,1,qsvc,1,0.991821042642665
8,8,1,ckd-0051,1,qsvc,1,0.9828681223547636
8,8,1,ckd-0052,1,qsvc,1,0.990120841633305
8,8,1,ckd-0055,1,qsvc,1,0.9985978954973512
8,8,1,ckd-0073,1,qsvc,1,0.9484781222541041
8,8,1,ckd-0075,1,qsvc,1,0.9319798313761055
8,8,1,ckd-0078,1,qsvc,1,1.006516255403905
8,8,1,ckd-0089,1,qsvc,1,1.0043890575524448
8,8,1,ckd-0090,1,qsvc,1,0.8799187113619663
8,8,1,ckd-0094,1,qsvc,1,0.9986881107582788
8,8,1,ckd-0096,1,qsvc,1,1.0154555203338753
8,8,1,ckd-0101,1,qsvc,1,1.284854292160958
8,8,1,ckd-0116,1,qsvc,1,0.23445573673498954
8,8,1,ckd-0119,1,qsvc,1,0.93939537530263
8,8,1,ckd-0132,1,qsvc,1,1.3344395708580032
8,8,1,ckd-0147,1,qsvc,1,0.9837250039031119
8,8,1,ckd-0156,1,qsvc,1,1.0253776154155672
8,8,1,ckd-0161,1,qsvc,1,1.0438980372946558
8,8,1,ckd-0166,1,qsvc,1,0.8022982244039122
8,8,1,ckd-0185,1,qsvc,1,0.9845753107453241
8,8,1,ckd-0192,1,qsvc,1,0.9844065504200689
8,8,1,ckd-0197,1,qsvc,1,0.9673669145914433
8,8,1,ckd-0204,1,qsvc,1,0.9722293428986009
8,8,1,ckd-0207,1,qsvc,1,0.9103066586313342
8,8,1,ckd-0215,1,qsvc,1,0.964255078564676
8,8,1,ckd-0216,1,qsvc,1,0.9537657094338454
8,8,1,ckd-0223,1,qsvc,1,1.0367507899261867
8,8,1,ckd-0224,1,qsvc,1,0.990374698060245
8,8,1,ckd-0226,1,qsvc,1,1.0118437534399423
8,8,1,ckd-0230,1,qsvc,1,0.8992145720462832
8,8,1,ckd-0236,1,qsvc,1,1.1739007389624618
8,8,1,ckd-0237,1,qsvc,1,0.9986218845986665
8,8,1,ckd-0244,1,qsvc,1,0.9345629196749015
8,8,1,ckd-0246,1,qsvc,1,0.8529720281057428
8,8,1,ckd-0247,1,qsvc,1,0.9577151756164975
8,8,1,ckd-0254,0,qsvc,0,-1.4318106370607204
8,8,1,ckd-0255,0,qsvc,0,-0.9663227475582088
8,8,1,ckd-0271,0,qsvc,0,-1.011148342509226
8,8,1,ckd-0273,0,qsvc,0,-1.3337480300902989
8,8,1,ckd-0279,0,qsvc,0,-1.4428247299730204
8,8,1,ckd-0283,0,qsvc,0,-1.476461520073913
8,8,1,ckd-0284,0,qsvc,0,-1.395257372297445
8,8,1,ckd-0302,0,qsvc,0,-0.9585844462379074
8,8,1,ckd-0303,0,qsvc,0,-1.4948875177027563
8,8,1,ckd-0304,0,qsvc,0,-1.0624266638638435
8,8,1,ckd-0305,0,qsvc,0,-0.978747559631455
8,8,1,ckd-0310,0,qsvc,0,-0.7753496500900103
8,8,1,ckd-0312,0,qsvc,0,-1.2255435314128513
8,8,1,ckd-0318,0,qsvc,0,-1.2352833228401348
8,8,1,ckd-0320,0,qsvc,1,0.01264669913444727
8,8,1,ckd-0322,0,qsvc,0,-1.3379293124221678
8,8,1,ckd-0326,0,qsvc,0,-1.206454304971668
8,8,1,ckd-0344,0,qsvc,0,-1.3317271602269527
8,8,1,ckd-0353,0,qsvc,0,-1.5151197280445825
8,8,1,ckd-0373,0,qsvc,0,-1.1774680843898457
8,8,1,ckd-0379,0,qsvc,0,-1.4283094215945618
8,8,1,ckd-0385,0,qsvc,0,-1.4699796325293468
8,8,1,ckd-0389,0,qsvc,0,-1.589118078868465
8,8,1,ckd-0397,0,qsvc,0,-0.8819995460073471
8,8,2,ckd-0001,1,classical_rbf_svm,1,0.43147707549869213
8,8,2,ckd-0007,1,classical_rbf_svm,1,1.0354480719136228
8,8,2,ckd-0008,1,classical_rbf_svm,1,1.4676013221006072
8,8,2,ckd-0012,1,classical_rbf_svm,1,1.5584570514981257
8,8,2,ckd-0018,1,classical_rbf_svm,1,1.154940238711087
8,8,2,ckd-0019,1,classical_rbf_svm,1,0.711348756874874
8,8,2,ckd-0020,1,classical_rbf_svm,1,1.8250207401937215
8,8,2,ckd-0023,1,classical_rbf_svm,1,1.2387799129811623
8,8,2,ckd-0026,1,classical_rbf_svm,1,1.4320104846425146
8,8,2,ckd-0032,1,classical_rbf_svm,1,1.6636901085081162
8,8,2,ckd-0064,1,classical_rbf_svm,1,1.602111687916031
8,8,2,ckd-0068,1,classical_rbf_svm,1,1.426177005801872
8,8,2,ckd-0085,1,classical_rbf_svm,1,1.042846184289873
8,8,2,ckd-0086,1,classical_rbf_svm,1,1.9095907084369115
8,8,2,ckd-0091,1,classical_rbf_svm,1,1.642907555904522
8,8,2,ckd-0093,1,classical_rbf_svm,1,1.5827439366268496
8,8,2,ckd-0105,1,classical_rbf_svm,1,1.3530258682936886
8,8,2,ckd-0106,1,classical_rbf_svm,1,0.6476500086716337
8,8,2,ckd-0123,1,classical_rbf_svm,1,1.1928504355808656
8,8,2,ckd-0125,1,classical_rbf_svm,1,1.6880681193655522
8,8,2,ckd-0130,1,classical_rbf_svm,1,1.1901769342145199
8,8,2,ckd-0134,1,classical_rbf_svm,1,1.454857803894491
8,8,2,ckd-0136,1,classical_rbf_svm,1,1.3717257680084973
8,8,2,ckd-0146,1,classical_rbf_svm,1,1.0064759932433178
8,8,2,ckd-0153,1,classical_rbf_svm,1,1.766466574387365
8,8,2,ckd-0157,1,classical_rbf_svm,1,1.6342871176129055
8,8,2,ckd-0169,1,classical_rbf_svm,1,1.49564011030412
8,8,2,ckd-0170,1,classical_rbf_svm,1,1.582008098521694
8,8,2,ckd-0176,1,classical_rbf_svm,1,1.3717712785952352
8,8,2,ckd-0178,1,classical_rbf_svm,1,1.5241304392604547
8,8,2,ckd-0181,1,classical_rbf_svm,1,1.7815012954784497
8,8,2,ckd-0182,1,classical_rbf_svm,1,1.3860021209606892
8,8,2,ckd-0202,1,classical_rbf_svm,1,1.3851591411070259
8,8,2,ckd-0206,1,classical_rbf_svm,1,0.7217532909835367
8,8,2,ckd-0210,1,classical_rbf_svm,1,0.20321669027597755
8,8,2,ckd-0211,1,classical_rbf_svm,1,1.0301702198368896
8,8,2,ckd-0213,1,classical_rbf_svm,1,1.4215147849648049
8,8,2,ckd-0217,1,classical_rbf_svm,1,1.2528309015639774
8,8,2,ckd-0222,1,classical_rbf_svm,1,1.278534019272667
8,8,2,ckd-0249,1,classical_rbf_svm,1,1.8202745266484885
8,8,2,ckd-0257,0,classical_rbf_svm,0,-1.123373281930597
8,8,2,ckd-0258,0,classical_rbf_svm,0,-1.0915617006699794
8,8,2,ckd-0259,0,classical_rbf_svm,0,-0.9627380810166618
8,8,2,ckd-0262,0,classical_rbf_svm,0,-1.0752579529661976
8,8,2,ckd-0270,0,classical_rbf_svm,0,-1.4423132749260525
8,8,2,ckd-0280,0,classical_rbf_svm,0,-1.4333981278355852
8,8,2,ckd-0288,0,classical_rbf_svm,0,-1.0277471906333697
8,8,2,ckd-0294,0,classical_rbf_svm,0,-1.2720910674822692
8,8,2,ckd-0295,0,classical_rbf_svm,0,-0.7173706586373848
8,8,2,ckd-0297,0,classical_rbf_svm,0,-1.098333276604107
8,8,2,ckd-0298,0,classical_rbf_svm,0,-1.4433382873748792
8,8,2,ckd-0299,0,classical_rbf_svm,0,-1.0255132014753299
8,8,2,ckd-0315,0,classical_rbf_svm,0,-1.2510810967980248
8,8,2,ckd-0327,0,classical_rbf_svm,0,-1.0530678812389072
8,8,2,ckd-0332,0,classical_rbf_svm,0,-1.2069427561403123
8,8,2,ckd-0342,0,classical_rbf_svm,0,-0.8601983938608645
8,8,2,ckd-0350,0,classical_rbf_svm,0,-1.294137438657272
8,8,2,ckd-0361,0,classical_rbf_svm,0,-1.2977525283169138
8,8,2,ckd-0366,0,classical_rbf_svm,0,-0.15261671797075727
8,8,2,ckd-0367,0,classical_rbf_svm,0,-1.448872508531816
8,8,2,ckd-0369,0,classical_rbf_svm,0,-1.4100782267701635
8,8,2,ckd-0382,0,classical_rbf_svm,0,-1.1852191788485955
8,8,2,ckd-0387,0,classical_rbf_svm,0,-1.3682063303571481
8,8,2,ckd-0391,0,classical_rbf_svm,0,-1.32421828274166
8,8,2,ckd-0001,1,qsvc,1,0.8805812326014906
8,8,2,ckd-0007,1,qsvc,1,1.0697720389973904
8,8,2,ckd-0008,1,qsvc,1,0.924394270211028
8,8,2,ckd-0012,1,qsvc,1,0.9841061435370118
8,8,2,ckd-0018,1,qsvc,1,1.0060074722896062
8,8,2,ckd-0019,1,qsvc,1,1.014858969478012
8,8,2,ckd-0020,1,qsvc,1,0.9943539401342276
8,8,2,ckd-0023,1,qsvc,1,0.9322997823200042
8,8,2,ckd-0026,1,qsvc,1,0.9766193563451895
8,8,2,ckd-0032,1,qsvc,1,1.000936154020432
8,8,2,ckd-0064,1,qsvc,1,0.9481526538370858
8,8,2,ckd-0068,1,qsvc,1,0.9703140449732192
8,8,2,ckd-0085,1,qsvc,1,0.9021028292927814
8,8,2,ckd-0086,1,qsvc,1,0.927347423082961
8,8,2,ckd-0091,1,qsvc,1,1.0499069082572148
8,8,2,ckd-0093,1,qsvc,1,1.0135598871186162
8,8,2,ckd-0105,1,qsvc,1,1.012304362373117
8,8,2,ckd-0106,1,qsvc,1,0.8951773756698476
8,8,2,ckd-0123,1,qsvc,1,0.8184751528198448
8,8,2,ckd-0125,1,qsvc,1,1.0215253615224138
8,8,2,ckd-0130,1,qsvc,1,0.9413537264811865
8,8,2,ckd-0134,1,qsvc,1,1.0232381404270061
8,8,2,ckd-0136,1,qsvc,1,0.9988887614096386
8,8,2,ckd-0146,1,qsvc,1,0.904253036441678
8,8,2,ckd-0153,1,qsvc,1,0.9216463531184375
8,8,2,ckd-0157,1,qsvc,1,0.9930599805310895
8,8,2,ckd-0169,1,qsvc,1,1.0214012931991208
8,8,2,ckd-0170,1,qsvc,1,0.9296943162180161
8,8,2,ckd-0176,1,qsvc,1,0.9876679462990111
8,8,2,ckd-0178,1,qsvc,1,0.9481150982892423
8,8,2,ckd-0181,1,qsvc,1,0.8245343232120802
8,8,2,ckd-0182,1,qsvc,1,0.9334350486026837
8,8,2,ckd-0202,1,qsvc,1,1.0215777180499648
8,8,2,ckd-0206,1,qsvc,1,0.9271171514037145
8,8,2,ckd-0210,1,qsvc,1,0.2295531854805536
8,8,2,ckd-0211,1,qsvc,1,0.9218720090711374
8,8,2,ckd-0213,1,qsvc,1,0.9572949273805751
8,8,2,ckd-0217,1,qsvc,1,1.0760656057302103
8,8,2,ckd-0222,1,qsvc,1,0.9846617062278917
8,8,2,ckd-0249,1,qsvc,1,1.0142904880031745
8,8,2,ckd-0257,0,qsvc,0,-1.1015042615666653
8,8,2,ckd-0258,0,qsvc,0,-1.3371360033213058
8,8,2,ckd-0259,0,qsvc,0,-1.1641541119406489
8,8,2,ckd-0262,0,qsvc,0,-1.0297157598807742
8,8,2,ckd-0270,0,qsvc,0,-1.501779662152243
8,8,2,ckd-0280,0,qsvc,0,-1.429064436869962
8,8,2,ckd-0288,0,qsvc,0,-0.8410718710214824
8,8,2,ckd-0294,0,qsvc,0,-1.4451001259182037
8,8,2,ckd-0295,0,qsvc,0,-0.7986195271879757
8,8,2,ckd-0297,0,qsvc,0,-1.0947619409501221
8,8,2,ckd-0298,0,qsvc,0,-1.5844439417312246
8,8,2,ckd-0299,0,qsvc,0,-1.2220336660297912
8,8,2,ckd-0315,0,qsvc,0,-1.3694927690813505
8,8,2,ckd-0327,0,qsvc,0,-1.2537549302496462
8,8,2,ckd-0332,0,qsvc,0,-1.2217692700617537
8,8,2,ckd-0342,0,qsvc,0,-0.4579002945088566
8,8,2,ckd-0350,0,qsvc,0,-0.9485459112841419
8,8,2,ckd-0361,0,qsvc,0,-1.4235321475367624
8,8,2,ckd-0366,0,qsvc,1,0.036898388553911365
8,8,2,ckd-0367,0,qsvc,0,-1.6007250809750333
8,8,2,ckd-0369,0,qsvc,0,-1.5899172122886827
8,8,2,ckd-0382,0,qsvc,0,-1.0486941161335628
8,8,2,ckd-0387,0,qsvc,0,-1.3691850615007388
8,8,2,ckd-0391,0,qsvc,0,-1.054360182402031
8,8,3,ckd-0010,1,classical_rbf_svm,1,1.5901038034362343
8,8,3,ckd-0013,1,classical_rbf_svm,1,1.5771260823141202
8,8,3,ckd-0022,1,classical_rbf_svm,1,0.9619610748590731
8,8,3,ckd-0025,1,classical_rbf_svm,1,1.4787556962681543
8,8,3,ckd-0027,1,classical_rbf_svm,1,1.9825644819786974
8,8,3,ckd-0030,1,classical_rbf_svm,1,1.4683680230634568
8,8,3,ckd-0033,1,classical_rbf_svm,1,1.8837541490691736
8,8,3,ckd-0045,1,classical_rbf_svm,1,1.301539628927291
8,8,3,ckd-0053,1,classical_rbf_svm,1,1.7370493158724618
8,8,3,ckd-0060,1,classical_rbf_svm,1,1.475714562238346
8,8,3,ckd-0062,1,classical_rbf_svm,1,0.9733555503581733
8,8,3,ckd-0066,1,classical_rbf_svm,1,0.6875594399952187
8,8,3,ckd-0069,1,classical_rbf_svm,1,1.7372937012635958
8,8,3,ckd-0077,1,classical_rbf_svm,1,1.088040415889285
8,8,3,ckd-0080,1,classical_rbf_svm,1,1.7283419499516826
8,8,3,ckd-0081,1,classical_rbf_svm,1,1.7995056266231613
8,8,3,ckd-0109,1,classical_rbf_svm,1,1.0304067009344908
8,8,3,ckd-0113,1,classical_rbf_svm,1,1.6536188303971089
8,8,3,ckd-0117,1,classical_rbf_svm,1,1.3415324893965157
8,8,3,ckd-0121,1,classical_rbf_svm,1,1.1149503081821286
8,8,3,ckd-0126,1,classical_rbf_svm,1,1.5207505178026164
8,8,3,ckd-0131,1,classical_rbf_svm,1,1.1468993519033863
8,8,3,ckd-0141,1,classical_rbf_svm,1,1.1771343947487256
8,8,3,ckd-0155,1,classical_rbf_svm,1,0.9810904257819789
8,8,3,ckd-0158,1,classical_rbf_svm,1,1.474670059320136
8,8,3,ckd-0172,1,classical_rbf_svm,1,1.4935449647093744
8,8,3,ckd-0175,1,classical_rbf_svm,1,1.3291911257946478
8,8,3,ckd-0179,1,classical_rbf_svm,1,1.8426988577749333
8,8,3,ckd-0180,1,classical_rbf_svm,1,1.642975709997962
8,8,3,ckd-0191,1,classical_rbf_svm,1,1.2860125903415152
8,8,3,ckd-0201,1,classical_rbf_svm,1,1.4788341003923633
8,8,3,ckd-0203,1,classical_rbf_svm,1,1.618766290234801
8,8,3,ckd-0205,1,classical_rbf_svm,1,1.013413670662985
8,8,3,ckd-0208,1,classical_rbf_svm,1,1.6879236587101976
8,8,3,ckd-0219,1,classical_rbf_svm,1,1.213127753667754
8,8,3,ckd-0220,1,classical_rbf_svm,1,1.6788578133179468
8,8,3,ckd-0227,1,classical_rbf_svm,1,1.1463701712673546
8,8,3,ckd-0231,1,classical_rbf_svm,1,1.7606827145155157
8,8,3,ckd-0232,1,classical_rbf_svm,1,1.7118973107528794
8,8,3,ckd-0234,1,classical_rbf_svm,1,1.5225974888899816
8,8,3,ckd-0252,0,classical_rbf_svm,0,-1.0799814851191991
8,8,3,ckd-0260,0,classical_rbf_svm,0,-1.2394315955853465
8,8,3,ckd-0263,0,classical_rbf_svm,0,-1.154640394559768
8,8,3,ckd-0265,0,classical_rbf_svm,0,-1.2297882638665656
8,8,3,ckd-0267,0,classical_rbf_svm,0,-0.4344400763639992
8,8,3,ckd-0274,0,classical_rbf_svm,0,-0.179043867894218
8,8,3,ckd-0290,0,classical_rbf_svm,0,-1.1721324999549445
8,8,3,ckd-0292,0,classical_rbf_svm,0,-1.1154681176043852
8,8,3,ckd-0301,0,classical_rbf_svm,0,-1.115818644400643
8,8,3,ckd-0306,0,classical_rbf_svm,0,-1.0338755668095456
8,8,3,ckd-0319,0,classical_rbf_svm,0,-1.0104866018067966
8,8,3,ckd-0339,0,classical_rbf_svm,0,-1.0641402680602212
8,8,3,ckd-0341,0,classical_rbf_svm,0,-1.1562386426522813
8,8,3,ckd-0352,0,classical_rbf_svm,0,-0.9230752159049108
8,8,3,ckd-0355,0,classical_rbf_svm,0,-1.1204734692561522
8,8,3,ckd-0358,0,classical_rbf_svm,0,-0.9298528659051261
8,8,3,ckd-0363,0,classical_rbf_svm,0,-1.0341366719413267
8,8,3,ckd-0365,0,classical_rbf_svm,0,-1.362362340815206
8,8,3,ckd-0368,0,classical_rbf_svm,0,-1.0968375949798346
8,8,3,ckd-0370,0,classical_rbf_svm,0,-0.9865396367933023
8,8,3,ckd-0386,0,classical_rbf_svm,0,-1.1646255774660967
8,8,3,ckd-0395,0,classical_rbf_svm,0,-1.0592848097122234
8,8,3,ckd-0398,0,classical_rbf_svm,0,-1.3283176634106972
8,8,3,ckd-0400,0,classical_rbf_svm,0,-1.1722208852073233
8,8,3,ckd-0010,1,qsvc,1,0.9022795981020667
8,8,3,ckd-0013,1,qsvc,1,1.01170590836068
8,8,3,ckd-0022,1,qsvc,1,1.0162566626264922
8,8,3,ckd-0025,1,qsvc,1,0.9758971739418467
8,8,3,ckd-0027,1,qsvc,1,0.9987542234488513
8,8,3,ckd-0030,1,qsvc,1,0.5670652825163234
8,8,3,ckd-0033,1,qsvc,1,0.9681496611978789
8,8,3,ckd-0045,1,qsvc,1,0.9904603587225932
8,8,3,ckd-0053,1,qsvc,1,1.0558600513173169
8,8,3,ckd-0060,1,qsvc,1,1.0186568543469603
8,8,3,ckd-0062,1,qsvc,1,0.9704762700413099
8,8,3,ckd-0066,1,qsvc,1,0.01020799018217955
8,8,3,ckd-0069,1,qsvc,1,1.0142656786508388
8,8,3,ckd-0077,1,qsvc,1,0.9173443568713927
8,8,3,ckd-0080,1,qsvc,1,0.9414116733838553
8,8,3,ckd-0081,1,qsvc,1,1.0028427943962153
8,8,3,ckd-0109,1,qsvc,1,1.4462802223282478
8,8,3,ckd-0113,1,qsvc,1,1.0262810953419526
8,8,3,ckd-0117,1,qsvc,1,1.3450977932172472
8,8,3,ckd-0121,1,qsvc,1,0.9738026803069129
8,8,3,ckd-0126,1,qsvc,1,1.0042734739960553
8,8,3,ckd-0131,1,qsvc,1,0.9218647443121512
8,8,3,ckd-0141,1,qsvc,1,0.8185179434086816
8,8,3,ckd-0155,1,qsvc,1,0.9529243532895468
8,8,3,ckd-0158,1,qsvc,1,1.0129190763114173
8,8,3,ckd-0172,1,qsvc,1,0.9320429810097106
8,8,3,ckd-0175,1,qsvc,1,0.8573293028537324
8,8,3,ckd-0179,1,qsvc,1,0.9519589835476501
8,8,3,ckd-0180,1,qsvc,1,1.0773209722339208
8,8,3,ckd-0191,1,qsvc,1,0.7424483242293612
8,8,3,ckd-0201,1,qsvc,1,1.018266477648944
8,8,3,ckd-0203,1,qsvc,1,0.522003158252003
8,8,3,ckd-0205,1,qsvc,1,0.9934073988721686
8,8,3,ckd-0208,1,qsvc,1,0.9915619364373764
8,8,3,ckd-0219,1,qsvc,1,1.234941984592032
8,8,3,ckd-0220,1,qsvc,1,0.9829564378246614
8,8,3,ckd-0227,1,qsvc,1,0.9342373290911578
8,8,3,ckd-0231,1,qsvc,1,0.9722539806215563
8,8,3,ckd-0232,1,qsvc,1,1.0624694861531978
8,8,3,ckd-0234,1,qsvc,1,1.0008749989082333
8,8,3,ckd-0252,0,qsvc,0,-0.9931094995796197
8,8,3,ckd-0260,0,qsvc,0,-1.5290135669328824
8,8,3,ckd-0263,0,qsvc,0,-1.5558734875425841
8,8,3,ckd-0265,0,qsvc,0,-1.3596520614630534
8,8,3,ckd-0267,0,qsvc,0,-0.4287981348153709
8,8,3,ckd-0274,0,qsvc,1,0.020516058117895142
8,8,3,ckd-0290,0,qsvc,0,-1.3010385131748494
8,8,3,ckd-0292,0,qsvc,0,-1.2724360817219527
8,8,3,ckd-0301,0,qsvc,0,-1.5284697555609932
8,8,3,ckd-0306,0,qsvc,0,-0.8560311939375387
8,8,3,ckd-0319,0,qsvc,0,-0.8927233647508721
8,8,3,ckd-0339,0,qsvc,0,-0.8322929474950096
8,8,3,ckd-0341,0,qsvc,0,-1.293016641450769
8,8,3,ckd-0352,0,qsvc,0,-0.48877332543658714
8,8,3,ckd-0355,0,qsvc,0,-1.1660600739150109
8,8,3,ckd-0358,0,qsvc,0,-0.763566758666824
8,8,3,ckd-0363,0,qsvc,0,-1.1491623751497877
8,8,3,ckd-0365,0,qsvc,0,-1.6418935709043958
8,8,3,ckd-0368,0,qsvc,0,-1.0440840769363897
8,8,3,ckd-0370,0,qsvc,0,-1.3101608558531717
8,8,3,ckd-0386,0,qsvc,0,-1.0462766015262213
8,8,3,ckd-0395,0,qsvc,0,-1.4349615136307614
8,8,3,ckd-0398,0,qsvc,0,-1.4664340636346451
8,8,3,ckd-0400,0,qsvc,0,-1.04108818047808
8,8,4,ckd-0002,1,classical_rbf_svm,1,1.2338148397242366
8,8,4,ckd-0006,1,classical_rbf_svm,1,1.7473540918458104
8,8,4,ckd-0014,1,classical_rbf_svm,1,1.720919933758093
8,8,4,ckd-0028,1,classical_rbf_svm,1,1.6726620994811001
8,8,4,ckd-0031,1,classical_rbf_svm,1,1.3823330369987947
8,8,4,ckd-0042,1,classical_rbf_svm,1,1.1352531070781893
8,8,4,ckd-0048,1,classical_rbf_svm,1,1.2416723057863464
8,8,4,ckd-0059,1,classical_rbf_svm,1,1.8601432096557005
8,8,4,ckd-0063,1,classical_rbf_svm,1,1.6633305013602584
8,8,4,ckd-0076,1,classical_rbf_svm,1,1.3886696147826696
8,8,4,ckd-0082,1,classical_rbf_svm,1,1.7018226160886476
8,8,4,ckd-0083,1,classical_rbf_svm,1,0.7176703739380966
8,8,4,ckd-0088,1,classical_rbf_svm,1,1.5439338235911255
8,8,4,ckd-0097,1,classical_rbf_svm,1,1.8482993787411428
8,8,4,ckd-0098,1,classical_rbf_svm,1,1.9315637132478
8,8,4,ckd-0099,1,classical_rbf_svm,1,1.2158066862978059
8,8,4,ckd-0115,1,classical_rbf_svm,1,1.3249049498543801
8,8,4,ckd-0122,1,classical_rbf_svm,1,1.3108032917674888
8,8,4,ckd-0127,1,classical_rbf_svm,1,1.824947561007786
8,8,4,ckd-0138,1,classical_rbf_svm,1,1.6518600788428532
8,8,4,ckd-0139,1,classical_rbf_svm,1,1.3601278150072422
8,8,4,ckd-0140,1,classical_rbf_svm,1,1.6540342373927222
8,8,4,ckd-0150,1,classical_rbf_svm,1,1.403628184269031
8,8,4,ckd-0152,1,classical_rbf_svm,1,1.743375318693965
8,8,4,ckd-0160,1,classical_rbf_svm,1,1.8169468048614323
8,8,4,ckd-0167,1,classical_rbf_svm,1,0.3728008108590628
8,8,4,ckd-0171,1,classical_rbf_svm,1,1.8359883014299099
8,8,4,ckd-0173,1,classical_rbf_svm,1,1.6795745940961826
8,8,4,ckd-0174,1,classical_rbf_svm,1,0.9972229177830487
8,8,4,ckd-0184,1,classical_rbf_svm,1,1.0627024530441385
8,8,4,ckd-0186,1,classical_rbf_svm,1,0.6883741095095696
8,8,4,ckd-0188,1,classical_rbf_svm,1,1.5958267341668102
8,8,4,ckd-0189,1,classical_rbf_svm,1,0.08003254062215814
8,8,4,ckd-0196,1,classical_rbf_svm,1,1.4441262898827045
8,8,4,ckd-0198,1,classical_rbf_svm,1,1.5076382276666682
8,8,4,ckd-0200,1,classical_rbf_svm,1,1.5334555240326395
8,8,4,ckd-0218,1,classical_rbf_svm,1,1.8078657250309251
8,8,4,ckd-0221,1,classical_rbf_svm,1,1.39460103245835
8,8,4,ckd-0228,1,classical_rbf_svm,1,1.794225591614448
8,8,4,ckd-0233,1,classical_rbf_svm,1,0.7676305928779354
8,8,4,ckd-0253,0,classical_rbf_svm,0,-1.4048288297383293
8,8,4,ckd-0269,0,classical_rbf_svm,0,-1.0278587399667694
8,8,4,ckd-0281,0,classical_rbf_svm,0,-0.922131582363253
8,8,4,ckd-0282,0,classical_rbf_svm,0,-1.2127854255109187
8,8,4,ckd-0285,0,classical_rbf_svm,0,-1.0832481784973669
8,8,4,ckd-0287,0,classical_rbf_svm,0,-1.1528206199266453
8,8,4,ckd-0289,0,classical_rbf_svm,0,-1.3029236359160254
8,8,4,ckd-0300,0,classical_rbf_svm,0,-1.1455555243046387
8,8,4,ckd-0307,0,classical_rbf_svm,0,-1.1206322385141623
8,8,4,ckd-0314,0,classical_rbf_svm,0,-0.961016308970801
8,8,4,ckd-0316,0,classical_rbf_svm,0,-1.2164385083187068
8,8,4,ckd-0317,0,classical_rbf_svm,0,-1.2864537489089494
8,8,4,ckd-0324,0,classical_rbf_svm,0,-1.378713085210311
8,8,4,ckd-0328,0,classical_rbf_svm,0,-1.0748945717699634
8,8,4,ckd-0335,0,classical_rbf_svm,0,-1.3040507950788864
8,8,4,ckd-0351,0,classical_rbf_svm,0,-1.324031757137492
8,8,4,ckd-0364,0,classical_rbf_svm,0,-1.137681813215592
8,8,4,ckd-0371,0,classical_rbf_svm,0,-1.1874749559836455
8,8,4,ckd-0374,0,classical_rbf_svm,0,-1.214200684895657
8,8,4,ckd-0377,0,classical_rbf_svm,0,-1.088697687674952
8,8,4,ckd-0381,0,classical_rbf_svm,0,-1.004265607052616
8,8,4,ckd-0384,0,classical_rbf_svm,0,-1.2525619370536165
8,8,4,ckd-0388,0,classical_rbf_svm,0,-1.2308295279291075
8,8,4,ckd-0399,0,classical_rbf_svm,0,-1.2232311499935347
8,8,4,ckd-0002,1,qsvc,1,0.13891160397139213
8,8,4,ckd-0006,1,qsvc,1,1.0196102854347395
8,8,4,ckd-0014,1,qsvc,1,0.9500396578044519
8,8,4,ckd-0028,1,qsvc,1,1.0145499633662396
8,8,4,ckd-0031,1,qsvc,1,1.0000055049681968
8,8,4,ckd-0042,1,qsvc,1,0.9034987270609068
8,8,4,ckd-0048,1,qsvc,1,0.563441165758551
8,8,4,ckd-0059,1,qsvc,1,0.9449527837505087
8,8,4,ckd-0063,1,qsvc,1,0.9758338402841917
8,8,4,ckd-0076,1,qsvc,1,0.6049439165514618
8,8,4,ckd-0082,1,qsvc,1,0.9787985538104693
8,8,4,ckd-0083,1,qsvc,1,0.9852911729877034
8,8,4,ckd-0088,1,qsvc,1,0.9990922403913526
8,8,4,ckd-0097,1,qsvc,1,1.010567975197204
8,8,4,ckd-0098,1,qsvc,1,0.9751398149293697
8,8,4,ckd-0099,1,qsvc,1,0.9982945696594385
8,8,4,ckd-0115,1,qsvc,1,1.1100068204488331
8,8,4,ckd-0122,1,qsvc,1,0.9197957438569931
8,8,4,ckd-0127,1,qsvc,1,0.9981452743138993
8,8,4,ckd-0138,1,qsvc,1,0.9742032111298988
8,8,4,ckd-0139,1,qsvc,1,1.0844155015979795
8,8,4,ckd-0140,1,qsvc,1,0.9788986455464362
8,8,4,ckd-0150,1,qsvc,1,0.9688975470059148
8,8,4,ckd-0152,1,qsvc,1,1.028044535920658
8,8,4,ckd-0160,1,qsvc,1,1.0008732789761803
8,8,4,ckd-0167,1,qsvc,1,0.9874013811450851
8,8,4,ckd-0171,1,qsvc,1,0.9523217344593127
8,8,4,ckd-0173,1,qsvc,1,0.9470170788516635
8,8,4,ckd-0174,1,qsvc,1,0.9919578160280402
8,8,4,ckd-0184,1,qsvc,1,1.026632318579905
8,8,4,ckd-0186,1,qsvc,1,0.7677744823770702
8,8,4,ckd-0188,1,qsvc,1,1.0318794240600155
8,8,4,ckd-0189,1,qsvc,0,-0.036038090132459066
8,8,4,ckd-0196,1,qsvc,1,0.9546503568950976
8,8,4,ckd-0198,1,qsvc,1,1.0115947942836114
8,8,4,ckd-0200,1,qsvc,1,0.9923858135774274
8,8,4,ckd-0218,1,qsvc,1,1.0696859520312005
8,8,4,ckd-0221,1,qsvc,1,1.225933831348425
8,8,4,ckd-0228,1,qsvc,1,1.041371366273302
8,8,4,ckd-0233,1,qsvc,1,0.9919925423978476
8,8,4,ckd-0253,0,qsvc,0,-1.554550136028385
8,8,4,ckd-0269,0,qsvc,0,-0.8038545297836988
8,8,4,ckd-0281,0,qsvc,0,-0.4459087556511323
8,8,4,ckd-0282,0,qsvc,0,-1.3506467527634307
8,8,4,ckd-0285,0,qsvc,0,-1.017477596171767
8,8,4,ckd-0287,0,qsvc,0,-1.5630159121516496
8,8,4,ckd-0289,0,qsvc,0,-1.3546033956837291
8,8,4,ckd-0300,0,qsvc,0,-1.0088593645773374
8,8,4,ckd-0307,0,qsvc,0,-1.01166468651781
8,8,4,ckd-0314,0,qsvc,0,-0.5604688251090217
8,8,4,ckd-0316,0,qsvc,0,-1.2647744806113403
8,8,4,ckd-0317,0,qsvc,0,-1.4433861077831438
8,8,4,ckd-0324,0,qsvc,0,-1.5420308062099919
8,8,4,ckd-0328,0,qsvc,0,-1.0538858363615193
8,8,4,ckd-0335,0,qsvc,0,-1.5080271279497832
8,8,4,ckd-0351,0,qsvc,0,-1.4137400872554255
8,8,4,ckd-0364,0,qsvc,0,-0.7222618699344983
8,8,4,ckd-0371,0,qsvc,0,-1.1531001772246772
8,8,4,ckd-0374,0,qsvc,0,-1.2950549751038125
8,8,4,ckd-0377,0,qsvc,0,-1.0463216311984664
8,8,4,ckd-0381,0,qsvc,0,-0.8213544857797541
8,8,4,ckd-0384,0,qsvc,0,-1.2262095583150756
8,8,4,ckd-0388,0,qsvc,0,-1.2183750728648268
8,8,4,ckd-0399,0,qsvc,0,-1.0611471466240936
8,8,5,ckd-0003,1,classical_rbf_svm,1,1.6374720461410945
8,8,5,ckd-0005,1,classical_rbf_svm,1,1.7082559631354663
8,8,5,ckd-0009,1,classical_rbf_svm,1,1.7113807790124
8,8,5,ckd-0021,1,classical_rbf_svm,1,1.3706877421204064
8,8,5,ckd-0029,1,classical_rbf_svm,1,0.9891682970806261
8,8,5,ckd-0034,1,classical_rbf_svm,1,1.6942288401848362
8,8,5,ckd-0047,1,classical_rbf_svm,1,1.3476648744431607
8,8,5,ckd-0049,1,classical_rbf_svm,1,1.3980658177039176
8,8,5,ckd-0057,1,classical_rbf_svm,1,1.4635243718523752
8,8,5,ckd-0058,1,classical_rbf_svm,1,1.6320737205849225
8,8,5,ckd-0072,1,classical_rbf_svm,1,1.6532686026061265
8,8,5,ckd-0074,1,classical_rbf_svm,1,1.0089905615316732
8,8,5,ckd-0079,1,classical_rbf_svm,1,1.524132571313103
8,8,5,ckd-0092,1,classical_rbf_svm,1,1.0512483997326045
8,8,5,ckd-0095,1,classical_rbf_svm,1,1.6992207890560616
8,8,5,ckd-0102,1,classical_rbf_svm,1,1.7209271823828012
8,8,5,ckd-0107,1,classical_rbf_svm,1,1.1142845091762423
8,8,5,ckd-0108,1,classical_rbf_svm,1,2.0196524337636697
8,8,5,ckd-0111,1,classical_rbf_svm,1,1.240231096600111
8,8,5,ckd-0112,1,classical_rbf_svm,1,1.513461654923054
8,8,5,ckd-0114,1,classical_rbf_svm,1,1.4373334433645601
8,8,5,ckd-0120,1,classical_rbf_svm,1,1.2074379066382837
8,8,5,ckd-0128,1,classical_rbf_svm,1,1.44711181122116
8,8,5,ckd-0129,1,classical_rbf_svm,1,1.1254337013075495
8,8,5,ckd-0133,1,classical_rbf_svm,1,1.2628709597700254
8,8,5,ckd-0154,1,classical_rbf_svm,1,1.110394666385313
8,8,5,ckd-0162,1,classical_rbf_svm,1,1.6100175233146787
8,8,5,ckd-0163,1,classical_rbf_svm,1,1.4023198192382365
8,8,5,ckd-0177,1,classical_rbf_svm,1,1.1111264367481404
8,8,5,ckd-0183,1,classical_rbf_svm,1,0.7368780463067928
8,8,5,ckd-0187,1,classical_rbf_svm,1,1.238820299243326
8,8,5,ckd-0190,1,classical_rbf_svm,1,1.2071011989686389
8,8,5,ckd-0193,1,classical_rbf_svm,1,0.5761477971578017
8,8,5,ckd-0194,1,classical_rbf_svm,1,0.9711455108955896
8,8,5,ckd-0195,1,classical_rbf_svm,1,1.8445667842992908
8,8,5,ckd-0199,1,classical_rbf_svm,1,1.3665922125886925
8,8,5,ckd-0214,1,classical_rbf_svm,1,1.6055945245300964
8,8,5,ckd-0238,1,classical_rbf_svm,1,1.9454543366660215
8,8,5,ckd-0242,1,classical_rbf_svm,1,1.6687180114030462
8,8,5,ckd-0248,1,classical_rbf_svm,1,0.4582150850613107
8,8,5,ckd-0251,0,classical_rbf_svm,0,-1.4026416471926333
8,8,5,ckd-0256,0,classical_rbf_svm,0,-1.096156990237663
8,8,5,ckd-0266,0,classical_rbf_svm,0,-1.1164716922187021
8,8,5,ckd-0272,0,classical_rbf_svm,0,-1.040642882864836
8,8,5,ckd-0276,0,classical_rbf_svm,0,-1.1842441133129689
8,8,5,ckd-0277,0,classical_rbf_svm,0,-0.9730510829032827
8,8,5,ckd-0308,0,classical_rbf_svm,0,-0.8274159320851634
8,8,5,ckd-0313,0,classical_rbf_svm,0,-1.2318175686227257
8,8,5,ckd-0323,0,classical_rbf_svm,0,-1.2051504957452925
8,8,5,ckd-0325,0,classical_rbf_svm,0,-0.1562120743051466
8,8,5,ckd-0334,0,classical_rbf_svm,0,-1.1386627487273677
8,8,5,ckd-0340,0,classical_rbf_svm,0,-0.9098550035027307
8,8,5,ckd-0345,0,classical_rbf_svm,0,-0.8901938124140708
8,8,5,ckd-0348,0,classical_rbf_svm,0,-1.1876902722281812
8,8,5,ckd-0349,0,classical_rbf_svm,0,-0.8274159320851634
8,8,5,ckd-0357,0,classical_rbf_svm,0,-1.3423034254512731
8,8,5,ckd-0359,0,classical_rbf_svm,0,-0.6630621350915998
8,8,5,ckd-0362,0,classical_rbf_svm,0,-0.8731299503248077
8,8,5,ckd-0372,0,classical_rbf_svm,0,-1.07738161705029
8,8,5,ckd-0376,0,classical_rbf_svm,0,-1.25341742809165
8,8,5,ckd-0378,0,classical_rbf_svm,0,-1.0335028160297708
8,8,5,ckd-0383,0,classical_rbf_svm,0,-1.2165439525565822
8,8,5,ckd-0393,0,classical_rbf_svm,0,-1.1552608430503715
8,8,5,ckd-0396,0,classical_rbf_svm,0,-1.2959410568840641
8,8,5,ckd-0003,1,qsvc,1,0.9436295834961947
8,8,5,ckd-0005,1,qsvc,1,1.0443147033122806
8,8,5,ckd-0009,1,qsvc,1,1.0095456900043112
8,8,5,ckd-0021,1,qsvc,1,0.9397920402679338
8,8,5,ckd-0029,1,qsvc,1,1.0385687486915691
8,8,5,ckd-0034,1,qsvc,1,0.9849915778097834
8,8,5,ckd-0047,1,qsvc,1,1.139801513533218
8,8,5,ckd-0049,1,qsvc,1,0.9780297695357686
8,8,5,ckd-0057,1,qsvc,1,1.0102906074266895
8,8,5,ckd-0058,1,qsvc,1,0.9756799737659536
8,8,5,ckd-0072,1,qsvc,1,1.023429619548737
8,8,5,ckd-0074,1,qsvc,1,0.9282843843261831
8,8,5,ckd-0079,1,qsvc,1,0.8248500876979828
8,8,5,ckd-0092,1,qsvc,1,0.4869163079546184
8,8,5,ckd-0095,1,qsvc,1,1.0916532037608233
8,8,5,ckd-0102,1,qsvc,1,0.9953728726022648
8,8,5,ckd-0107,1,qsvc,1,1.0129940658957355
8,8,5,ckd-0108,1,qsvc,1,1.0095421565583882
8,8,5,ckd-0111,1,qsvc,1,1.1030071878041203
8,8,5,ckd-0112,1,qsvc,1,0.9972639489581129
8,8,5,ckd-0114,1,qsvc,1,1.0333308371630836
8,8,5,ckd-0120,1,qsvc,1,0.9321467618044094
8,8,5,ckd-0128,1,qsvc,1,0.9887790086197331
8,8,5,ckd-0129,1,qsvc,1,1.026444285605434
8,8,5,ckd-0133,1,qsvc,1,0.7325527540854424
8,8,5,ckd-0154,1,qsvc,1,0.9471621049693667
8,8,5,ckd-0162,1,qsvc,1,0.9853805857056752
8,8,5,ckd-0163,1,qsvc,1,0.7503172819939223
8,8,5,ckd-0177,1,qsvc,0,-0.21625981178507314
8,8,5,ckd-0183,1,qsvc,1,0.7271008682030559
8,8,5,ckd-0187,1,qsvc,0,-0.2438495042133102
8,8,5,ckd-0190,1,qsvc,1,0.9981681975442862
8,8,5,ckd-0193,1,qsvc,1,1.1814570826908646
8,8,5,ckd-0194,1,qsvc,1,0.9766301246938103
8,8,5,ckd-0195,1,qsvc,1,1.0004061244222813
8,8,5,ckd-0199,1,qsvc,1,0.9681884756853496
8,8,5,ckd-0214,1,qsvc,1,1.0082293053772102
8,8,5,ckd-0238,1,qsvc,1,0.9805804457230262
8,8,5,ckd-0242,1,qsvc,1,0.9407264854745564
8,8,5,ckd-0248,1,qsvc,1,0.9881193906094335
8,8,5,ckd-0251,0,qsvc,0,-1.4576207924544011
8,8,5,ckd-0256,0,qsvc,0,-0.6152483090965171
8,8,5,ckd-0266,0,qsvc,0,-1.2318341469514795
8,8,5,ckd-0272,0,qsvc,0,-0.9172286732696897
8,8,5,ckd-0276,0,qsvc,0,-1.2777444229732393
8,8,5,ckd-0277,0,qsvc,0,-0.8469380929358523
8,8,5,ckd-0308,0,qsvc,0,-1.1408346528801534
8,8,5,ckd-0313,0,qsvc,0,-1.345333338529331
8,8,5,ckd-0323,0,qsvc,0,-1.3691704393211048
8,8,5,ckd-0325,0,qsvc,0,-0.25388410012995677
8,8,5,ckd-0334,0,qsvc,0,-1.0205802091496152
8,8,5,ckd-0340,0,qsvc,0,-1.0149713942810834
8,8,5,ckd-0345,0,qsvc,0,-1.219731075917161
8,8,5,ckd-0348,0,qsvc,0,-0.669326719903184
8,8,5,ckd-0349,0,qsvc,0,-1.1408346528801534
8,8,5,ckd-0357,0,qsvc,0,-1.161354035200187
8,8,5,ckd-0359,0,qsvc,0,-1.024579189187115
8,8,5,ckd-0362,0,qsvc,0,-0.3869448645790774
8,8,5,ckd-0372,0,qsvc,0,-0.8669230014992675
8,8,5,ckd-0376,0,qsvc,0,-1.3455015589712587
8,8,5,ckd-0378,0,qsvc,0,-1.055525807973714
8,8,5,ckd-0383,0,qsvc,0,-1.1234156623161757
8,8,5,ckd-0393,0,qsvc,0,-1.3971468040058972
8,8,5,ckd-0396,0,qsvc,0,-1.38292096048092
8,9,1,ckd-0007,1,classical_rbf_svm,1,1.2628007128402767
8,9,1,ckd-0018,1,classical_rbf_svm,1,1.3089965405888062
8,9,1,ckd-0021,1,classical_rbf_svm,1,1.5613379547654391
8,9,1,ckd-0023,1,classical_rbf_svm,1,1.3896657865469375
8,9,1,ckd-0036,1,classical_rbf_svm,1,2.072431344227426
8,9,1,ckd-0047,1,classical_rbf_svm,1,1.3927746070337397
8,9,1,ckd-0049,1,classical_rbf_svm,1,1.5264658811427223
8,9,1,ckd-0052,1,classical_rbf_svm,1,1.850878153774893
8,9,1,ckd-0055,1,classical_rbf_svm,1,1.8449533398302962
8,9,1,ckd-0059,1,classical_rbf_svm,1,2.0394984000032537
8,9,1,ckd-0068,1,classical_rbf_svm,1,1.4884874184068444
8,9,1,ckd-0069,1,classical_rbf_svm,1,1.8788683483065278
8,9,1,ckd-0073,1,classical_rbf_svm,1,1.758852766224304
8,9,1,ckd-0075,1,classical_rbf_svm,1,1.8108978497198263
8,9,1,ckd-0076,1,classical_rbf_svm,1,1.5817417108127265
8,9,1,ckd-0078,1,classical_rbf_svm,1,2.030069387782805
8,9,1,ckd-0082,1,classical_rbf_svm,1,1.8216897247167263
8,9,1,ckd-0101,1,classical_rbf_svm,1,1.5133603020287194
8,9,1,ckd-0102,1,classical_rbf_svm,1,1.8634634644153996
8,9,1,ckd-0114,1,classical_rbf_svm,1,1.4777089456099983
8,9,1,ckd-0115,1,classical_rbf_svm,1,1.631988229340905
8,9,1,ckd-0116,1,classical_rbf_svm,1,1.1198020082044684
8,9,1,ckd-0120,1,classical_rbf_svm,1,1.2635737867143226
8,9,1,ckd-0123,1,classical_rbf_svm,1,1.3674614619353798
8,9,1,ckd-0130,1,classical_rbf_svm,1,1.315932159664488
8,9,1,ckd-0140,1,classical_rbf_svm,1,1.962952365098503
8,9,1,ckd-0161,1,classical_rbf_svm,1,1.9568734085087633
8,9,1,ckd-0163,1,classical_rbf_svm,1,1.4534209137852618
8,9,1,ckd-0169,1,classical_rbf_svm,1,1.6602756741087137
8,9,1,ckd-0172,1,classical_rbf_svm,1,1.5832873304331725
8,9,1,ckd-0173,1,classical_rbf_svm,1,1.8722883602367588
8,9,1,ckd-0181,1,classical_rbf_svm,1,1.841695841658142
8,9,1,ckd-0191,1,classical_rbf_svm,1,1.4064527704908767
8,9,1,ckd-0201,1,classical_rbf_svm,1,1.4735714714433776
8,9,1,ckd-0208,1,classical_rbf_svm,1,1.8077785756992992
8,9,1,ckd-0217,1,classical_rbf_svm,1,1.3309047577104383
8,9,1,ckd-0227,1,classical_rbf_svm,1,1.3068000995981333
8,9,1,ckd-0228,1,classical_rbf_svm,1,1.8866641254409227
8,9,1,ckd-0232,1,classical_rbf_svm,1,1.691794627835847
8,9,1,ckd-0236,1,classical_rbf_svm,1,1.5528857722512945
8,9,1,ckd-0251,0,classical_rbf_svm,0,-1.423775892520242
8,9,1,ckd-0253,0,classical_rbf_svm,0,-1.464555775593028
8,9,1,ckd-0257,0,classical_rbf_svm,0,-1.1417242460309633
8,9,1,ckd-0258,0,classical_rbf_svm,0,-1.102708220481283
8,9,1,ckd-0262,0,classical_rbf_svm,0,-1.0764981744014024
8,9,1,ckd-0269,0,classical_rbf_svm,0,-1.068463538821437
8,9,1,ckd-0281,0,classical_rbf_svm,0,-0.9501214709469405
8,9,1,ckd-0288,0,classical_rbf_svm,0,-1.0364097488323851
8,9,1,ckd-0289,0,classical_rbf_svm,0,-1.3568557632726954
8,9,1,ckd-0295,0,classical_rbf_svm,0,-0.7582068787238223
8,9,1,ckd-0298,0,classical_rbf_svm,0,-1.439228591190983
8,9,1,ckd-0307,0,classical_rbf_svm,0,-1.16323033415359
8,9,1,ckd-0313,0,classical_rbf_svm,0,-1.2804867734143517
8,9,1,ckd-0316,0,classical_rbf_svm,0,-1.2683527008208124
8,9,1,ckd-0319,0,classical_rbf_svm,0,-1.0330581950848392
8,9,1,ckd-0335,0,classical_rbf_svm,0,-1.3449880060563866
8,9,1,ckd-0344,0,classical_rbf_svm,0,-1.3466512943666828
8,9,1,ckd-0357,0,classical_rbf_svm,0,-1.326455583987913
8,9,1,ckd-0365,0,classical_rbf_svm,0,-1.4053427063830688
8,9,1,ckd-0376,0,classical_rbf_svm,0,-1.310536797974778
8,9,1,ckd-0377,0,classical_rbf_svm,0,-1.1205193476445168
8,9,1,ckd-0386,0,classical_rbf_svm,0,-1.1289753134181677
8,9,1,ckd-0388,0,classical_rbf_svm,0,-1.2796588322621212
8,9,1,ckd-0400,0,classical_rbf_svm,0,-1.1812743401827956
8,9,1,ckd-0007,1,qsvc,1,0.9590405035474554
8,9,1,ckd-0018,1,qsvc,1,1.0114875327521335
8,9,1,ckd-0021,1,qsvc,1,0.9274810210953225
8,9,1,ckd-0023,1,qsvc,1,0.9216053898120682
8,9,1,ckd-0036,1,qsvc,1,0.9678856405927745
8,9,1,ckd-0047,1,qsvc,1,1.1334443398020007
8,9,1,ckd-0049,1,qsvc,1,0.9977826822717336
8,9,1,ckd-0052,1,qsvc,1,1.0023629924695345
8,9,1,ckd-0055,1,qsvc,1,1.0709292363245477
8,9,1,ckd-0059,1,qsvc,1,0.9427079914203975
8,9,1,ckd-0068,1,qsvc,1,0.9711853759561008
8,9,1,ckd-0069,1,qsvc,1,1.0889517256801522
8,9,1,ckd-0073,1,qsvc,1,0.9247869588252434
8,9,1,ckd-0075,1,qsvc,1,0.9134222509376467
8,9,1,ckd-0076,1,qsvc,1,0.6052913622987273
8,9,1,ckd-0078,1,qsvc,1,1.0032243093772308
8,9,1,ckd-0082,1,qsvc,1,0.963915033406384
8,9,1,ckd-0101,1,qsvc,1,1.055622989819339
8,9,1,ckd-0102,1,qsvc,1,0.960270961508143
8,9,1,ckd-0114,1,qsvc,1,1.0165766167865562
8,9,1,ckd-0115,1,qsvc,1,1.1049604901515504
8,9,1,ckd-0116,1,qsvc,1,0.07605740190883303
8,9,1,ckd-0120,1,qsvc,1,0.5820513990217459
8,9,1,ckd-0123,1,qsvc,1,0.8459824656240686
8,9,1,ckd-0130,1,qsvc,1,0.9412250375054152
8,9,1,ckd-0140,1,qsvc,1,0.9597229441261934
8,9,1,ckd-0161,1,qsvc,1,1.0400122961123972
8,9,1,ckd-0163,1,qsvc,1,0.8254632729994931
8,9,1,ckd-0169,1,qsvc,1,0.9946063274273811
8,9,1,ckd-0172,1,qsvc,1,0.9201106095745788
8,9,1,ckd-0173,1,qsvc,1,0.9541370972396487
8,9,1,ckd-0181,1,qsvc,1,0.8689993776088963
8,9,1,ckd-0191,1,qsvc,1,0.7303214406603565
8,9,1,ckd-0201,1,qsvc,1,1.0152050669110189
8,9,1,ckd-0208,1,qsvc,1,0.9853797425728121
8,9,1,ckd-0217,1,qsvc,1,0.7552701547681827
8,9,1,ckd-0227,1,qsvc,1,0.9887213280826138
8,9,1,ckd-0228,1,qsvc,1,1.0180565194102813
8,9,1,ckd-0232,1,qsvc,1,1.0664629193897897
8,9,1,ckd-0236,1,qsvc,1,1.1715006935726184
8,9,1,ckd-0251,0,qsvc,0,-1.4206147359798362
8,9,1,ckd-0253,0,qsvc,0,-1.471714455996607
8,9,1,ckd-0257,0,qsvc,0,-1.0762761814597748
8,9,1,ckd-0258,0,qsvc,0,-1.304765130175292
8,9,1,ckd-0262,0,qsvc,0,-1.0388592459780015
8,9,1,ckd-0269,0,qsvc,0,-0.8733934570347633
8,9,1,ckd-0281,0,qsvc,0,-0.4889770785155073
8,9,1,ckd-0288,0,qsvc,0,-0.8772316934106795
8,9,1,ckd-0289,0,qsvc,0,-1.2935691987366162
8,9,1,ckd-0295,0,qsvc,0,-1.0458387986727282
8,9,1,ckd-0298,0,qsvc,0,-1.4781787661926153
8,9,1,ckd-0307,0,qsvc,0,-1.0263418434151346
8,9,1,ckd-0313,0,qsvc,0,-1.383792333699053
8,9,1,ckd-0316,0,qsvc,0,-1.234416447736134
8,9,1,ckd-0319,0,qsvc,0,-0.8828552527689518
8,9,1,ckd-0335,0,qsvc,0,-1.4150999264607655
8,9,1,ckd-0344,0,qsvc,0,-1.2780966505801898
8,9,1,ckd-0357,0,qsvc,0,-1.2381230961312277
8,9,1,ckd-0365,0,qsvc,0,-1.4536502524442438
8,9,1,ckd-0376,0,qsvc,0,-1.3754362245002998
8,9,1,ckd-0377,0,qsvc,0,-1.0196822048441492
8,9,1,ckd-0386,0,qsvc,0,-0.9184733091568597
8,9,1,ckd-0388,0,qsvc,0,-1.2034866416285581
8,9,1,ckd-0400,0,qsvc,0,-1.0684482247836304
8,9,2,ckd-0004,1,classical_rbf_svm,1,1.1827534638344375
8,9,2,ckd-0006,1,classical_rbf_svm,1,1.743970812148011
8,9,2,ckd-0008,1,classical_rbf_svm,1,1.4055115558086242
8,9,2,ckd-0020,1,classical_rbf_svm,1,1.8364119172508713
8,9,2,ckd-0027,1,classical_rbf_svm,1,1.9585163841045632
8,9,2,ckd-0030,1,classical_rbf_svm,1,1.456281831919418
8,9,2,ckd-0031,1,classical_rbf_svm,1,1.4317451682074545
8,9,2,ckd-0033,1,classical_rbf_svm,1,1.8619871062660445
8,9,2,ckd-0057,1,classical_rbf_svm,1,1.520333638138513
8,9,2,ckd-0058,1,classical_rbf_svm,1,1.6413347318591032
8,9,2,ckd-0066,1,classical_rbf_svm,1,0.6782637628328667
8,9,2,ckd-0072,1,classical_rbf_svm,1,1.7124683338306332
8,9,2,ckd-0077,1,classical_rbf_svm,1,1.1881536078835768
8,9,2,ckd-0081,1,classical_rbf_svm,1,1.790968701421373
8,9,2,ckd-0086,1,classical_rbf_svm,1,1.849794419728266
8,9,2,ckd-0094,1,classical_rbf_svm,1,1.4113120313293468
8,9,2,ckd-0105,1,classical_rbf_svm,1,1.4883578108314675
8,9,2,ckd-0109,1,classical_rbf_svm,1,1.022023649167014
8,9,2,ckd-0131,1,classical_rbf_svm,1,1.2818176894194595
8,9,2,ckd-0133,1,classical_rbf_svm,1,1.3672008219782907
8,9,2,ckd-0136,1,classical_rbf_svm,1,1.341792948751393
8,9,2,ckd-0141,1,classical_rbf_svm,1,1.1880972897932496
8,9,2,ckd-0147,1,classical_rbf_svm,1,1.6306058884242622
8,9,2,ckd-0156,1,classical_rbf_svm,1,1.467009298542767
8,9,2,ckd-0158,1,classical_rbf_svm,1,1.4431994144361098
8,9,2,ckd-0171,1,classical_rbf_svm,1,1.8836720570526158
8,9,2,ckd-0174,1,classical_rbf_svm,1,1.1236906921115852
8,9,2,ckd-0175,1,classical_rbf_svm,1,1.2577038782727834
8,9,2,ckd-0182,1,classical_rbf_svm,1,1.4280475986738987
8,9,2,ckd-0187,1,classical_rbf_svm,1,1.2587260413192571
8,9,2,ckd-0193,1,classical_rbf_svm,1,0.5837523428075003
8,9,2,ckd-0196,1,classical_rbf_svm,1,1.496230811553142
8,9,2,ckd-0200,1,classical_rbf_svm,1,1.6328300791641306
8,9,2,ckd-0207,1,classical_rbf_svm,1,1.4246029133824196
8,9,2,ckd-0211,1,classical_rbf_svm,1,1.056358237067543
8,9,2,ckd-0216,1,classical_rbf_svm,1,1.4659330195262639
8,9,2,ckd-0222,1,classical_rbf_svm,1,1.4777492865047295
8,9,2,ckd-0231,1,classical_rbf_svm,1,1.757636980911811
8,9,2,ckd-0237,1,classical_rbf_svm,1,1.7247872842115175
8,9,2,ckd-0246,1,classical_rbf_svm,1,1.2883724559070548
8,9,2,ckd-0252,0,classical_rbf_svm,0,-1.1410297896790054
8,9,2,ckd-0274,0,classical_rbf_svm,0,-0.09708675916556653
8,9,2,ckd-0276,0,classical_rbf_svm,0,-1.2056828424460417
8,9,2,ckd-0277,0,classical_rbf_svm,0,-0.9234924258237792
8,9,2,ckd-0279,0,classical_rbf_svm,0,-1.0559783282043371
8,9,2,ckd-0282,0,classical_rbf_svm,0,-1.1767365766810163
8,9,2,ckd-0283,0,classical_rbf_svm,0,-1.0901949535250464
8,9,2,ckd-0297,0,classical_rbf_svm,0,-1.1130601886567968
8,9,2,ckd-0308,0,classical_rbf_svm,0,-0.8673331121109448
8,9,2,ckd-0312,0,classical_rbf_svm,0,-1.143795231546385
8,9,2,ckd-0315,0,classical_rbf_svm,0,-1.211196997900403
8,9,2,ckd-0320,0,classical_rbf_svm,0,-0.08394667526592314
8,9,2,ckd-0323,0,classical_rbf_svm,0,-1.2339926949222706
8,9,2,ckd-0326,0,classical_rbf_svm,0,-1.1361673074757253
8,9,2,ckd-0328,0,classical_rbf_svm,0,-1.0250147619851986
8,9,2,ckd-0342,0,classical_rbf_svm,0,-0.784261783220474
8,9,2,ckd-0348,0,classical_rbf_svm,0,-1.1458294810022984
8,9,2,ckd-0349,0,classical_rbf_svm,0,-0.8673331121109448
8,9,2,ckd-0367,0,classical_rbf_svm,0,-1.4229701101977374
8,9,2,ckd-0368,0,classical_rbf_svm,0,-1.1701903086468124
8,9,2,ckd-0372,0,classical_rbf_svm,0,-1.0923122058128962
8,9,2,ckd-0374,0,classical_rbf_svm,0,-1.2223823479916942
8,9,2,ckd-0384,0,classical_rbf_svm,0,-1.2942187027486893
8,9,2,ckd-0397,0,classical_rbf_svm,0,-1.0690140624175446
8,9,2,ckd-0004,1,qsvc,1,1.0057665717815
8,9,2,ckd-0006,1,qsvc,1,1.0117741963808773
8,9,2,ckd-0008,1,qsvc,1,0.966022608063609
8,9,2,ckd-0020,1,qsvc,1,0.9898087421920156
8,9,2,ckd-0027,1,qsvc,1,1.0072224810561001
8,9,2,ckd-0030,1,qsvc,1,0.5303787998193423
8,9,2,ckd-0031,1,qsvc,1,0.9879884377176731
8,9,2,ckd-0033,1,qsvc,1,0.9784161788571173
8,9,2,ckd-0057,1,qsvc,1,1.0131459673770193
8,9,2,ckd-0058,1,qsvc,1,0.9727563812741886
8,9,2,ckd-0066,1,qsvc,0,-0.035404167812120635
8,9,2,ckd-0072,1,qsvc,1,1.0133214913848247
8,9,2,ckd-0077,1,qsvc,1,0.9514570502642378
8,9,2,ckd-0081,1,qsvc,1,1.0010308102444279
8,9,2,ckd-0086,1,qsvc,1,0.9278642521280581
8,9,2,ckd-0094,1,qsvc,1,1.0002466851917997
8,9,2,ckd-0105,1,qsvc,1,1.023907339160902
8,9,2,ckd-0109,1,qsvc,1,1.3346880506373873
8,9,2,ckd-0131,1,qsvc,1,0.8921475909611607
8,9,2,ckd-0133,1,qsvc,1,0.7152593785360114
8,9,2,ckd-0136,1,qsvc,1,0.9850754201911622
8,9,2,ckd-0141,1,qsvc,1,0.9140066530662672
8,9,2,ckd-0147,1,qsvc,1,0.9719784956774176
8,9,2,ckd-0156,1,qsvc,1,0.9999408777253712
8,9,2,ckd-0158,1,qsvc,1,1.0076477231589451
8,9,2,ckd-0171,1,qsvc,1,0.9583073029142631
8,9,2,ckd-0174,1,qsvc,1,1.0081163164770155
8,9,2,ckd-0175,1,qsvc,1,1.031306913465763
8,9,2,ckd-0182,1,qsvc,1,0.9501571252767269
8,9,2,ckd-0187,1,qsvc,1,0.08569573084816917
8,9,2,ckd-0193,1,qsvc,1,1.235240753289086
8,9,2,ckd-0196,1,qsvc,1,0.9563346144007547
8,9,2,ckd-0200,1,qsvc,1,0.9621495081497382
8,9,2,ckd-0207,1,qsvc,1,0.8744950234758176
8,9,2,ckd-0211,1,qsvc,1,0.9213739739058606
8,9,2,ckd-0216,1,qsvc,1,1.0095011634250035
8,9,2,ckd-0222,1,qsvc,1,1.0240168778210648
8,9,2,ckd-0231,1,qsvc,1,1.0053759123131794
8,9,2,ckd-0237,1,qsvc,1,0.9995756014307096
8,9,2,ckd-0246,1,qsvc,1,0.8416117008556774
8,9,2,ckd-0252,0,qsvc,0,-0.8558905267833067
8,9,2,ckd-0274,0,qsvc,1,0.03744663666756176
8,9,2,ckd-0276,0,qsvc,0,-1.3813076524020542
8,9,2,ckd-0277,0,qsvc,0,-0.8142825846573264
8,9,2,ckd-0279,0,qsvc,0,-1.4661371071009452
8,9,2,ckd-0282,0,qsvc,0,-1.3486055878392134
8,9,2,ckd-0283,0,qsvc,0,-1.5001044088011515
8,9,2,ckd-0297,0,qsvc,0,-1.1406077051424748
8,9,2,ckd-0308,0,qsvc,0,-1.1587702255187335
8,9,2,ckd-0312,0,qsvc,0,-1.2583661317536348
8,9,2,ckd-0315,0,qsvc,0,-1.3586943337261426
8,9,2,ckd-0320,0,qsvc,1,0.048279571053491455
8,9,2,ckd-0323,0,qsvc,0,-1.5095321100210568
8,9,2,ckd-0326,0,qsvc,0,-1.2160140675116038
8,9,2,ckd-0328,0,qsvc,0,-0.9832748556117771
8,9,2,ckd-0342,0,qsvc,0,-0.42933554249504835
8,9,2,ckd-0348,0,qsvc,0,-0.48585075964974
8,9,2,ckd-0349,0,qsvc,0,-1.1587702255187335
8,9,2,ckd-0367,0,qsvc,0,-1.6725586091424849
8,9,2,ckd-0368,0,qsvc,0,-0.827872526103831
8,9,2,ckd-0372,0,qsvc,0,-0.7098883005379347
8,9,2,ckd-0374,0,qsvc,0,-1.3605447348677977
8,9,2,ckd-0384,0,qsvc,0,-1.3363763803881663
8,9,2,ckd-0397,0,qsvc,0,-0.8438863934657969
8,9,3,ckd-0002,1,classical_rbf_svm,1,1.2954671885162352
8,9,3,ckd-0005,1,classical_rbf_svm,1,1.71718647085435
8,9,3,ckd-0013,1,classical_rbf_svm,1,1.4917874919838041
8,9,3,ckd-0026,1,classical_rbf_svm,1,1.386433255100859
8,9,3,ckd-0032,1,classical_rbf_svm,1,1.4781541067810409
8,9,3,ckd-0045,1,classical_rbf_svm,1,1.3662822382370043
8,9,3,ckd-0048,1,classical_rbf_svm,1,1.3788597484473502
8,9,3,ckd-0079,1,classical_rbf_svm,1,1.312343595178863
8,9,3,ckd-0083,1,classical_rbf_svm,1,0.7213027024989003
8,9,3,ckd-0085,1,classical_rbf_svm,1,1.0447724040195872
8,9,3,ckd-0090,1,classical_rbf_svm,1,0.21952649620162656
8,9,3,ckd-0091,1,classical_rbf_svm,1,1.7650147788237351
8,9,3,ckd-0092,1,classical_rbf_svm,1,1.09280420846074
8,9,3,ckd-0096,1,classical_rbf_svm,1,1.3054411602510456
8,9,3,ckd-0111,1,classical_rbf_svm,1,1.1028751550683853
8,9,3,ckd-0112,1,classical_rbf_svm,1,1.5549057576477168
8,9,3,ckd-0126,1,classical_rbf_svm,1,1.3501470949663055
8,9,3,ckd-0129,1,classical_rbf_svm,1,1.1474999040618292
8,9,3,ckd-0138,1,classical_rbf_svm,1,1.649505916178541
8,9,3,ckd-0150,1,classical_rbf_svm,1,1.3682959428265216
8,9,3,ckd-0160,1,classical_rbf_svm,1,1.822152449666493
8,9,3,ckd-0166,1,classical_rbf_svm,1,0.5903565852868566
8,9,3,ckd-0176,1,classical_rbf_svm,1,1.4767089966296152
8,9,3,ckd-0178,1,classical_rbf_svm,1,1.6390380768969748
8,9,3,ckd-0183,1,classical_rbf_svm,1,0.48185656557651424
8,9,3,ckd-0186,1,classical_rbf_svm,1,0.7228050865042984
8,9,3,ckd-0190,1,classical_rbf_svm,1,1.2294822669585792
8,9,3,ckd-0192,1,classical_rbf_svm,1,1.290765753859827
8,9,3,ckd-0194,1,classical_rbf_svm,1,0.9910296883298501
8,9,3,ckd-0195,1,classical_rbf_svm,1,1.9108844046004942
8,9,3,ckd-0198,1,classical_rbf_svm,1,1.4528654942012547
8,9,3,ckd-0219,1,classical_rbf_svm,1,1.016432314467544
8,9,3,ckd-0221,1,classical_rbf_svm,1,1.46196689464161
8,9,3,ckd-0224,1,classical_rbf_svm,1,1.7096907760934086
8,9,3,ckd-0226,1,classical_rbf_svm,1,1.692978698878829
8,9,3,ckd-0234,1,classical_rbf_svm,1,1.4281424468026904
8,9,3,ckd-0238,1,classical_rbf_svm,1,1.9132671036864233
8,9,3,ckd-0242,1,classical_rbf_svm,1,1.5255236785239508
8,9,3,ckd-0247,1,classical_rbf_svm,1,1.175441216454123
8,9,3,ckd-0248,1,classical_rbf_svm,1,0.31741843199974784
8,9,3,ckd-0259,0,classical_rbf_svm,0,-0.9381072701327458
8,9,3,ckd-0260,0,classical_rbf_svm,0,-1.1941250535770607
8,9,3,ckd-0272,0,classical_rbf_svm,0,-1.0724129118660195
8,9,3,ckd-0290,0,classical_rbf_svm,0,-1.1346448140846115
8,9,3,ckd-0294,0,classical_rbf_svm,0,-1.1675890105258508
8,9,3,ckd-0300,0,classical_rbf_svm,0,-1.125768219589967
8,9,3,ckd-0301,0,classical_rbf_svm,0,-1.0722082195128309
8,9,3,ckd-0302,0,classical_rbf_svm,0,-1.16587199397256
8,9,3,ckd-0303,0,classical_rbf_svm,0,-1.1565817623427077
8,9,3,ckd-0306,0,classical_rbf_svm,0,-1.0133663661030907
8,9,3,ckd-0318,0,classical_rbf_svm,0,-0.8417883099995158
8,9,3,ckd-0325,0,classical_rbf_svm,0,-0.27045428690427276
8,9,3,ckd-0340,0,classical_rbf_svm,0,-0.9216005151545219
8,9,3,ckd-0352,0,classical_rbf_svm,0,-0.9161583893009335
8,9,3,ckd-0358,0,classical_rbf_svm,0,-0.9987884148990165
8,9,3,ckd-0359,0,classical_rbf_svm,0,-0.7106120848221547
8,9,3,ckd-0362,0,classical_rbf_svm,0,-0.8716397511905032
8,9,3,ckd-0363,0,classical_rbf_svm,0,-1.093711365356564
8,9,3,ckd-0373,0,classical_rbf_svm,0,-1.103808800759373
8,9,3,ckd-0385,0,classical_rbf_svm,0,-1.0367229539033251
8,9,3,ckd-0395,0,classical_rbf_svm,0,-1.007871256867084
8,9,3,ckd-0396,0,classical_rbf_svm,0,-1.2545972051781162
8,9,3,ckd-0398,0,classical_rbf_svm,0,-1.2376298000806587
8,9,3,ckd-0399,0,classical_rbf_svm,0,-1.2108504909280793
8,9,3,ckd-0002,1,qsvc,1,0.31120138963428023
8,9,3,ckd-0005,1,qsvc,1,1.0648044503680527
8,9,3,ckd-0013,1,qsvc,1,0.9976037741406131
8,9,3,ckd-0026,1,qsvc,1,1.0092211273090395
8,9,3,ckd-0032,1,qsvc,1,0.9808428917487033
8,9,3,ckd-0045,1,qsvc,1,0.9975505155834822
8,9,3,ckd-0048,1,qsvc,1,0.4108270111625018
8,9,3,ckd-0079,1,qsvc,1,0.8009718111355255
8,9,3,ckd-0083,1,qsvc,1,0.9598108788019498
8,9,3,ckd-0085,1,qsvc,1,0.8881997706531476
8,9,3,ckd-0090,1,qsvc,1,0.8314245676260121
8,9,3,ckd-0091,1,qsvc,1,1.0340469873578528
8,9,3,ckd-0092,1,qsvc,1,0.588828981377699
8,9,3,ckd-0096,1,qsvc,1,1.0016671843467861
8,9,3,ckd-0111,1,qsvc,1,1.0872659365154358
8,9,3,ckd-0112,1,qsvc,1,0.987990485614698
8,9,3,ckd-0126,1,qsvc,1,1.011423758180702
8,9,3,ckd-0129,1,qsvc,1,1.0165069794514674
8,9,3,ckd-0138,1,qsvc,1,0.9571799179824043
8,9,3,ckd-0150,1,qsvc,1,0.894954155650037
8,9,3,ckd-0160,1,qsvc,1,1.0102597849501405
8,9,3,ckd-0166,1,qsvc,1,0.7684233189925321
8,9,3,ckd-0176,1,qsvc,1,0.9880309859163872
8,9,3,ckd-0178,1,qsvc,1,1.0069340962190876
8,9,3,ckd-0183,1,qsvc,1,0.580146982678968
8,9,3,ckd-0186,1,qsvc,1,0.8212204489213003
8,9,3,ckd-0190,1,qsvc,1,0.9995477671670984
8,9,3,ckd-0192,1,qsvc,1,0.9844159372778634
8,9,3,ckd-0194,1,qsvc,1,0.9673854511092826
8,9,3,ckd-0195,1,qsvc,1,0.9997604346439153
8,9,3,ckd-0198,1,qsvc,1,1.0103651523695962
8,9,3,ckd-0219,1,qsvc,1,1.0646840485556242
8,9,3,ckd-0221,1,qsvc,1,1.2514715204297517
8,9,3,ckd-0224,1,qsvc,1,0.9937421776562743
8,9,3,ckd-0226,1,qsvc,1,1.0208875071958652
8,9,3,ckd-0234,1,qsvc,1,1.0007574978199687
8,9,3,ckd-0238,1,qsvc,1,0.9835351354580304
8,9,3,ckd-0242,1,qsvc,1,0.9450301740054585
8,9,3,ckd-0247,1,qsvc,1,0.9401069164089124
8,9,3,ckd-0248,1,qsvc,1,0.9479139599548435
8,9,3,ckd-0259,0,qsvc,0,-1.1959559866830376
8,9,3,ckd-0260,0,qsvc,0,-1.4000418813831992
8,9,3,ckd-0272,0,qsvc,0,-0.9129197343656082
8,9,3,ckd-0290,0,qsvc,0,-1.2204385619464881
8,9,3,ckd-0294,0,qsvc,0,-1.3519126528766416
8,9,3,ckd-0300,0,qsvc,0,-1.0710909387839624
8,9,3,ckd-0301,0,qsvc,0,-1.3715176193615015
8,9,3,ckd-0302,0,qsvc,0,-0.9624467272507521
8,9,3,ckd-0303,0,qsvc,0,-1.3376662551959702
8,9,3,ckd-0306,0,qsvc,0,-0.8993687877133926
8,9,3,ckd-0318,0,qsvc,0,-1.1489570324289264
8,9,3,ckd-0325,0,qsvc,0,-0.30058495678932784
8,9,3,ckd-0340,0,qsvc,0,-0.9701045882079836
8,9,3,ckd-0352,0,qsvc,0,-0.6387910748228679
8,9,3,ckd-0358,0,qsvc,0,-0.8081124550254167
8,9,3,ckd-0359,0,qsvc,0,-0.9487935768318311
8,9,3,ckd-0362,0,qsvc,0,-0.45216375222623884
8,9,3,ckd-0363,0,qsvc,0,-1.1220113075130485
8,9,3,ckd-0373,0,qsvc,0,-1.0631831468541826
8,9,3,ckd-0385,0,qsvc,0,-1.331819254353079
8,9,3,ckd-0395,0,qsvc,0,-1.2797741195559742
8,9,3,ckd-0396,0,qsvc,0,-1.4256577415971177
8,9,3,ckd-0398,0,qsvc,0,-1.341963472228188
8,9,3,ckd-0399,0,qsvc,0,-1.0689331403166595
8,9,4,ckd-0003,1,classical_rbf_svm,1,1.535803805046509
8,9,4,ckd-0009,1,classical_rbf_svm,1,1.611822625938134
8,9,4,ckd-0015,1,classical_rbf_svm,1,1.0035844627082526
8,9,4,ckd-0022,1,classical_rbf_svm,1,0.9475476499266383
8,9,4,ckd-0024,1,classical_rbf_svm,1,1.2785659955666093
8,9,4,ckd-0025,1,classical_rbf_svm,1,1.3745408853130294
8,9,4,ckd-0028,1,classical_rbf_svm,1,1.5495239380431909
8,9,4,ckd-0029,1,classical_rbf_svm,1,0.8116946252561792
8,9,4,ckd-0040,1,classical_rbf_svm,1,1.7203909885780164
8,9,4,ckd-0063,1,classical_rbf_svm,1,1.5870501696935702
8,9,4,ckd-0064,1,classical_rbf_svm,1,1.3879975948906533
8,9,4,ckd-0074,1,classical_rbf_svm,1,1.015920627695139
8,9,4,ckd-0089,1,classical_rbf_svm,1,1.34143875597435
8,9,4,ckd-0093,1,classical_rbf_svm,1,1.4431790798909216
8,9,4,ckd-0097,1,classical_rbf_svm,1,1.7399348940647439
8,9,4,ckd-0108,1,classical_rbf_svm,1,1.9093180026712626
8,9,4,ckd-0119,1,classical_rbf_svm,1,1.4369503129732026
8,9,4,ckd-0121,1,classical_rbf_svm,1,0.9382635550223362
8,9,4,ckd-0125,1,classical_rbf_svm,1,1.593885058124565
8,9,4,ckd-0128,1,classical_rbf_svm,1,1.3203218083304873
8,9,4,ckd-0139,1,classical_rbf_svm,1,1.3481092302358477
8,9,4,ckd-0146,1,classical_rbf_svm,1,0.9848864312707117
8,9,4,ckd-0154,1,classical_rbf_svm,1,1.0181745091869088
8,9,4,ckd-0155,1,classical_rbf_svm,1,0.9732038561493042
8,9,4,ckd-0167,1,classical_rbf_svm,1,0.4584077447323437
8,9,4,ckd-0170,1,classical_rbf_svm,1,1.4986557123207773
8,9,4,ckd-0177,1,classical_rbf_svm,1,1.0867983980598892
8,9,4,ckd-0180,1,classical_rbf_svm,1,1.5294352925439738
8,9,4,ckd-0185,1,classical_rbf_svm,1,1.5495597980940523
8,9,4,ckd-0188,1,classical_rbf_svm,1,1.5641549351345267
8,9,4,ckd-0189,1,classical_rbf_svm,1,0.11255787002382922
8,9,4,ckd-0197,1,classical_rbf_svm,1,1.0337928073119456
8,9,4,ckd-0199,1,classical_rbf_svm,1,1.316760880621958
8,9,4,ckd-0205,1,classical_rbf_svm,1,1.009567725253304
8,9,4,ckd-0214,1,classical_rbf_svm,1,1.4694416122043183
8,9,4,ckd-0218,1,classical_rbf_svm,1,1.6924279247377034
8,9,4,ckd-0220,1,classical_rbf_svm,1,1.571725062493997
8,9,4,ckd-0230,1,classical_rbf_svm,1,1.0866399625631975
8,9,4,ckd-0233,1,classical_rbf_svm,1,0.7780215050968371
8,9,4,ckd-0249,1,classical_rbf_svm,1,1.7924877522778526
8,9,4,ckd-0254,0,classical_rbf_svm,0,-1.2545790738839735
8,9,4,ckd-0255,0,classical_rbf_svm,0,-1.1095684251471745
8,9,4,ckd-0263,0,classical_rbf_svm,0,-1.2126178818709497
8,9,4,ckd-0270,0,classical_rbf_svm,0,-1.3826083026920724
8,9,4,ckd-0292,0,classical_rbf_svm,0,-1.1600415085597862
8,9,4,ckd-0304,0,classical_rbf_svm,0,-1.1445001726836608
8,9,4,ckd-0317,0,classical_rbf_svm,0,-1.3336740361247903
8,9,4,ckd-0324,0,classical_rbf_svm,0,-1.3782397195246976
8,9,4,ckd-0327,0,classical_rbf_svm,0,-1.0984341837966685
8,9,4,ckd-0332,0,classical_rbf_svm,0,-1.1954747840105202
8,9,4,ckd-0334,0,classical_rbf_svm,0,-1.1073006689138916
8,9,4,ckd-0345,0,classical_rbf_svm,0,-1.0136987747983897
8,9,4,ckd-0355,0,classical_rbf_svm,0,-1.1416066537101897
8,9,4,ckd-0361,0,classical_rbf_svm,0,-1.2822330293988433
8,9,4,ckd-0369,0,classical_rbf_svm,0,-1.3769338166341905
8,9,4,ckd-0370,0,classical_rbf_svm,0,-1.0558820067436796
8,9,4,ckd-0371,0,classical_rbf_svm,0,-1.2337224566125469
8,9,4,ckd-0381,0,classical_rbf_svm,0,-1.0658765466579665
8,9,4,ckd-0382,0,classical_rbf_svm,0,-1.1345663475207644
8,9,4,ckd-0383,0,classical_rbf_svm,0,-1.1693870869776741
8,9,4,ckd-0387,0,classical_rbf_svm,0,-1.310171660331534
8,9,4,ckd-0389,0,classical_rbf_svm,0,-1.296677504397078
8,9,4,ckd-0391,0,classical_rbf_svm,0,-1.2574646776820184
8,9,4,ckd-0393,0,classical_rbf_svm,0,-1.2445348899128013
8,9,4,ckd-0003,1,qsvc,1,0.9424921780267631
8,9,4,ckd-0009,1,qsvc,1,0.9964378943783773
8,9,4,ckd-0015,1,qsvc,1,0.9289275410611771
8,9,4,ckd-0022,1,qsvc,1,0.9475304550486492
8,9,4,ckd-0024,1,qsvc,1,0.9364855281309178
8,9,4,ckd-0025,1,qsvc,1,0.9810429080016307
8,9,4,ckd-0028,1,qsvc,1,1.0064970580826267
8,9,4,ckd-0029,1,qsvc,1,1.0451319412726696
8,9,4,ckd-0040,1,qsvc,1,0.9772267142441607
8,9,4,ckd-0063,1,qsvc,1,0.9887680981681171
8,9,4,ckd-0064,1,qsvc,1,0.943628121079122
8,9,4,ckd-0074,1,qsvc,1,0.9105557924235556
8,9,4,ckd-0089,1,qsvc,1,1.0008280290380283
8,9,4,ckd-0093,1,qsvc,1,1.0122238088255235
8,9,4,ckd-0097,1,qsvc,1,0.9987081756309888
8,9,4,ckd-0108,1,qsvc,1,1.009802768659707
8,9,4,ckd-0119,1,qsvc,1,0.9641721689391409
8,9,4,ckd-0121,1,qsvc,1,0.9802269761162357
8,9,4,ckd-0125,1,qsvc,1,1.047373980681406
8,9,4,ckd-0128,1,qsvc,1,0.976939673589209
8,9,4,ckd-0139,1,qsvc,1,1.0226203811020855
8,9,4,ckd-0146,1,qsvc,1,0.9513682374439063
8,9,4,ckd-0154,1,qsvc,1,0.9527906205482312
8,9,4,ckd-0155,1,qsvc,1,0.9896476165659421
8,9,4,ckd-0167,1,qsvc,1,1.048420109349028
8,9,4,ckd-0170,1,qsvc,1,0.9353128399262405
8,9,4,ckd-0177,1,qsvc,0,-0.5847941962231182
8,9,4,ckd-0180,1,qsvc,1,1.10550204172774
8,9,4,ckd-0185,1,qsvc,1,0.9752217253866905
8,9,4,ckd-0188,1,qsvc,1,1.022988013287435
8,9,4,ckd-0189,1,qsvc,1,0.4447147229608272
8,9,4,ckd-0197,1,qsvc,1,0.9178633131093582
8,9,4,ckd-0199,1,qsvc,1,0.9696036156913678
8,9,4,ckd-0205,1,qsvc,1,0.9426560050394454
8,9,4,ckd-0214,1,qsvc,1,1.0091854283093793
8,9,4,ckd-0218,1,qsvc,1,1.080339667834414
8,9,4,ckd-0220,1,qsvc,1,0.9941759890226917
8,9,4,ckd-0230,1,qsvc,1,0.8346202601919572
8,9,4,ckd-0233,1,qsvc,1,1.148266616141048
8,9,4,ckd-0249,1,qsvc,1,1.0166814344121244
8,9,4,ckd-0254,0,qsvc,0,-1.4421745664298211
8,9,4,ckd-0255,0,qsvc,0,-0.918505087101432
8,9,4,ckd-0263,0,qsvc,0,-1.4193985428303042
8,9,4,ckd-0270,0,qsvc,0,-1.5575982905254218
8,9,4,ckd-0292,0,qsvc,0,-1.2580095596526284
8,9,4,ckd-0304,0,qsvc,0,-0.9857999287094599
8,9,4,ckd-0317,0,qsvc,0,-1.3678222259440431
8,9,4,ckd-0324,0,qsvc,0,-1.6261351766087133
8,9,4,ckd-0327,0,qsvc,0,-1.3174175710691862
8,9,4,ckd-0332,0,qsvc,0,-1.2038750376864222
8,9,4,ckd-0334,0,qsvc,0,-1.0420907226691762
8,9,4,ckd-0345,0,qsvc,0,-1.2247483651773312
8,9,4,ckd-0355,0,qsvc,0,-1.1355074084670769
8,9,4,ckd-0361,0,qsvc,0,-1.4258159872990117
8,9,4,ckd-0369,0,qsvc,0,-1.6209205843682042
8,9,4,ckd-0370,0,qsvc,0,-1.1790371206733952
8,9,4,ckd-0371,0,qsvc,0,-1.1528663825678331
8,9,4,ckd-0381,0,qsvc,0,-1.00322796901103
8,9,4,ckd-0382,0,qsvc,0,-1.0145540205796433
8,9,4,ckd-0383,0,qsvc,0,-1.2518742854676617
8,9,4,ckd-0387,0,qsvc,0,-1.398216078917082
8,9,4,ckd-0389,0,qsvc,0,-1.3980350745829015
8,9,4,ckd-0391,0,qsvc,0,-1.1540228121206961
8,9,4,ckd-0393,0,qsvc,0,-1.3680695071805922
8,9,5,ckd-0001,1,classical_rbf_svm,1,0.056185296683701424
8,9,5,ckd-0010,1,classical_rbf_svm,1,1.72321846106302
8,9,5,ckd-0012,1,classical_rbf_svm,1,1.5062688433768159
8,9,5,ckd-0014,1,classical_rbf_svm,1,1.6442388641624817
8,9,5,ckd-0019,1,classical_rbf_svm,1,0.5275086155454819
8,9,5,ckd-0034,1,classical_rbf_svm,1,1.7888247968149757
8,9,5,ckd-0038,1,classical_rbf_svm,1,1.792165655525837
8,9,5,ckd-0042,1,classical_rbf_svm,1,1.2344059148192694
8,9,5,ckd-0051,1,classical_rbf_svm,1,1.7397936835384655
8,9,5,ckd-0053,1,classical_rbf_svm,1,1.7659439593167392
8,9,5,ckd-0060,1,classical_rbf_svm,1,1.3965641492114205
8,9,5,ckd-0062,1,classical_rbf_svm,1,0.9262729102930103
8,9,5,ckd-0080,1,classical_rbf_svm,1,1.532284366562087
8,9,5,ckd-0088,1,classical_rbf_svm,1,1.502865046430617
8,9,5,ckd-0095,1,classical_rbf_svm,1,1.6068039504629161
8,9,5,ckd-0098,1,classical_rbf_svm,1,1.949046955989822
8,9,5,ckd-0099,1,classical_rbf_svm,1,1.1997204973556532
8,9,5,ckd-0106,1,classical_rbf_svm,1,0.7258988945245615
8,9,5,ckd-0107,1,classical_rbf_svm,1,1.1592640900909794
8,9,5,ckd-0113,1,classical_rbf_svm,1,1.6203653791071808
8,9,5,ckd-0117,1,classical_rbf_svm,1,1.324888333012823
8,9,5,ckd-0122,1,classical_rbf_svm,1,0.8082233233455531
8,9,5,ckd-0127,1,classical_rbf_svm,1,1.6791741340601067
8,9,5,ckd-0132,1,classical_rbf_svm,1,1.456520049526096
8,9,5,ckd-0134,1,classical_rbf_svm,1,1.3624103455934207
8,9,5,ckd-0152,1,classical_rbf_svm,1,1.6254039093993606
8,9,5,ckd-0153,1,classical_rbf_svm,1,1.686607989304763
8,9,5,ckd-0157,1,classical_rbf_svm,1,1.6214727803233915
8,9,5,ckd-0162,1,classical_rbf_svm,1,1.2116264679406878
8,9,5,ckd-0179,1,classical_rbf_svm,1,1.838282907499916
8,9,5,ckd-0184,1,classical_rbf_svm,1,1.3586423770919367
8,9,5,ckd-0202,1,classical_rbf_svm,1,1.3756116190596719
8,9,5,ckd-0203,1,classical_rbf_svm,1,1.5557642925340618
8,9,5,ckd-0204,1,classical_rbf_svm,1,1.4581695796528154
8,9,5,ckd-0206,1,classical_rbf_svm,1,0.4026311634900154
8,9,5,ckd-0210,1,classical_rbf_svm,1,0.33318156634948715
8,9,5,ckd-0213,1,classical_rbf_svm,1,1.416207526909151
8,9,5,ckd-0215,1,classical_rbf_svm,1,0.3903064657920353
8,9,5,ckd-0223,1,classical_rbf_svm,1,0.7347236118652448
8,9,5,ckd-0244,1,classical_rbf_svm,1,0.3770618367323334
8,9,5,ckd-0256,0,classical_rbf_svm,0,-1.1856907482040904
8,9,5,ckd-0265,0,classical_rbf_svm,0,-1.2427179161001405
8,9,5,ckd-0266,0,classical_rbf_svm,0,-1.2220413021532917
8,9,5,ckd-0267,0,classical_rbf_svm,0,-0.4939942963857179
8,9,5,ckd-0271,0,classical_rbf_svm,0,-1.0755868508901139
8,9,5,ckd-0273,0,classical_rbf_svm,0,-1.237285303792834
8,9,5,ckd-0280,0,classical_rbf_svm,0,-1.4345880490125125
8,9,5,ckd-0284,0,classical_rbf_svm,0,-1.2165350324158068
8,9,5,ckd-0285,0,classical_rbf_svm,0,-1.1476976937810708
8,9,5,ckd-0287,0,classical_rbf_svm,0,-1.1611057082784968
8,9,5,ckd-0299,0,classical_rbf_svm,0,-1.044351380704875
8,9,5,ckd-0305,0,classical_rbf_svm,0,-1.0781082236362036
8,9,5,ckd-0310,0,classical_rbf_svm,0,-1.00372378040593
8,9,5,ckd-0314,0,classical_rbf_svm,0,-1.0335378632717123
8,9,5,ckd-0322,0,classical_rbf_svm,0,-1.1466291507892126
8,9,5,ckd-0339,0,classical_rbf_svm,0,-1.1201954385446151
8,9,5,ckd-0341,0,classical_rbf_svm,0,-1.2291918985472652
8,9,5,ckd-0350,0,classical_rbf_svm,0,-1.294321564850763
8,9,5,ckd-0351,0,classical_rbf_svm,0,-1.3756559495184861
8,9,5,ckd-0353,0,classical_rbf_svm,0,-1.3084780867686416
8,9,5,ckd-0364,0,classical_rbf_svm,0,-1.1901631844109004
8,9,5,ckd-0366,0,classical_rbf_svm,0,-0.02601108557969234
8,9,5,ckd-0378,0,classical_rbf_svm,0,-1.1485815482246977
8,9,5,ckd-0379,0,classical_rbf_svm,0,-1.2961891181595946
8,9,5,ckd-0001,1,qsvc,1,0.8384199834665556
8,9,5,ckd-0010,1,qsvc,1,0.9319773933374839
8,9,5,ckd-0012,1,qsvc,1,0.9815090459443248
8,9,5,ckd-0014,1,qsvc,1,0.9384940844040841
8,9,5,ckd-0019,1,qsvc,1,0.9983259027104865
8,9,5,ckd-0034,1,qsvc,1,0.9461131441615993
8,9,5,ckd-0038,1,qsvc,1,0.9936495474961767
8,9,5,ckd-0042,1,qsvc,1,0.9862936903926667
8,9,5,ckd-0051,1,qsvc,1,0.974535409765827
8,9,5,ckd-0053,1,qsvc,1,1.1184360362719175
8,9,5,ckd-0060,1,qsvc,1,0.9287380609585499
8,9,5,ckd-0062,1,qsvc,1,0.9255895685781202
8,9,5,ckd-0080,1,qsvc,1,0.9967962131806388
8,9,5,ckd-0088,1,qsvc,1,0.9854127293738062
8,9,5,ckd-0095,1,qsvc,1,1.0533491201576701
8,9,5,ckd-0098,1,qsvc,1,0.9702634597869902
8,9,5,ckd-0099,1,qsvc,1,0.96798331346706
8,9,5,ckd-0106,1,qsvc,1,0.8945187059702093
8,9,5,ckd-0107,1,qsvc,1,0.9206522202963656
8,9,5,ckd-0113,1,qsvc,1,1.073545832955379
8,9,5,ckd-0117,1,qsvc,1,1.279902899410688
8,9,5,ckd-0122,1,qsvc,1,0.8641970726323824
8,9,5,ckd-0127,1,qsvc,1,0.9965298766951907
8,9,5,ckd-0132,1,qsvc,1,1.2275732091073397
8,9,5,ckd-0134,1,qsvc,1,1.0197867039373263
8,9,5,ckd-0152,1,qsvc,1,1.0693827662562838
8,9,5,ckd-0153,1,qsvc,1,0.9638077819816535
8,9,5,ckd-0157,1,qsvc,1,0.9932760859519554
8,9,5,ckd-0162,1,qsvc,1,0.9464133368201593
8,9,5,ckd-0179,1,qsvc,1,0.9383824776616937
8,9,5,ckd-0184,1,qsvc,1,1.009179020125984
8,9,5,ckd-0202,1,qsvc,1,0.94888284044701
8,9,5,ckd-0203,1,qsvc,1,0.38310505851241955
8,9,5,ckd-0204,1,qsvc,1,0.9230143621601516
8,9,5,ckd-0206,1,qsvc,1,0.8735067694837422
8,9,5,ckd-0210,1,qsvc,1,0.5056562963293583
8,9,5,ckd-0213,1,qsvc,1,0.9627268990010354
8,9,5,ckd-0215,1,qsvc,1,0.9693602702526223
8,9,5,ckd-0223,1,qsvc,1,0.9773426215488508
8,9,5,ckd-0244,1,qsvc,1,0.9014821187983588
8,9,5,ckd-0256,0,qsvc,0,-0.5389677197790328
8,9,5,ckd-0265,0,qsvc,0,-1.3178452073614326
8,9,5,ckd-0266,0,qsvc,0,-1.4268084228939766
8,9,5,ckd-0267,0,qsvc,0,-0.5298742542527703
8,9,5,ckd-0271,0,qsvc,0,-1.0774149858662103
8,9,5,ckd-0273,0,qsvc,0,-1.3592652799852902
8,9,5,ckd-0280,0,qsvc,0,-1.3494063431732504
8,9,5,ckd-0284,0,qsvc,0,-1.3826098898388222
8,9,5,ckd-0285,0,qsvc,0,-1.0141901642216058
8,9,5,ckd-0287,0,qsvc,0,-1.5137258799727067
8,9,5,ckd-0299,0,qsvc,0,-1.219489819062967
8,9,5,ckd-0305,0,qsvc,0,-1.0233711108974053
8,9,5,ckd-0310,0,qsvc,0,-0.7868005642840532
8,9,5,ckd-0314,0,qsvc,0,-0.6543246302517047
8,9,5,ckd-0322,0,qsvc,0,-1.3513035226121533
8,9,5,ckd-0339,0,qsvc,0,-0.9004381187403974
8,9,5,ckd-0341,0,qsvc,0,-1.3226844621663196
8,9,5,ckd-0350,0,qsvc,0,-0.8536221298157041
8,9,5,ckd-0351,0,qsvc,0,-1.3746719061710193
8,9,5,ckd-0353,0,qsvc,0,-1.540817709455785
8,9,5,ckd-0364,0,qsvc,0,-0.7125201278632223
8,9,5,ckd-0366,0,qsvc,1,0.21600292466455107
8,9,5,ckd-0378,0,qsvc,0,-1.2543371568195494
8,9,5,ckd-0379,0,qsvc,0,-1.4275259927593118
8,10,1,ckd-0002,1,classical_rbf_svm,1,1.327935502429884
8,10,1,ckd-0003,1,classical_rbf_svm,1,1.6603842762926395
8,10,1,ckd-0004,1,classical_rbf_svm,1,1.1853894942865864
8,10,1,ckd-0013,1,classical_rbf_svm,1,1.5611824073336058
8,10,1,ckd-0021,1,classical_rbf_svm,1,1.4357814524110855
8,10,1,ckd-0026,1,classical_rbf_svm,1,1.5400780906392477
8,10,1,ckd-0032,1,classical_rbf_svm,1,1.5735770119779942
8,10,1,ckd-0033,1,classical_rbf_svm,1,1.8879778631181265
8,10,1,ckd-0036,1,classical_rbf_svm,1,2.009521014557758
8,10,1,ckd-0040,1,classical_rbf_svm,1,1.8578382445854076
8,10,1,ckd-0047,1,classical_rbf_svm,1,1.3029207974778465
8,10,1,ckd-0049,1,classical_rbf_svm,1,1.3861753521391738
8,10,1,ckd-0062,1,classical_rbf_svm,1,0.957771474970231
8,10,1,ckd-0072,1,classical_rbf_svm,1,1.6581121363634095
8,10,1,ckd-0075,1,classical_rbf_svm,1,1.6205563911482068
8,10,1,ckd-0096,1,classical_rbf_svm,1,1.2725696510766862
8,10,1,ckd-0102,1,classical_rbf_svm,1,1.6305569944902547
8,10,1,ckd-0106,1,classical_rbf_svm,1,0.6942616285136572
8,10,1,ckd-0107,1,classical_rbf_svm,1,1.1745238920897088
8,10,1,ckd-0109,1,classical_rbf_svm,1,0.8494468794845818
8,10,1,ckd-0114,1,classical_rbf_svm,1,1.4449684923978179
8,10,1,ckd-0117,1,classical_rbf_svm,1,1.3789015847767714
8,10,1,ckd-0130,1,classical_rbf_svm,1,1.2906044277441806
8,10,1,ckd-0152,1,classical_rbf_svm,1,1.754174343492222
8,10,1,ckd-0153,1,classical_rbf_svm,1,1.6636403097891517
8,10,1,ckd-0158,1,classical_rbf_svm,1,1.4999120619008826
8,10,1,ckd-0160,1,classical_rbf_svm,1,1.851062647863928
8,10,1,ckd-0163,1,classical_rbf_svm,1,1.389619820198859
8,10,1,ckd-0173,1,classical_rbf_svm,1,1.6617582034661513
8,10,1,ckd-0179,1,classical_rbf_svm,1,1.7092247967982948
8,10,1,ckd-0182,1,classical_rbf_svm,1,1.2874786951246153
8,10,1,ckd-0186,1,classical_rbf_svm,1,0.8187812597186136
8,10,1,ckd-0205,1,classical_rbf_svm,1,1.1178318496389643
8,10,1,ckd-0208,1,classical_rbf_svm,1,1.6890774754931517
8,10,1,ckd-0214,1,classical_rbf_svm,1,1.6248742155529239
8,10,1,ckd-0219,1,classical_rbf_svm,1,1.0091672211642548
8,10,1,ckd-0224,1,classical_rbf_svm,1,1.6452659326767263
8,10,1,ckd-0230,1,classical_rbf_svm,1,1.3034536127477785
8,10,1,ckd-0231,1,classical_rbf_svm,1,1.867004732592301
8,10,1,ckd-0246,1,classical_rbf_svm,1,1.2414523668595097
8,10,1,ckd-0252,0,classical_rbf_svm,0,-1.0811332232491018
8,10,1,ckd-0257,0,classical_rbf_svm,0,-1.091502097883367
8,10,1,ckd-0259,0,classical_rbf_svm,0,-0.9887258136254802
8,10,1,ckd-0284,0,classical_rbf_svm,0,-1.1831128172503003
8,10,1,ckd-0288,0,classical_rbf_svm,0,-0.985386683412194
8,10,1,ckd-0292,0,classical_rbf_svm,0,-1.132728661111678
8,10,1,ckd-0297,0,classical_rbf_svm,0,-1.1014957591330554
8,10,1,ckd-0301,0,classical_rbf_svm,0,-1.1323848896241562
8,10,1,ckd-0315,0,classical_rbf_svm,0,-1.2069936702254256
8,10,1,ckd-0334,0,classical_rbf_svm,0,-1.1042595074632615
8,10,1,ckd-0335,0,classical_rbf_svm,0,-1.2794744843767463
8,10,1,ckd-0342,0,classical_rbf_svm,0,-0.8334288752365282
8,10,1,ckd-0353,0,classical_rbf_svm,0,-1.2628800084078908
8,10,1,ckd-0355,0,classical_rbf_svm,0,-1.1106564364651668
8,10,1,ckd-0357,0,classical_rbf_svm,0,-1.2611679230205382
8,10,1,ckd-0361,0,classical_rbf_svm,0,-1.2467475424700352
8,10,1,ckd-0365,0,classical_rbf_svm,0,-1.3339078279245906
8,10,1,ckd-0368,0,classical_rbf_svm,0,-1.1055903900431048
8,10,1,ckd-0384,0,classical_rbf_svm,0,-1.256262846864642
8,10,1,ckd-0387,0,classical_rbf_svm,0,-1.3015932405910382
8,10,1,ckd-0389,0,classical_rbf_svm,0,-1.269322979080759
8,10,1,ckd-0393,0,classical_rbf_svm,0,-1.208200627174965
8,10,1,ckd-0395,0,classical_rbf_svm,0,-1.072113546048615
8,10,1,ckd-0399,0,classical_rbf_svm,0,-1.2452170689091613
8,10,1,ckd-0002,1,qsvc,1,0.40870600268079793
8,10,1,ckd-0003,1,qsvc,1,0.9409815609955909
8,10,1,ckd-0004,1,qsvc,1,1.00603372683844
8,10,1,ckd-0013,1,qsvc,1,0.9834511150289742
8,10,1,ckd-0021,1,qsvc,1,0.9262835716563654
8,10,1,ckd-0026,1,qsvc,1,1.0009949489737922
8,10,1,ckd-0032,1,qsvc,1,0.9832655682976442
8,10,1,ckd-0033,1,qsvc,1,0.9738816169354916
8,10,1,ckd-0036,1,qsvc,1,0.9764853400514115
8,10,1,ckd-0040,1,qsvc,1,0.9965369624799888
8,10,1,ckd-0047,1,qsvc,1,1.1240598908024886
8,10,1,ckd-0049,1,qsvc,1,0.9999800914465123
8,10,1,ckd-0062,1,qsvc,1,0.8968283577712512
8,10,1,ckd-0072,1,qsvc,1,1.0202861345868226
8,10,1,ckd-0075,1,qsvc,1,0.9259139557568374
8,10,1,ckd-0096,1,qsvc,1,1.013617247429612
8,10,1,ckd-0102,1,qsvc,1,0.9778858886500826
8,10,1,ckd-0106,1,qsvc,1,0.89433327391586
8,10,1,ckd-0107,1,qsvc,1,1.017136949237108
8,10,1,ckd-0109,1,qsvc,1,1.2346870035658173
8,10,1,ckd-0114,1,qsvc,1,1.0171459668996092
8,10,1,ckd-0117,1,qsvc,1,1.1614285339892627
8,10,1,ckd-0130,1,qsvc,1,0.9440573420997327
8,10,1,ckd-0152,1,qsvc,1,1.0277056638282944
8,10,1,ckd-0153,1,qsvc,1,0.9682870654687591
8,10,1,ckd-0158,1,qsvc,1,1.0002086884994612
8,10,1,ckd-0160,1,qsvc,1,0.981163547500061
8,10,1,ckd-0163,1,qsvc,1,0.7918819489567149
8,10,1,ckd-0173,1,qsvc,1,1.0201884804633687
8,10,1,ckd-0179,1,qsvc,1,0.9477882478298876
8,10,1,ckd-0182,1,qsvc,1,0.9573257721732575
8,10,1,ckd-0186,1,qsvc,1,0.9263625778728823
8,10,1,ckd-0205,1,qsvc,1,0.8903743313071828
8,10,1,ckd-0208,1,qsvc,1,0.9954386743275456
8,10,1,ckd-0214,1,qsvc,1,1.010666520125898
8,10,1,ckd-0219,1,qsvc,1,1.1227861300547268
8,10,1,ckd-0224,1,qsvc,1,0.991175894215115
8,10,1,ckd-0230,1,qsvc,1,0.8815141151976397
8,10,1,ckd-0231,1,qsvc,1,1.0033613227470917
8,10,1,ckd-0246,1,qsvc,1,0.8578122839443922
8,10,1,ckd-0252,0,qsvc,0,-0.988803755998856
8,10,1,ckd-0257,0,qsvc,0,-1.0438417263444455
8,10,1,ckd-0259,0,qsvc,0,-1.25539267202327
8,10,1,ckd-0284,0,qsvc,0,-1.3349435383530346
8,10,1,ckd-0288,0,qsvc,0,-0.7837666351201474
8,10,1,ckd-0292,0,qsvc,0,-1.2063107395177637
8,10,1,ckd-0297,0,qsvc,0,-1.0999065256535063
8,10,1,ckd-0301,0,qsvc,0,-1.4225935762769062
8,10,1,ckd-0315,0,qsvc,0,-1.331567517243161
8,10,1,ckd-0334,0,qsvc,0,-1.0678031100912735
8,10,1,ckd-0335,0,qsvc,0,-1.4859049967890003
8,10,1,ckd-0342,0,qsvc,0,-0.4041323674757097
8,10,1,ckd-0353,0,qsvc,0,-1.4439143378293489
8,10,1,ckd-0355,0,qsvc,0,-1.0848369726082718
8,10,1,ckd-0357,0,qsvc,0,-1.2478315448056065
8,10,1,ckd-0361,0,qsvc,0,-1.3748392958939908
8,10,1,ckd-0365,0,qsvc,0,-1.5461781941374322
8,10,1,ckd-0368,0,qsvc,0,-1.0438865911391386
8,10,1,ckd-0384,0,qsvc,0,-1.2515975138248785
8,10,1,ckd-0387,0,qsvc,0,-1.3630705357842618
8,10,1,ckd-0389,0,qsvc,0,-1.500420917166196
8,10,1,ckd-0393,0,qsvc,0,-1.4771202032031119
8,10,1,ckd-0395,0,qsvc,0,-1.3581110201623896
8,10,1,ckd-0399,0,qsvc,0,-1.0823656406880677
8,10,2,ckd-0001,1,classical_rbf_svm,1,0.4073100577189336
8,10,2,ckd-0010,1,classical_rbf_svm,1,1.689941378475111
8,10,2,ckd-0014,1,classical_rbf_svm,1,1.7424011023083525
8,10,2,ckd-0015,1,classical_rbf_svm,1,1.0166610010391626
8,10,2,ckd-0029,1,classical_rbf_svm,1,0.8552632392761067
8,10,2,ckd-0031,1,classical_rbf_svm,1,1.2655947925914233
8,10,2,ckd-0048,1,classical_rbf_svm,1,1.1954763531136778
8,10,2,ckd-0051,1,classical_rbf_svm,1,1.744437567536505
8,10,2,ckd-0052,1,classical_rbf_svm,1,1.6103173262805544
8,10,2,ckd-0068,1,classical_rbf_svm,1,1.2660197592621574
8,10,2,ckd-0074,1,classical_rbf_svm,1,1.0356173089455996
8,10,2,ckd-0079,1,classical_rbf_svm,1,1.581329857673425
8,10,2,ckd-0083,1,classical_rbf_svm,1,0.8413461479449407
8,10,2,ckd-0086,1,classical_rbf_svm,1,1.7497775506734432
8,10,2,ckd-0089,1,classical_rbf_svm,1,1.3474444604285771
8,10,2,ckd-0098,1,classical_rbf_svm,1,1.9336739102310925
8,10,2,ckd-0108,1,classical_rbf_svm,1,1.909918696449081
8,10,2,ckd-0115,1,classical_rbf_svm,1,1.34958013815046
8,10,2,ckd-0116,1,classical_rbf_svm,1,1.0051479003486978
8,10,2,ckd-0125,1,classical_rbf_svm,1,1.670701451263124
8,10,2,ckd-0127,1,classical_rbf_svm,1,1.8207423580305453
8,10,2,ckd-0128,1,classical_rbf_svm,1,1.4035248798986322
8,10,2,ckd-0132,1,classical_rbf_svm,1,1.423524769907654
8,10,2,ckd-0133,1,classical_rbf_svm,1,1.3153166746324225
8,10,2,ckd-0140,1,classical_rbf_svm,1,1.7030878179141293
8,10,2,ckd-0147,1,classical_rbf_svm,1,1.5807587647146915
8,10,2,ckd-0150,1,classical_rbf_svm,1,1.5690195542433363
8,10,2,ckd-0154,1,classical_rbf_svm,1,1.1170836257904926
8,10,2,ckd-0155,1,classical_rbf_svm,1,0.9999457497433586
8,10,2,ckd-0170,1,classical_rbf_svm,1,1.535553530263284
8,10,2,ckd-0172,1,classical_rbf_svm,1,1.4124238697366964
8,10,2,ckd-0176,1,classical_rbf_svm,1,1.3435826482004254
8,10,2,ckd-0188,1,classical_rbf_svm,1,1.6151932210947981
8,10,2,ckd-0190,1,classical_rbf_svm,1,1.19551402468585
8,10,2,ckd-0195,1,classical_rbf_svm,1,1.644435763931144
8,10,2,ckd-0198,1,classical_rbf_svm,1,1.4593296184509033
8,10,2,ckd-0202,1,classical_rbf_svm,1,1.387650663044413
8,10,2,ckd-0233,1,classical_rbf_svm,1,0.856699489576895
8,10,2,ckd-0236,1,classical_rbf_svm,1,1.3961890694542725
8,10,2,ckd-0237,1,classical_rbf_svm,1,1.6584646205939197
8,10,2,ckd-0251,0,classical_rbf_svm,0,-1.4468024637143237
8,10,2,ckd-0255,0,classical_rbf_svm,0,-1.1280094348770797
8,10,2,ckd-0260,0,classical_rbf_svm,0,-1.2418426590761653
8,10,2,ckd-0262,0,classical_rbf_svm,0,-1.0006723950330474
8,10,2,ckd-0267,0,classical_rbf_svm,0,-0.4787256832860941
8,10,2,ckd-0285,0,classical_rbf_svm,0,-1.0936902864903684
8,10,2,ckd-0290,0,classical_rbf_svm,0,-1.1586654181910054
8,10,2,ckd-0294,0,classical_rbf_svm,0,-1.2464948420592998
8,10,2,ckd-0302,0,classical_rbf_svm,0,-1.1825503282029461
8,10,2,ckd-0306,0,classical_rbf_svm,0,-1.0091647816335563
8,10,2,ckd-0312,0,classical_rbf_svm,0,-1.2188903885138465
8,10,2,ckd-0313,0,classical_rbf_svm,0,-1.26417855138777
8,10,2,ckd-0314,0,classical_rbf_svm,0,-0.9237633694958444
8,10,2,ckd-0322,0,classical_rbf_svm,0,-1.1134175065067962
8,10,2,ckd-0332,0,classical_rbf_svm,0,-1.226634498756316
8,10,2,ckd-0345,0,classical_rbf_svm,0,-0.94256726283336
8,10,2,ckd-0351,0,classical_rbf_svm,0,-1.3644805356378988
8,10,2,ckd-0352,0,classical_rbf_svm,0,-0.8925111605438517
8,10,2,ckd-0362,0,classical_rbf_svm,0,-0.9187934421706406
8,10,2,ckd-0371,0,classical_rbf_svm,0,-1.190700580769763
8,10,2,ckd-0382,0,classical_rbf_svm,0,-1.1553850271375037
8,10,2,ckd-0391,0,classical_rbf_svm,0,-1.2911316967809197
8,10,2,ckd-0397,0,classical_rbf_svm,0,-0.9988517120018182
8,10,2,ckd-0400,0,classical_rbf_svm,0,-1.1732916166930405
8,10,2,ckd-0001,1,qsvc,1,0.9054914764316387
8,10,2,ckd-0010,1,qsvc,1,0.93566911208409
8,10,2,ckd-0014,1,qsvc,1,0.9425961531516055
8,10,2,ckd-0015,1,qsvc,1,0.9264018439268543
8,10,2,ckd-0029,1,qsvc,1,1.0105738133668105
8,10,2,ckd-0031,1,qsvc,1,1.002207308929623
8,10,2,ckd-0048,1,qsvc,1,0.5164414818001963
8,10,2,ckd-0051,1,qsvc,1,0.9744705252752828
8,10,2,ckd-0052,1,qsvc,1,0.9993721060681735
8,10,2,ckd-0068,1,qsvc,1,0.9778542970362041
8,10,2,ckd-0074,1,qsvc,1,0.9333262280413053
8,10,2,ckd-0079,1,qsvc,1,0.7939191702198629
8,10,2,ckd-0083,1,qsvc,1,1.006991729216213
8,10,2,ckd-0086,1,qsvc,1,0.9246405163291254
8,10,2,ckd-0089,1,qsvc,1,1.0021953617026307
8,10,2,ckd-0098,1,qsvc,1,0.9690423598292933
8,10,2,ckd-0108,1,qsvc,1,1.0143558743536691
8,10,2,ckd-0115,1,qsvc,1,1.1883391904241232
8,10,2,ckd-0116,1,qsvc,1,0.2763064362615303
8,10,2,ckd-0125,1,qsvc,1,1.0155806982236146
8,10,2,ckd-0127,1,qsvc,1,0.9916220111101363
8,10,2,ckd-0128,1,qsvc,1,0.9883374455088996
8,10,2,ckd-0132,1,qsvc,1,1.272580582713553
8,10,2,ckd-0133,1,qsvc,1,0.6968743863782189
8,10,2,ckd-0140,1,qsvc,1,0.9885194890319556
8,10,2,ckd-0147,1,qsvc,1,0.9855879975722507
8,10,2,ckd-0150,1,qsvc,1,0.927745695197477
8,10,2,ckd-0154,1,qsvc,1,0.9517395223918007
8,10,2,ckd-0155,1,qsvc,1,0.9099059885055889
8,10,2,ckd-0170,1,qsvc,1,0.9410076723688637
8,10,2,ckd-0172,1,qsvc,1,0.9005552203836883
8,10,2,ckd-0176,1,qsvc,1,0.9632745885103653
8,10,2,ckd-0188,1,qsvc,1,1.0391507185306195
8,10,2,ckd-0190,1,qsvc,1,1.0023988541825106
8,10,2,ckd-0195,1,qsvc,1,1.0066908207750307
8,10,2,ckd-0198,1,qsvc,1,1.014415340940793
8,10,2,ckd-0202,1,qsvc,1,1.027577519380372
8,10,2,ckd-0233,1,qsvc,1,1.1147527181636308
8,10,2,ckd-0236,1,qsvc,1,1.130484072023485
8,10,2,ckd-0237,1,qsvc,1,0.9883007301215276
8,10,2,ckd-0251,0,qsvc,0,-1.4005345466137755
8,10,2,ckd-0255,0,qsvc,0,-0.9647830571346506
8,10,2,ckd-0260,0,qsvc,0,-1.3147627811837816
8,10,2,ckd-0262,0,qsvc,0,-0.7065662162688587
8,10,2,ckd-0267,0,qsvc,0,-0.6297344070310599
8,10,2,ckd-0285,0,qsvc,0,-1.0146280277813848
8,10,2,ckd-0290,0,qsvc,0,-1.0887128413314868
8,10,2,ckd-0294,0,qsvc,0,-1.3270186458357935
8,10,2,ckd-0302,0,qsvc,0,-0.5361480223239218
8,10,2,ckd-0306,0,qsvc,0,-0.6700325108534314
8,10,2,ckd-0312,0,qsvc,0,-1.2403045695691972
8,10,2,ckd-0313,0,qsvc,0,-1.3483878073343858
8,10,2,ckd-0314,0,qsvc,0,-0.6977136802985718
8,10,2,ckd-0322,0,qsvc,0,-1.1548974799268636
8,10,2,ckd-0332,0,qsvc,0,-1.2285261577004407
8,10,2,ckd-0345,0,qsvc,0,-1.1996189914726934
8,10,2,ckd-0351,0,qsvc,0,-1.1086728659483427
8,10,2,ckd-0352,0,qsvc,0,-0.3251703362666011
8,10,2,ckd-0362,0,qsvc,0,-0.41799105865466546
8,10,2,ckd-0371,0,qsvc,0,-1.2129203327921818
8,10,2,ckd-0382,0,qsvc,0,-0.6001162593910897
8,10,2,ckd-0391,0,qsvc,0,-1.0800161223469287
8,10,2,ckd-0397,0,qsvc,0,-0.904859376756246
8,10,2,ckd-0400,0,qsvc,0,-1.0763977947453327
8,10,3,ckd-0012,1,classical_rbf_svm,1,1.5772400110979432
8,10,3,ckd-0019,1,classical_rbf_svm,1,0.8005433459052272
8,10,3,ckd-0020,1,classical_rbf_svm,1,1.88211672883827
8,10,3,ckd-0022,1,classical_rbf_svm,1,0.9497927322855046
8,10,3,ckd-0024,1,classical_rbf_svm,1,1.3791261535009023
8,10,3,ckd-0027,1,classical_rbf_svm,1,1.9318340618571894
8,10,3,ckd-0028,1,classical_rbf_svm,1,1.6724866063278658
8,10,3,ckd-0064,1,classical_rbf_svm,1,1.6107202974029988
8,10,3,ckd-0066,1,classical_rbf_svm,1,0.6532278827881858
8,10,3,ckd-0076,1,classical_rbf_svm,1,1.6077994690487427
8,10,3,ckd-0081,1,classical_rbf_svm,1,1.8433016319375533
8,10,3,ckd-0082,1,classical_rbf_svm,1,1.7221282016028452
8,10,3,ckd-0085,1,classical_rbf_svm,1,1.0138449488198265
8,10,3,ckd-0090,1,classical_rbf_svm,1,0.4663152261997429
8,10,3,ckd-0091,1,classical_rbf_svm,1,1.6607159530197968
8,10,3,ckd-0092,1,classical_rbf_svm,1,0.9752447113845428
8,10,3,ckd-0093,1,classical_rbf_svm,1,1.613529535005025
8,10,3,ckd-0097,1,classical_rbf_svm,1,1.925694143214303
8,10,3,ckd-0101,1,classical_rbf_svm,1,1.3786822675634798
8,10,3,ckd-0105,1,classical_rbf_svm,1,1.41316588711795
8,10,3,ckd-0111,1,classical_rbf_svm,1,1.2860376194567404
8,10,3,ckd-0120,1,classical_rbf_svm,1,1.2263682791130157
8,10,3,ckd-0134,1,classical_rbf_svm,1,1.4716474403679776
8,10,3,ckd-0136,1,classical_rbf_svm,1,1.2747677705937661
8,10,3,ckd-0156,1,classical_rbf_svm,1,1.5133731338429341
8,10,3,ckd-0157,1,classical_rbf_svm,1,1.5903710546281746
8,10,3,ckd-0161,1,classical_rbf_svm,1,1.8004874765105094
8,10,3,ckd-0169,1,classical_rbf_svm,1,1.5389576574227175
8,10,3,ckd-0171,1,classical_rbf_svm,1,1.9135317179654487
8,10,3,ckd-0174,1,classical_rbf_svm,1,1.1674694430706192
8,10,3,ckd-0175,1,classical_rbf_svm,1,1.2335648553045446
8,10,3,ckd-0181,1,classical_rbf_svm,1,1.8188431602229036
8,10,3,ckd-0184,1,classical_rbf_svm,1,1.3046158372341452
8,10,3,ckd-0185,1,classical_rbf_svm,1,1.7198072850427137
8,10,3,ckd-0187,1,classical_rbf_svm,1,1.2913707610668825
8,10,3,ckd-0196,1,classical_rbf_svm,1,1.5024533438308603
8,10,3,ckd-0216,1,classical_rbf_svm,1,1.514921627211443
8,10,3,ckd-0228,1,classical_rbf_svm,1,1.8159071676765568
8,10,3,ckd-0232,1,classical_rbf_svm,1,1.571165376432284
8,10,3,ckd-0238,1,classical_rbf_svm,1,1.9107690156739985
8,10,3,ckd-0256,0,classical_rbf_svm,0,-1.1328141837298937
8,10,3,ckd-0263,0,classical_rbf_svm,0,-1.1718844157476727
8,10,3,ckd-0269,0,classical_rbf_svm,0,-1.122638295172703
8,10,3,ckd-0271,0,classical_rbf_svm,0,-1.0488048790273738
8,10,3,ckd-0274,0,classical_rbf_svm,0,-0.12923093184510948
8,10,3,ckd-0283,0,classical_rbf_svm,0,-1.0973821636501127
8,10,3,ckd-0289,0,classical_rbf_svm,0,-1.3286107655772192
8,10,3,ckd-0300,0,classical_rbf_svm,0,-1.236508883423098
8,10,3,ckd-0310,0,classical_rbf_svm,0,-0.9734154598607887
8,10,3,ckd-0319,0,classical_rbf_svm,0,-1.0302115682171151
8,10,3,ckd-0324,0,classical_rbf_svm,0,-1.3831497271824285
8,10,3,ckd-0328,0,classical_rbf_svm,0,-1.0648841218129301
8,10,3,ckd-0349,0,classical_rbf_svm,0,-0.8991669008196554
8,10,3,ckd-0358,0,classical_rbf_svm,0,-0.9676961823616399
8,10,3,ckd-0363,0,classical_rbf_svm,0,-1.0792183199494185
8,10,3,ckd-0364,0,classical_rbf_svm,0,-1.1439569294428154
8,10,3,ckd-0367,0,classical_rbf_svm,0,-1.4175287711603741
8,10,3,ckd-0369,0,classical_rbf_svm,0,-1.3783307064923123
8,10,3,ckd-0370,0,classical_rbf_svm,0,-0.9894172376515991
8,10,3,ckd-0378,0,classical_rbf_svm,0,-1.1234226131154474
8,10,3,ckd-0386,0,classical_rbf_svm,0,-1.175608200880209
8,10,3,ckd-0388,0,classical_rbf_svm,0,-1.256772436804627
8,10,3,ckd-0396,0,classical_rbf_svm,0,-1.341156156939034
8,10,3,ckd-0398,0,classical_rbf_svm,0,-1.329096359477552
8,10,3,ckd-0012,1,qsvc,1,0.9842203984678135
8,10,3,ckd-0019,1,qsvc,1,1.0210564137928326
8,10,3,ckd-0020,1,qsvc,1,0.9905708267893466
8,10,3,ckd-0022,1,qsvc,1,1.0239933835310417
8,10,3,ckd-0024,1,qsvc,1,1.0062273922681175
8,10,3,ckd-0027,1,qsvc,1,1.0109368564504655
8,10,3,ckd-0028,1,qsvc,1,0.9978938219462768
8,10,3,ckd-0064,1,qsvc,1,0.904617357789532
8,10,3,ckd-0066,1,qsvc,1,0.09151345706223468
8,10,3,ckd-0076,1,qsvc,1,0.6226837756043551
8,10,3,ckd-0081,1,qsvc,1,1.0103219954370348
8,10,3,ckd-0082,1,qsvc,1,1.016396244208607
8,10,3,ckd-0085,1,qsvc,1,0.9183096286491609
8,10,3,ckd-0090,1,qsvc,1,0.7953588660285684
8,10,3,ckd-0091,1,qsvc,1,1.0274062426707202
8,10,3,ckd-0092,1,qsvc,1,0.5850439805370008
8,10,3,ckd-0093,1,qsvc,1,1.0125078353258985
8,10,3,ckd-0097,1,qsvc,1,1.0104044467883213
8,10,3,ckd-0101,1,qsvc,1,1.3250076393725103
8,10,3,ckd-0105,1,qsvc,1,0.995628503114574
8,10,3,ckd-0111,1,qsvc,1,1.2085098745271565
8,10,3,ckd-0120,1,qsvc,1,0.9939258938503712
8,10,3,ckd-0134,1,qsvc,1,0.9622999249846663
8,10,3,ckd-0136,1,qsvc,1,0.9785096337270189
8,10,3,ckd-0156,1,qsvc,1,1.0021471457702456
8,10,3,ckd-0157,1,qsvc,1,0.9825215414140613
8,10,3,ckd-0161,1,qsvc,1,1.0207540782000577
8,10,3,ckd-0169,1,qsvc,1,1.0247785711212707
8,10,3,ckd-0171,1,qsvc,1,0.9504619249726903
8,10,3,ckd-0174,1,qsvc,1,0.9820155397329279
8,10,3,ckd-0175,1,qsvc,1,0.9426993374759228
8,10,3,ckd-0181,1,qsvc,1,0.8701496157917009
8,10,3,ckd-0184,1,qsvc,1,0.9450937098507959
8,10,3,ckd-0185,1,qsvc,1,0.984290668116532
8,10,3,ckd-0187,1,qsvc,0,-0.06503786059822625
8,10,3,ckd-0196,1,qsvc,1,0.9386379654117389
8,10,3,ckd-0216,1,qsvc,1,1.0141096987024656
8,10,3,ckd-0228,1,qsvc,1,1.0340296603790358
8,10,3,ckd-0232,1,qsvc,1,1.0543322809520879
8,10,3,ckd-0238,1,qsvc,1,0.9668822173824042
8,10,3,ckd-0256,0,qsvc,0,-0.6787824428210225
8,10,3,ckd-0263,0,qsvc,0,-1.4866582167313953
8,10,3,ckd-0269,0,qsvc,0,-0.9163005587812334
8,10,3,ckd-0271,0,qsvc,0,-1.0780855308780988
8,10,3,ckd-0274,0,qsvc,0,-0.07572156153033949
8,10,3,ckd-0283,0,qsvc,0,-1.4366341812885994
8,10,3,ckd-0289,0,qsvc,0,-1.3752015110468512
8,10,3,ckd-0300,0,qsvc,0,-1.169380492620883
8,10,3,ckd-0310,0,qsvc,0,-0.7923555558427953
8,10,3,ckd-0319,0,qsvc,0,-0.8628149767272535
8,10,3,ckd-0324,0,qsvc,0,-1.5860670222335718
8,10,3,ckd-0328,0,qsvc,0,-1.053897778603542
8,10,3,ckd-0349,0,qsvc,0,-1.152149393475716
8,10,3,ckd-0358,0,qsvc,0,-0.8652554011616185
8,10,3,ckd-0363,0,qsvc,0,-1.189098438923145
8,10,3,ckd-0364,0,qsvc,0,-0.7513341281469141
8,10,3,ckd-0367,0,qsvc,0,-1.6537045107263624
8,10,3,ckd-0369,0,qsvc,0,-1.6456800800787104
8,10,3,ckd-0370,0,qsvc,0,-1.2684532327629139
8,10,3,ckd-0378,0,qsvc,0,-1.2348054696913957
8,10,3,ckd-0386,0,qsvc,0,-0.9555373112924805
8,10,3,ckd-0388,0,qsvc,0,-1.2436796054711046
8,10,3,ckd-0396,0,qsvc,0,-1.4956506338003561
8,10,3,ckd-0398,0,qsvc,0,-1.3860642356269466
8,10,4,ckd-0006,1,classical_rbf_svm,1,1.6531671507152057
8,10,4,ckd-0007,1,classical_rbf_svm,1,1.1573811816281347
8,10,4,ckd-0009,1,classical_rbf_svm,1,1.6791880246349673
8,10,4,ckd-0023,1,classical_rbf_svm,1,1.1751955109663674
8,10,4,ckd-0025,1,classical_rbf_svm,1,1.331646461521323
8,10,4,ckd-0034,1,classical_rbf_svm,1,1.6796774207256453
8,10,4,ckd-0042,1,classical_rbf_svm,1,1.2414375098020503
8,10,4,ckd-0057,1,classical_rbf_svm,1,1.4388902125965983
8,10,4,ckd-0058,1,classical_rbf_svm,1,1.4279718895465934
8,10,4,ckd-0059,1,classical_rbf_svm,1,1.8339406059942789
8,10,4,ckd-0063,1,classical_rbf_svm,1,1.6210829465621108
8,10,4,ckd-0080,1,classical_rbf_svm,1,1.760064560595572
8,10,4,ckd-0088,1,classical_rbf_svm,1,1.5710109672733876
8,10,4,ckd-0099,1,classical_rbf_svm,1,1.206080046080155
8,10,4,ckd-0112,1,classical_rbf_svm,1,1.5096361186983671
8,10,4,ckd-0113,1,classical_rbf_svm,1,1.5952837365299377
8,10,4,ckd-0119,1,classical_rbf_svm,1,1.5351732530345963
8,10,4,ckd-0122,1,classical_rbf_svm,1,1.138346324516257
8,10,4,ckd-0126,1,classical_rbf_svm,1,1.3183785728926314
8,10,4,ckd-0129,1,classical_rbf_svm,1,1.144178034657674
8,10,4,ckd-0138,1,classical_rbf_svm,1,1.6706774305109542
8,10,4,ckd-0146,1,classical_rbf_svm,1,1.0040484893562864
8,10,4,ckd-0162,1,classical_rbf_svm,1,1.4747968384040488
8,10,4,ckd-0167,1,classical_rbf_svm,1,0.46799981535177415
8,10,4,ckd-0177,1,classical_rbf_svm,1,1.1388054292902394
8,10,4,ckd-0191,1,classical_rbf_svm,1,1.2533235705036172
8,10,4,ckd-0204,1,classical_rbf_svm,1,1.508641880513073
8,10,4,ckd-0206,1,classical_rbf_svm,1,0.8052438357382388
8,10,4,ckd-0207,1,classical_rbf_svm,1,1.4797491273778411
8,10,4,ckd-0210,1,classical_rbf_svm,1,0.16241379087704455
8,10,4,ckd-0211,1,classical_rbf_svm,1,1.0308834080594615
8,10,4,ckd-0213,1,classical_rbf_svm,1,1.3947041398752527
8,10,4,ckd-0218,1,classical_rbf_svm,1,1.914699871567163
8,10,4,ckd-0222,1,classical_rbf_svm,1,1.3243195381987618
8,10,4,ckd-0223,1,classical_rbf_svm,1,1.0068590735638883
8,10,4,ckd-0226,1,classical_rbf_svm,1,1.6094687761237472
8,10,4,ckd-0227,1,classical_rbf_svm,1,1.1619075767515277
8,10,4,ckd-0242,1,classical_rbf_svm,1,1.7677505136744203
8,10,4,ckd-0244,1,classical_rbf_svm,1,0.6122135511043523
8,10,4,ckd-0248,1,classical_rbf_svm,1,0.3770371658467859
8,10,4,ckd-0253,0,classical_rbf_svm,0,-1.446689463443072
8,10,4,ckd-0254,0,classical_rbf_svm,0,-1.2813718895327986
8,10,4,ckd-0258,0,classical_rbf_svm,0,-1.0949695851481125
8,10,4,ckd-0265,0,classical_rbf_svm,0,-1.1947891951230911
8,10,4,ckd-0272,0,classical_rbf_svm,0,-1.0686850188272823
8,10,4,ckd-0276,0,classical_rbf_svm,0,-1.194346710404063
8,10,4,ckd-0279,0,classical_rbf_svm,0,-1.074373596671606
8,10,4,ckd-0281,0,classical_rbf_svm,0,-0.9630904433711328
8,10,4,ckd-0282,0,classical_rbf_svm,0,-1.2198184677981998
8,10,4,ckd-0295,0,classical_rbf_svm,0,-0.7383192084161242
8,10,4,ckd-0303,0,classical_rbf_svm,0,-1.2370355310164975
8,10,4,ckd-0304,0,classical_rbf_svm,0,-1.1486469281816607
8,10,4,ckd-0323,0,classical_rbf_svm,0,-1.219457877255147
8,10,4,ckd-0326,0,classical_rbf_svm,0,-1.117505784559433
8,10,4,ckd-0327,0,classical_rbf_svm,0,-1.0568237570759065
8,10,4,ckd-0339,0,classical_rbf_svm,0,-1.1180949062273937
8,10,4,ckd-0340,0,classical_rbf_svm,0,-1.000751547443469
8,10,4,ckd-0341,0,classical_rbf_svm,0,-1.2164120738319686
8,10,4,ckd-0348,0,classical_rbf_svm,0,-1.1610553045856142
8,10,4,ckd-0366,0,classical_rbf_svm,0,-0.22156932082972436
8,10,4,ckd-0374,0,classical_rbf_svm,0,-1.262839972904577
8,10,4,ckd-0377,0,classical_rbf_svm,0,-1.1132668401726291
8,10,4,ckd-0383,0,classical_rbf_svm,0,-1.2019333236554135
8,10,4,ckd-0385,0,classical_rbf_svm,0,-1.0892153061878718
8,10,4,ckd-0006,1,qsvc,1,1.0179673175581265
8,10,4,ckd-0007,1,qsvc,1,1.0420816158468647
8,10,4,ckd-0009,1,qsvc,1,1.0149655293503042
8,10,4,ckd-0023,1,qsvc,1,0.9287754684908596
8,10,4,ckd-0025,1,qsvc,1,0.9821497142830187
8,10,4,ckd-0034,1,qsvc,1,0.9656680450639683
8,10,4,ckd-0042,1,qsvc,1,0.9122178231036223
8,10,4,ckd-0057,1,qsvc,1,0.9365358696354799
8,10,4,ckd-0058,1,qsvc,1,0.9655127540566375
8,10,4,ckd-0059,1,qsvc,1,0.9429479369836532
8,10,4,ckd-0063,1,qsvc,1,0.9941067430806173
8,10,4,ckd-0080,1,qsvc,1,0.9882057253681897
8,10,4,ckd-0088,1,qsvc,1,0.9956563307837785
8,10,4,ckd-0099,1,qsvc,1,0.9746190148441614
8,10,4,ckd-0112,1,qsvc,1,0.9846106392061457
8,10,4,ckd-0113,1,qsvc,1,1.089388237339941
8,10,4,ckd-0119,1,qsvc,1,0.9737141067678754
8,10,4,ckd-0122,1,qsvc,1,0.8734509640734767
8,10,4,ckd-0126,1,qsvc,1,1.0031009851844226
8,10,4,ckd-0129,1,qsvc,1,0.9998528764076875
8,10,4,ckd-0138,1,qsvc,1,0.9592200259025973
8,10,4,ckd-0146,1,qsvc,1,0.9077623756038963
8,10,4,ckd-0162,1,qsvc,1,0.9582129483404953
8,10,4,ckd-0167,1,qsvc,1,1.0368886693699593
8,10,4,ckd-0177,1,qsvc,0,-0.16696461716321898
8,10,4,ckd-0191,1,qsvc,1,0.7184602120250819
8,10,4,ckd-0204,1,qsvc,1,0.9711159794177464
8,10,4,ckd-0206,1,qsvc,1,0.9098260708142641
8,10,4,ckd-0207,1,qsvc,1,0.9279809547998389
8,10,4,ckd-0210,1,qsvc,1,0.15185356376309522
8,10,4,ckd-0211,1,qsvc,1,0.9269588318874064
8,10,4,ckd-0213,1,qsvc,1,0.901951072105698
8,10,4,ckd-0218,1,qsvc,1,1.0646785182507186
8,10,4,ckd-0222,1,qsvc,1,0.9954426261583221
8,10,4,ckd-0223,1,qsvc,1,0.9788476304606158
8,10,4,ckd-0226,1,qsvc,1,1.031341195178778
8,10,4,ckd-0227,1,qsvc,1,0.9789246985593327
8,10,4,ckd-0242,1,qsvc,1,1.010455489399126
8,10,4,ckd-0244,1,qsvc,1,0.9171800134176262
8,10,4,ckd-0248,1,qsvc,1,0.9919115251898516
8,10,4,ckd-0253,0,qsvc,0,-1.5261501178578376
8,10,4,ckd-0254,0,qsvc,0,-1.3842838776875204
8,10,4,ckd-0258,0,qsvc,0,-1.2729579994335878
8,10,4,ckd-0265,0,qsvc,0,-1.1387848016963722
8,10,4,ckd-0272,0,qsvc,0,-0.9124785685927527
8,10,4,ckd-0276,0,qsvc,0,-1.2481673758591345
8,10,4,ckd-0279,0,qsvc,0,-1.3080825528720013
8,10,4,ckd-0281,0,qsvc,0,-0.498958394078974
8,10,4,ckd-0282,0,qsvc,0,-1.298553664965858
8,10,4,ckd-0295,0,qsvc,0,-0.9185119016301594
8,10,4,ckd-0303,0,qsvc,0,-1.331414807583267
8,10,4,ckd-0304,0,qsvc,0,-0.9947030460200029
8,10,4,ckd-0323,0,qsvc,0,-1.3261513024730274
8,10,4,ckd-0326,0,qsvc,0,-1.0326823258109394
8,10,4,ckd-0327,0,qsvc,0,-1.2752692908263752
8,10,4,ckd-0339,0,qsvc,0,-0.9347761665099598
8,10,4,ckd-0340,0,qsvc,0,-1.0352654651252116
8,10,4,ckd-0341,0,qsvc,0,-1.2549140238768866
8,10,4,ckd-0348,0,qsvc,0,-0.7096906940280051
8,10,4,ckd-0366,0,qsvc,0,-0.12493255946928461
8,10,4,ckd-0374,0,qsvc,0,-1.2843160498509807
8,10,4,ckd-0377,0,qsvc,0,-1.096651360206638
8,10,4,ckd-0383,0,qsvc,0,-1.195945725814255
8,10,4,ckd-0385,0,qsvc,0,-1.325049260557941
8,10,5,ckd-0005,1,classical_rbf_svm,1,1.7370492151826369
8,10,5,ckd-0008,1,classical_rbf_svm,1,1.4537459784846427
8,10,5,ckd-0018,1,classical_rbf_svm,1,1.266436562562377
8,10,5,ckd-0030,1,classical_rbf_svm,1,1.5274490461889334
8,10,5,ckd-0038,1,classical_rbf_svm,1,1.7511826707731522
8,10,5,ckd-0045,1,classical_rbf_svm,1,1.3887459329720753
8,10,5,ckd-0053,1,classical_rbf_svm,1,1.5863820263444615
8,10,5,ckd-0055,1,classical_rbf_svm,1,1.7545555649944913
8,10,5,ckd-0060,1,classical_rbf_svm,1,1.4444151118100912
8,10,5,ckd-0069,1,classical_rbf_svm,1,1.783983870679312
8,10,5,ckd-0073,1,classical_rbf_svm,1,1.6520066339936563
8,10,5,ckd-0077,1,classical_rbf_svm,1,1.2008308598534716
8,10,5,ckd-0078,1,classical_rbf_svm,1,1.8378168697316346
8,10,5,ckd-0094,1,classical_rbf_svm,1,1.419934548220392
8,10,5,ckd-0095,1,classical_rbf_svm,1,1.549113419476594
8,10,5,ckd-0121,1,classical_rbf_svm,1,1.0204626810076296
8,10,5,ckd-0123,1,classical_rbf_svm,1,1.247571238974464
8,10,5,ckd-0131,1,classical_rbf_svm,1,1.251957043684158
8,10,5,ckd-0139,1,classical_rbf_svm,1,1.464920561828342
8,10,5,ckd-0141,1,classical_rbf_svm,1,1.1578839788299016
8,10,5,ckd-0166,1,classical_rbf_svm,1,0.4154269542605389
8,10,5,ckd-0178,1,classical_rbf_svm,1,1.536701975678318
8,10,5,ckd-0180,1,classical_rbf_svm,1,1.7182435457241145
8,10,5,ckd-0183,1,classical_rbf_svm,1,0.6331524689243957
8,10,5,ckd-0189,1,classical_rbf_svm,1,0.19841093248852948
8,10,5,ckd-0192,1,classical_rbf_svm,1,1.3118399802791958
8,10,5,ckd-0193,1,classical_rbf_svm,1,0.49203837950378915
8,10,5,ckd-0194,1,classical_rbf_svm,1,0.9757042127873417
8,10,5,ckd-0197,1,classical_rbf_svm,1,1.1369342664474296
8,10,5,ckd-0199,1,classical_rbf_svm,1,1.48069929528467
8,10,5,ckd-0200,1,classical_rbf_svm,1,1.5141038410403493
8,10,5,ckd-0201,1,classical_rbf_svm,1,1.3772178348565993
8,10,5,ckd-0203,1,classical_rbf_svm,1,1.421684481195112
8,10,5,ckd-0215,1,classical_rbf_svm,1,0.5175516266486915
8,10,5,ckd-0217,1,classical_rbf_svm,1,1.2079231308191076
8,10,5,ckd-0220,1,classical_rbf_svm,1,1.578392075825361
8,10,5,ckd-0221,1,classical_rbf_svm,1,1.3878296553701948
8,10,5,ckd-0234,1,classical_rbf_svm,1,1.607214779744985
8,10,5,ckd-0247,1,classical_rbf_svm,1,1.1950320508378625
8,10,5,ckd-0249,1,classical_rbf_svm,1,1.7918254553914212
8,10,5,ckd-0266,0,classical_rbf_svm,0,-1.1828981191047514
8,10,5,ckd-0270,0,classical_rbf_svm,0,-1.3821063581446207
8,10,5,ckd-0273,0,classical_rbf_svm,0,-1.1743548807237987
8,10,5,ckd-0277,0,classical_rbf_svm,0,-0.957004418479716
8,10,5,ckd-0280,0,classical_rbf_svm,0,-1.3794261599266104
8,10,5,ckd-0287,0,classical_rbf_svm,0,-1.1148087235814625
8,10,5,ckd-0298,0,classical_rbf_svm,0,-1.3827410895839856
8,10,5,ckd-0299,0,classical_rbf_svm,0,-1.0083760503729386
8,10,5,ckd-0305,0,classical_rbf_svm,0,-1.0364681915885836
8,10,5,ckd-0307,0,classical_rbf_svm,0,-1.1861701353532974
8,10,5,ckd-0308,0,classical_rbf_svm,0,-0.8940532330309543
8,10,5,ckd-0316,0,classical_rbf_svm,0,-1.2383621716968578
8,10,5,ckd-0317,0,classical_rbf_svm,0,-1.314452899448389
8,10,5,ckd-0318,0,classical_rbf_svm,0,-0.8489955560261162
8,10,5,ckd-0320,0,classical_rbf_svm,0,-0.2213172913996566
8,10,5,ckd-0325,0,classical_rbf_svm,0,-0.24585034156642416
8,10,5,ckd-0344,0,classical_rbf_svm,0,-1.3244707699276705
8,10,5,ckd-0350,0,classical_rbf_svm,0,-1.2463581286923529
8,10,5,ckd-0359,0,classical_rbf_svm,0,-0.7472244955926419
8,10,5,ckd-0372,0,classical_rbf_svm,0,-1.0635708807689268
8,10,5,ckd-0373,0,classical_rbf_svm,0,-1.1947438999587605
8,10,5,ckd-0376,0,classical_rbf_svm,0,-1.2971714456104644
8,10,5,ckd-0379,0,classical_rbf_svm,0,-1.232110922587175
8,10,5,ckd-0381,0,classical_rbf_svm,0,-1.0860372312975508
8,10,5,ckd-0005,1,qsvc,1,1.0748237549209396
8,10,5,ckd-0008,1,qsvc,1,0.9838701724991985
8,10,5,ckd-0018,1,qsvc,1,1.0066514336672177
8,10,5,ckd-0030,1,qsvc,1,0.4385481516076338
8,10,5,ckd-0038,1,qsvc,1,0.9994424240141585
8,10,5,ckd-0045,1,qsvc,1,0.9759923346300845
8,10,5,ckd-0053,1,qsvc,1,1.087254930151569
8,10,5,ckd-0055,1,qsvc,1,1.0527535327907664
8,10,5,ckd-0060,1,qsvc,1,0.9889880961730851
8,10,5,ckd-0069,1,qsvc,1,1.054863226017658
8,10,5,ckd-0073,1,qsvc,1,0.9366793512309536
8,10,5,ckd-0077,1,qsvc,1,0.96062646736293
8,10,5,ckd-0078,1,qsvc,1,1.010849505798833
8,10,5,ckd-0094,1,qsvc,1,0.9807613135031685
8,10,5,ckd-0095,1,qsvc,1,1.0669174930653074
8,10,5,ckd-0121,1,qsvc,1,0.988285976726496
8,10,5,ckd-0123,1,qsvc,1,0.8541986495062531
8,10,5,ckd-0131,1,qsvc,1,0.8964806700319264
8,10,5,ckd-0139,1,qsvc,1,0.8377407816432598
8,10,5,ckd-0141,1,qsvc,1,0.5891936558153189
8,10,5,ckd-0166,1,qsvc,1,0.8166890921025745
8,10,5,ckd-0178,1,qsvc,1,1.0115809475665885
8,10,5,ckd-0180,1,qsvc,1,1.0964463641088522
8,10,5,ckd-0183,1,qsvc,1,0.8046032451448284
8,10,5,ckd-0189,1,qsvc,1,0.4603369374870517
8,10,5,ckd-0192,1,qsvc,1,0.9602812692355568
8,10,5,ckd-0193,1,qsvc,1,1.1854327169787857
8,10,5,ckd-0194,1,qsvc,1,0.9672217780273072
8,10,5,ckd-0197,1,qsvc,1,0.9626276703324218
8,10,5,ckd-0199,1,qsvc,1,0.9684623861387984
8,10,5,ckd-0200,1,qsvc,1,0.9869296066290393
8,10,5,ckd-0201,1,qsvc,1,1.032064514056586
8,10,5,ckd-0203,1,qsvc,1,0.3987162639557342
8,10,5,ckd-0215,1,qsvc,1,0.9626182733800069
8,10,5,ckd-0217,1,qsvc,1,0.7494247505301527
8,10,5,ckd-0220,1,qsvc,1,0.9979976717824912
8,10,5,ckd-0221,1,qsvc,1,1.0623551820716752
8,10,5,ckd-0234,1,qsvc,1,1.0038300928017436
8,10,5,ckd-0247,1,qsvc,1,0.9594721092409416
8,10,5,ckd-0249,1,qsvc,1,1.0174651156506624
8,10,5,ckd-0266,0,qsvc,0,-1.2731158981604191
8,10,5,ckd-0270,0,qsvc,0,-1.4367430057713357
8,10,5,ckd-0273,0,qsvc,0,-1.2837573947240033
8,10,5,ckd-0277,0,qsvc,0,-0.8504698531749354
8,10,5,ckd-0280,0,qsvc,0,-1.3720751261335442
8,10,5,ckd-0287,0,qsvc,0,-1.435129295235952
8,10,5,ckd-0298,0,qsvc,0,-1.4975930789480434
8,10,5,ckd-0299,0,qsvc,0,-1.0596589613057548
8,10,5,ckd-0305,0,qsvc,0,-0.9590450576507766
8,10,5,ckd-0307,0,qsvc,0,-1.121817540275294
8,10,5,ckd-0308,0,qsvc,0,-1.0408088111277332
8,10,5,ckd-0316,0,qsvc,0,-1.1986714097254536
8,10,5,ckd-0317,0,qsvc,0,-1.4447006630248689
8,10,5,ckd-0318,0,qsvc,0,-1.2489993838926563
8,10,5,ckd-0320,0,qsvc,0,-0.06845137536982471
8,10,5,ckd-0325,0,qsvc,0,-0.07575216235895588
8,10,5,ckd-0344,0,qsvc,0,-1.2787240277699286
8,10,5,ckd-0350,0,qsvc,0,-0.9461564843952744
8,10,5,ckd-0359,0,qsvc,0,-0.8609606029933988
8,10,5,ckd-0372,0,qsvc,0,-0.8847429558243246
8,10,5,ckd-0373,0,qsvc,0,-1.1099809604726785
8,10,5,ckd-0376,0,qsvc,0,-1.4292451083482893
8,10,5,ckd-0379,0,qsvc,0,-1.3685347863829138
8,10,5,ckd-0381,0,qsvc,0,-0.9780255532908809
6,1,1,ckd-0003,1,classical_rbf_svm,1,1.4444164131791215
6,1,1,ckd-0009,1,classical_rbf_svm,1,1.535549612226001
6,1,1,ckd-0010,1,classical_rbf_svm,1,1.674631649630527
6,1,1,ckd-0018,1,classical_rbf_svm,1,0.9117013798418536
6,1,1,ckd-0026,1,classical_rbf_svm,1,1.5254905160170442
6,1,1,ckd-0034,1,classical_rbf_svm,1,1.6076847789863646
6,1,1,ckd-0036,1,classical_rbf_svm,1,1.8908704154026386
6,1,1,ckd-0038,1,classical_rbf_svm,1,1.8169411213661357
6,1,1,ckd-0040,1,classical_rbf_svm,1,1.675375698088095
6,1,1,ckd-0053,1,classical_rbf_svm,1,1.7122940523717838
6,1,1,ckd-0055,1,classical_rbf_svm,1,1.513173559247964
6,1,1,ckd-0068,1,classical_rbf_svm,1,1.4068919487517935
6,1,1,ckd-0072,1,classical_rbf_svm,1,1.4636223790634861
6,1,1,ckd-0073,1,classical_rbf_svm,1,1.419381037659122
6,1,1,ckd-0074,1,classical_rbf_svm,1,0.9573748725528887
6,1,1,ckd-0078,1,classical_rbf_svm,1,1.7156891226644304
6,1,1,ckd-0080,1,classical_rbf_svm,1,1.7021113221909072
6,1,1,ckd-0081,1,classical_rbf_svm,1,1.5810189641564905
6,1,1,ckd-0091,1,classical_rbf_svm,1,1.513173559247964
6,1,1,ckd-0092,1,classical_rbf_svm,1,1.043692925931758
6,1,1,ckd-0095,1,classical_rbf_svm,1,1.6616656859441776
6,1,1,ckd-0099,1,classical_rbf_svm,1,1.0977491137009643
6,1,1,ckd-0111,1,classical_rbf_svm,1,1.2582894072374802
6,1,1,ckd-0115,1,classical_rbf_svm,1,1.4355920206363386
6,1,1,ckd-0120,1,classical_rbf_svm,1,1.2173853701073352
6,1,1,ckd-0138,1,classical_rbf_svm,1,1.4174552003255885
6,1,1,ckd-0162,1,classical_rbf_svm,1,1.4695465484334373
6,1,1,ckd-0170,1,classical_rbf_svm,1,1.3422794454158606
6,1,1,ckd-0175,1,classical_rbf_svm,1,0.9716472543689674
6,1,1,ckd-0188,1,classical_rbf_svm,1,1.5108780067848748
6,1,1,ckd-0192,1,classical_rbf_svm,1,1.1738643291088886
6,1,1,ckd-0193,1,classical_rbf_svm,1,0.6546205139746413
6,1,1,ckd-0200,1,classical_rbf_svm,1,1.3912196003938289
6,1,1,ckd-0201,1,classical_rbf_svm,1,1.2384188687907756
6,1,1,ckd-0204,1,classical_rbf_svm,1,1.5666927563756494
6,1,1,ckd-0218,1,classical_rbf_svm,1,1.741477947155587
6,1,1,ckd-0219,1,classical_rbf_svm,1,1.2390768407266468
6,1,1,ckd-0221,1,classical_rbf_svm,1,1.380719403271451
6,1,1,ckd-0224,1,classical_rbf_svm,1,1.5638026000376084
6,1,1,ckd-0226,1,classical_rbf_svm,1,1.4326659971703557
6,1,1,ckd-0258,0,classical_rbf_svm,0,-1.1068962003034724
6,1,1,ckd-0260,0,classical_rbf_svm,0,-1.3227259521162984
6,1,1,ckd-0263,0,classical_rbf_svm,0,-1.1980298983080262
6,1,1,ckd-0270,0,classical_rbf_svm,0,-1.4768599121885577
6,1,1,ckd-0272,0,classical_rbf_svm,0,-1.025384357208075
6,1,1,ckd-0277,0,classical_rbf_svm,0,-0.9818834651268672
6,1,1,ckd-0281,0,classical_rbf_svm,0,-0.9907231732944947
6,1,1,ckd-0287,0,classical_rbf_svm,0,-1.1467446799267278
6,1,1,ckd-0289,0,classical_rbf_svm,0,-1.3904414823117235
6,1,1,ckd-0298,0,classical_rbf_svm,0,-1.466330026763603
6,1,1,ckd-0308,0,classical_rbf_svm,0,-0.8648949050165408
6,1,1,ckd-0313,0,classical_rbf_svm,0,-1.3485216371768374
6,1,1,ckd-0317,0,classical_rbf_svm,0,-1.352947417777779
6,1,1,ckd-0318,0,classical_rbf_svm,0,-0.8555948308411537
6,1,1,ckd-0325,0,classical_rbf_svm,0,-0.09666742312457488
6,1,1,ckd-0327,0,classical_rbf_svm,0,-1.0723399242505707
6,1,1,ckd-0353,0,classical_rbf_svm,0,-1.3272481747428264
6,1,1,ckd-0355,0,classical_rbf_svm,0,-1.115414544916605
6,1,1,ckd-0363,0,classical_rbf_svm,0,-1.0824087948243468
6,1,1,ckd-0367,0,classical_rbf_svm,0,-1.4700064617177584
6,1,1,ckd-0374,0,classical_rbf_svm,0,-1.2888437946458318
6,1,1,ckd-0378,0,classical_rbf_svm,0,-1.1403280368520807
6,1,1,ckd-0384,0,classical_rbf_svm,0,-1.3357294995755216
6,1,1,ckd-0395,0,classical_rbf_svm,0,-1.0771798370898171
6,1,1,ckd-0003,1,qsvc,1,0.9570698282165535
6,1,1,ckd-0009,1,qsvc,1,1.0292077925686485
6,1,1,ckd-0010,1,qsvc,1,0.9453884772117667
6,1,1,ckd-0018,1,qsvc,1,0.983788272948632
6,1,1,ckd-0026,1,qsvc,1,1.000089815170532
6,1,1,ckd-0034,1,qsvc,1,1.0053446071946672
6,1,1,ckd-0036,1,qsvc,1,0.9784618522775692
6,1,1,ckd-0038,1,qsvc,1,1.026842636739305
6,1,1,ckd-0040,1,qsvc,1,1.06414520594372
6,1,1,ckd-0053,1,qsvc,1,1.0815605410774274
6,1,1,ckd-0055,1,qsvc,1,1.3463375975134917
6,1,1,ckd-0068,1,qsvc,1,0.9831834784866738
6,1,1,ckd-0072,1,qsvc,1,0.9918460899168529
6,1,1,ckd-0073,1,qsvc,1,0.9463477188170436
6,1,1,ckd-0074,1,qsvc,1,1.10620005767312
6,1,1,ckd-0078,1,qsvc,1,1.1026534807356265
6,1,1,ckd-0080,1,qsvc,1,0.988721693140118
6,1,1,ckd-0081,1,qsvc,1,1.0952128569349404
6,1,1,ckd-0091,1,qsvc,1,1.3463375975134917
6,1,1,ckd-0092,1,qsvc,1,0.6945315528502232
6,1,1,ckd-0095,1,qsvc,1,1.180186217698751
6,1,1,ckd-0099,1,qsvc,1,1.092233699561447
6,1,1,ckd-0111,1,qsvc,1,1.2857149600037938
6,1,1,ckd-0115,1,qsvc,1,1.1515999088822353
6,1,1,ckd-0120,1,qsvc,1,1.000232397941472
6,1,1,ckd-0138,1,qsvc,1,1.0154628659689238
6,1,1,ckd-0162,1,qsvc,1,1.0708593229067402
6,1,1,ckd-0170,1,qsvc,1,0.8544442812627512
6,1,1,ckd-0175,1,qsvc,1,1.0997333888837872
6,1,1,ckd-0188,1,qsvc,1,1.0453761188317894
6,1,1,ckd-0192,1,qsvc,1,1.0001607249460416
6,1,1,ckd-0193,1,qsvc,1,1.3267700540635994
6,1,1,ckd-0200,1,qsvc,1,0.8899630052730318
6,1,1,ckd-0201,1,qsvc,1,1.098448524259088
6,1,1,ckd-0204,1,qsvc,1,0.9145930222945081
6,1,1,ckd-0218,1,qsvc,1,1.1080858058843026
6,1,1,ckd-0219,1,qsvc,1,1.2790192172908217
6,1,1,ckd-0221,1,qsvc,1,1.4948240188689481
6,1,1,ckd-0224,1,qsvc,1,1.0252464624407611
6,1,1,ckd-0226,1,qsvc,1,1.0430256754379343
6,1,1,ckd-0258,0,qsvc,0,-1.2973603561427176
6,1,1,ckd-0260,0,qsvc,0,-1.4458420150090763
6,1,1,ckd-0263,0,qsvc,0,-1.3770821813730871
6,1,1,ckd-0270,0,qsvc,0,-1.6108733178795063
6,1,1,ckd-0272,0,qsvc,0,-0.8338661980646656
6,1,1,ckd-0277,0,qsvc,0,-0.750721823404517
6,1,1,ckd-0281,0,qsvc,0,-0.4342443298908796
6,1,1,ckd-0287,0,qsvc,0,-1.3632073711003223
6,1,1,ckd-0289,0,qsvc,0,-1.4616458961171273
6,1,1,ckd-0298,0,qsvc,0,-1.6267473384794962
6,1,1,ckd-0308,0,qsvc,0,-1.0809352384105844
6,1,1,ckd-0313,0,qsvc,0,-1.4864520317434151
6,1,1,ckd-0317,0,qsvc,0,-1.4872698805974218
6,1,1,ckd-0318,0,qsvc,0,-1.0343347542344654
6,1,1,ckd-0325,0,qsvc,0,-0.11459091226255591
6,1,1,ckd-0327,0,qsvc,0,-1.2128294163527833
6,1,1,ckd-0353,0,qsvc,0,-1.4680728405004333
6,1,1,ckd-0355,0,qsvc,0,-1.0429133154888308
6,1,1,ckd-0363,0,qsvc,0,-1.0395114185717993
6,1,1,ckd-0367,0,qsvc,0,-1.6432555936741495
6,1,1,ckd-0374,0,qsvc,0,-1.337246443201998
6,1,1,ckd-0378,0,qsvc,0,-1.1058980185604983
6,1,1,ckd-0384,0,qsvc,0,-1.299220204875524
6,1,1,ckd-0395,0,qsvc,0,-1.291913621215066
6,1,2,ckd-0012,1,classical_rbf_svm,1,1.2852914474033807
6,1,2,ckd-0029,1,classical_rbf_svm,1,1.1960507203428212
6,1,2,ckd-0048,1,classical_rbf_svm,1,1.1980347551271417
6,1,2,ckd-0052,1,classical_rbf_svm,1,1.4180715899216025
6,1,2,ckd-0057,1,classical_rbf_svm,1,1.3495364672459509
6,1,2,ckd-0058,1,classical_rbf_svm,1,1.4935212318410138
6,1,2,ckd-0060,1,classical_rbf_svm,1,1.4203524750702856
6,1,2,ckd-0062,1,classical_rbf_svm,1,1.429230305017955
6,1,2,ckd-0064,1,classical_rbf_svm,1,1.3602024315177506
6,1,2,ckd-0077,1,classical_rbf_svm,1,1.0277321266156922
6,1,2,ckd-0079,1,classical_rbf_svm,1,1.426115371873871
6,1,2,ckd-0097,1,classical_rbf_svm,1,1.749769771912503
6,1,2,ckd-0102,1,classical_rbf_svm,1,1.4559778620294264
6,1,2,ckd-0108,1,classical_rbf_svm,1,1.8564315454213403
6,1,2,ckd-0114,1,classical_rbf_svm,1,1.7476863674658183
6,1,2,ckd-0123,1,classical_rbf_svm,1,1.2245549944716179
6,1,2,ckd-0136,1,classical_rbf_svm,1,1.6544162182865576
6,1,2,ckd-0146,1,classical_rbf_svm,1,0.9576438667738227
6,1,2,ckd-0150,1,classical_rbf_svm,1,1.3906841803520358
6,1,2,ckd-0154,1,classical_rbf_svm,1,1.1264855909720113
6,1,2,ckd-0160,1,classical_rbf_svm,1,1.7012887234133478
6,1,2,ckd-0163,1,classical_rbf_svm,1,1.7412017934593813
6,1,2,ckd-0171,1,classical_rbf_svm,1,1.6032338140211073
6,1,2,ckd-0172,1,classical_rbf_svm,1,1.1721673974140971
6,1,2,ckd-0174,1,classical_rbf_svm,1,0.788776038623943
6,1,2,ckd-0180,1,classical_rbf_svm,1,1.4681731875808328
6,1,2,ckd-0185,1,classical_rbf_svm,1,1.3960058025181303
6,1,2,ckd-0186,1,classical_rbf_svm,1,0.9907347635069668
6,1,2,ckd-0187,1,classical_rbf_svm,1,1.0311671471026127
6,1,2,ckd-0194,1,classical_rbf_svm,1,0.9329044644024029
6,1,2,ckd-0195,1,classical_rbf_svm,1,1.582001795398803
6,1,2,ckd-0198,1,classical_rbf_svm,1,1.4473181028261788
6,1,2,ckd-0202,1,classical_rbf_svm,1,1.2278351025769478
6,1,2,ckd-0203,1,classical_rbf_svm,1,1.3611392483649247
6,1,2,ckd-0207,1,classical_rbf_svm,1,1.2414782921251644
6,1,2,ckd-0215,1,classical_rbf_svm,1,0.9447874109211549
6,1,2,ckd-0222,1,classical_rbf_svm,1,1.1960507203428212
6,1,2,ckd-0223,1,classical_rbf_svm,1,1.0001541873778632
6,1,2,ckd-0244,1,classical_rbf_svm,1,0.1336646379704285
6,1,2,ckd-0248,1,classical_rbf_svm,1,0.6228168115697261
6,1,2,ckd-0251,0,classical_rbf_svm,0,-1.500768658995168
6,1,2,ckd-0254,0,classical_rbf_svm,0,-1.3322352047382915
6,1,2,ckd-0256,0,classical_rbf_svm,0,-1.1841242921900057
6,1,2,ckd-0274,0,classical_rbf_svm,1,0.026480367143390082
6,1,2,ckd-0276,0,classical_rbf_svm,0,-1.244205340660824
6,1,2,ckd-0288,0,classical_rbf_svm,0,-0.9653127867180732
6,1,2,ckd-0304,0,classical_rbf_svm,0,-1.1827841554010297
6,1,2,ckd-0306,0,classical_rbf_svm,0,-1.0792365846181573
6,1,2,ckd-0307,0,classical_rbf_svm,0,-1.258189424846405
6,1,2,ckd-0315,0,classical_rbf_svm,0,-1.2669663071275106
6,1,2,ckd-0323,0,classical_rbf_svm,0,-1.250496351313029
6,1,2,ckd-0340,0,classical_rbf_svm,0,-0.9622571211737881
6,1,2,ckd-0341,0,classical_rbf_svm,0,-1.2324265078290786
6,1,2,ckd-0344,0,classical_rbf_svm,0,-1.3819029202650608
6,1,2,ckd-0358,0,classical_rbf_svm,0,-0.9474316862722069
6,1,2,ckd-0359,0,classical_rbf_svm,0,-0.6726681029445215
6,1,2,ckd-0366,0,classical_rbf_svm,1,0.026480367143390082
6,1,2,ckd-0373,0,classical_rbf_svm,0,-1.2530522502474248
6,1,2,ckd-0383,0,classical_rbf_svm,0,-1.2151035961487842
6,1,2,ckd-0387,0,classical_rbf_svm,0,-1.3806702136934117
6,1,2,ckd-0388,0,classical_rbf_svm,0,-1.2962278976492017
6,1,2,ckd-0397,0,classical_rbf_svm,0,-1.0333104237443265
6,1,2,ckd-0399,0,classical_rbf_svm,0,-1.3338914753426168
6,1,2,ckd-0400,0,classical_rbf_svm,0,-1.222754722118696
6,1,2,ckd-0012,1,qsvc,1,0.9952518397833743
6,1,2,ckd-0029,1,qsvc,1,1.0778436516884744
6,1,2,ckd-0048,1,qsvc,1,0.4908447358851931
6,1,2,ckd-0052,1,qsvc,1,1.0211345855101361
6,1,2,ckd-0057,1,qsvc,1,1.0129103752022994
6,1,2,ckd-0058,1,qsvc,1,1.0488515379280785
6,1,2,ckd-0060,1,qsvc,1,0.9566914373058011
6,1,2,ckd-0062,1,qsvc,1,1.086998978202939
6,1,2,ckd-0064,1,qsvc,1,0.9086401984163128
6,1,2,ckd-0077,1,qsvc,1,1.1552968733272384
6,1,2,ckd-0079,1,qsvc,1,0.31126961914624485
6,1,2,ckd-0097,1,qsvc,1,1.009311385829432
6,1,2,ckd-0102,1,qsvc,1,0.990650457840229
6,1,2,ckd-0108,1,qsvc,1,1.0268723976041645
6,1,2,ckd-0114,1,qsvc,1,1.0323642357965588
6,1,2,ckd-0123,1,qsvc,0,-1.0096727905461322
6,1,2,ckd-0136,1,qsvc,1,1.0234112208726143
6,1,2,ckd-0146,1,qsvc,1,0.991369709934394
6,1,2,ckd-0150,1,qsvc,1,0.8466514003329287
6,1,2,ckd-0154,1,qsvc,1,0.9644430267982853
6,1,2,ckd-0160,1,qsvc,1,0.9903534245854272
6,1,2,ckd-0163,1,qsvc,1,1.1392851787998355
6,1,2,ckd-0171,1,qsvc,1,0.9075733052890349
6,1,2,ckd-0172,1,qsvc,1,0.7992103892998399
6,1,2,ckd-0174,1,qsvc,1,1.1431872661441465
6,1,2,ckd-0180,1,qsvc,1,1.0692915618891212
6,1,2,ckd-0185,1,qsvc,1,0.9821158277996396
6,1,2,ckd-0186,1,qsvc,1,1.0155480046531735
6,1,2,ckd-0187,1,qsvc,1,0.03849335006744703
6,1,2,ckd-0194,1,qsvc,1,0.9896041809943368
6,1,2,ckd-0195,1,qsvc,1,1.0097110926126214
6,1,2,ckd-0198,1,qsvc,1,0.9498184691856877
6,1,2,ckd-0202,1,qsvc,1,0.9392345903421067
6,1,2,ckd-0203,1,qsvc,1,0.9395026231272308
6,1,2,ckd-0207,1,qsvc,1,0.7782541531535389
6,1,2,ckd-0215,1,qsvc,1,1.185010354079007
6,1,2,ckd-0222,1,qsvc,1,1.0778436516884744
6,1,2,ckd-0223,1,qsvc,1,1.0942957205544097
6,1,2,ckd-0244,1,qsvc,1,0.9030867991963701
6,1,2,ckd-0248,1,qsvc,1,1.0124776864925864
6,1,2,ckd-0251,0,qsvc,0,-1.5575693179208776
6,1,2,ckd-0254,0,qsvc,0,-1.4733302147803595
6,1,2,ckd-0256,0,qsvc,0,-0.6994499674303122
6,1,2,ckd-0274,0,qsvc,1,0.030439060031015486
6,1,2,ckd-0276,0,qsvc,0,-1.285840695699616
6,1,2,ckd-0288,0,qsvc,0,-0.8321712012506156
6,1,2,ckd-0304,0,qsvc,0,-0.9276506964477861
6,1,2,ckd-0306,0,qsvc,0,-0.9371733307669804
6,1,2,ckd-0307,0,qsvc,0,-1.097529557278702
6,1,2,ckd-0315,0,qsvc,0,-1.375309678796818
6,1,2,ckd-0323,0,qsvc,0,-1.382246876847629
6,1,2,ckd-0340,0,qsvc,0,-1.0202832390429526
6,1,2,ckd-0341,0,qsvc,0,-1.2764506429472027
6,1,2,ckd-0344,0,qsvc,0,-1.3831139112877993
6,1,2,ckd-0358,0,qsvc,0,-0.7667892562422797
6,1,2,ckd-0359,0,qsvc,0,-0.8877966637553413
6,1,2,ckd-0366,0,qsvc,1,0.030439060031015486
6,1,2,ckd-0373,0,qsvc,0,-1.0877286762515883
6,1,2,ckd-0383,0,qsvc,0,-1.1635084778587785
6,1,2,ckd-0387,0,qsvc,0,-1.4363048473919435
6,1,2,ckd-0388,0,qsvc,0,-1.2997454838226736
6,1,2,ckd-0397,0,qsvc,0,-0.8586904150012998
6,1,2,ckd-0399,0,qsvc,0,-1.0635007523364433
6,1,2,ckd-0400,0,qsvc,0,-1.065225746967649
6,1,3,ckd-0001,1,classical_rbf_svm,1,0.1583686732658499
6,1,3,ckd-0002,1,classical_rbf_svm,1,1.2355138368298024
6,1,3,ckd-0006,1,classical_rbf_svm,1,1.574685851720941
6,1,3,ckd-0021,1,classical_rbf_svm,1,1.2983855707690326
6,1,3,ckd-0023,1,classical_rbf_svm,1,1.0802508615397517
6,1,3,ckd-0030,1,classical_rbf_svm,1,1.2992415999800384
6,1,3,ckd-0047,1,classical_rbf_svm,1,1.6007246220951852
6,1,3,ckd-0049,1,classical_rbf_svm,1,1.2326941201323378
6,1,3,ckd-0051,1,classical_rbf_svm,1,1.7199271061718737
6,1,3,ckd-0059,1,classical_rbf_svm,1,1.7413266157463743
6,1,3,ckd-0063,1,classical_rbf_svm,1,1.5073322598904957
6,1,3,ckd-0066,1,classical_rbf_svm,1,0.6818276489042496
6,1,3,ckd-0076,1,classical_rbf_svm,1,1.4609573095724682
6,1,3,ckd-0082,1,classical_rbf_svm,1,1.6392515405554167
6,1,3,ckd-0085,1,classical_rbf_svm,1,1.066006556801688
6,1,3,ckd-0086,1,classical_rbf_svm,1,1.8383220988756994
6,1,3,ckd-0106,1,classical_rbf_svm,1,0.002010779635793436
6,1,3,ckd-0116,1,classical_rbf_svm,1,0.9958666234748701
6,1,3,ckd-0125,1,classical_rbf_svm,1,1.5416619556999385
6,1,3,ckd-0127,1,classical_rbf_svm,1,1.973449723449824
6,1,3,ckd-0133,1,classical_rbf_svm,1,1.3777945839530836
6,1,3,ckd-0139,1,classical_rbf_svm,1,1.365663620046362
6,1,3,ckd-0140,1,classical_rbf_svm,1,1.6195644936517148
6,1,3,ckd-0147,1,classical_rbf_svm,1,1.6566427422128096
6,1,3,ckd-0152,1,classical_rbf_svm,1,1.7690519490559162
6,1,3,ckd-0156,1,classical_rbf_svm,1,1.3641739369548507
6,1,3,ckd-0196,1,classical_rbf_svm,1,1.2462224501365682
6,1,3,ckd-0197,1,classical_rbf_svm,1,1.128287256531976
6,1,3,ckd-0206,1,classical_rbf_svm,1,0.6310650662419357
6,1,3,ckd-0210,1,classical_rbf_svm,1,0.34586786876668246
6,1,3,ckd-0214,1,classical_rbf_svm,1,1.4100143932858349
6,1,3,ckd-0220,1,classical_rbf_svm,1,1.5116079552038162
6,1,3,ckd-0230,1,classical_rbf_svm,1,1.3081312201660094
6,1,3,ckd-0231,1,classical_rbf_svm,1,1.641517006784393
6,1,3,ckd-0232,1,classical_rbf_svm,1,1.5735537509730309
6,1,3,ckd-0233,1,classical_rbf_svm,1,1.0000032904252194
6,1,3,ckd-0234,1,classical_rbf_svm,1,1.6126190983882183
6,1,3,ckd-0237,1,classical_rbf_svm,1,1.5684495341913764
6,1,3,ckd-0238,1,classical_rbf_svm,1,1.8168076037235936
6,1,3,ckd-0242,1,classical_rbf_svm,1,1.672065861392175
6,1,3,ckd-0252,0,classical_rbf_svm,0,-1.0932728342576654
6,1,3,ckd-0255,0,classical_rbf_svm,0,-1.1026728087307534
6,1,3,ckd-0262,0,classical_rbf_svm,0,-1.1092325152632978
6,1,3,ckd-0271,0,classical_rbf_svm,0,-1.0746299825143086
6,1,3,ckd-0279,0,classical_rbf_svm,0,-1.158819177964435
6,1,3,ckd-0284,0,classical_rbf_svm,0,-1.2774042595890875
6,1,3,ckd-0290,0,classical_rbf_svm,0,-1.2651735641521407
6,1,3,ckd-0294,0,classical_rbf_svm,0,-1.369161366045071
6,1,3,ckd-0299,0,classical_rbf_svm,0,-1.0740623041096604
6,1,3,ckd-0303,0,classical_rbf_svm,0,-1.3570900363921268
6,1,3,ckd-0314,0,classical_rbf_svm,0,-1.0262037175591436
6,1,3,ckd-0324,0,classical_rbf_svm,0,-1.470336290170054
6,1,3,ckd-0335,0,classical_rbf_svm,0,-1.3880697277816345
6,1,3,ckd-0345,0,classical_rbf_svm,0,-0.9708156103941572
6,1,3,ckd-0348,0,classical_rbf_svm,0,-1.0952275706064758
6,1,3,ckd-0350,0,classical_rbf_svm,0,-1.2867885508657009
6,1,3,ckd-0351,0,classical_rbf_svm,0,-1.384070553478794
6,1,3,ckd-0357,0,classical_rbf_svm,0,-1.3030684556419387
6,1,3,ckd-0365,0,classical_rbf_svm,0,-1.4343015124309282
6,1,3,ckd-0370,0,classical_rbf_svm,0,-1.0294104337994663
6,1,3,ckd-0371,0,classical_rbf_svm,0,-1.3283337611846153
6,1,3,ckd-0372,0,classical_rbf_svm,0,-1.0143908164262347
6,1,3,ckd-0381,0,classical_rbf_svm,0,-1.122645561501242
6,1,3,ckd-0382,0,classical_rbf_svm,0,-1.1445598109846695
6,1,3,ckd-0001,1,qsvc,1,0.947324289405597
6,1,3,ckd-0002,1,qsvc,1,0.2823948312470701
6,1,3,ckd-0006,1,qsvc,1,1.0614906611220072
6,1,3,ckd-0021,1,qsvc,1,0.9418652687947268
6,1,3,ckd-0023,1,qsvc,1,0.32018992662486107
6,1,3,ckd-0030,1,qsvc,1,0.29774029581924966
6,1,3,ckd-0047,1,qsvc,1,1.181192133852746
6,1,3,ckd-0049,1,qsvc,1,1.0060050123681612
6,1,3,ckd-0051,1,qsvc,1,0.9816127167344677
6,1,3,ckd-0059,1,qsvc,1,0.9452680008115389
6,1,3,ckd-0063,1,qsvc,1,1.0159884719791819
6,1,3,ckd-0066,1,qsvc,1,0.2151325677467517
6,1,3,ckd-0076,1,qsvc,1,0.5953654735569929
6,1,3,ckd-0082,1,qsvc,1,0.8367307364462123
6,1,3,ckd-0085,1,qsvc,1,0.9397697741344765
6,1,3,ckd-0086,1,qsvc,1,0.9023647055322229
6,1,3,ckd-0106,1,qsvc,1,0.9635521703303743
6,1,3,ckd-0116,1,qsvc,1,0.4013584963213719
6,1,3,ckd-0125,1,qsvc,1,1.1458157758892191
6,1,3,ckd-0127,1,qsvc,1,1.0284244951635966
6,1,3,ckd-0133,1,qsvc,0,-1.0244574346013025
6,1,3,ckd-0139,1,qsvc,1,1.202063469317133
6,1,3,ckd-0140,1,qsvc,1,0.9978696739926447
6,1,3,ckd-0147,1,qsvc,1,1.0285015775640627
6,1,3,ckd-0152,1,qsvc,1,1.0526806783476177
6,1,3,ckd-0156,1,qsvc,1,0.9045943920387948
6,1,3,ckd-0196,1,qsvc,1,0.9193673973375348
6,1,3,ckd-0197,1,qsvc,1,0.9929729446785525
6,1,3,ckd-0206,1,qsvc,1,0.8162290250770802
6,1,3,ckd-0210,1,qsvc,0,-0.329773133173339
6,1,3,ckd-0214,1,qsvc,1,1.0500330674198879
6,1,3,ckd-0220,1,qsvc,1,1.0077756121424142
6,1,3,ckd-0230,1,qsvc,1,1.014087669046789
6,1,3,ckd-0231,1,qsvc,1,1.0267820972390436
6,1,3,ckd-0232,1,qsvc,1,1.213887587787388
6,1,3,ckd-0233,1,qsvc,1,1.1980684956676795
6,1,3,ckd-0234,1,qsvc,1,0.9997738752506958
6,1,3,ckd-0237,1,qsvc,1,0.9169026539428473
6,1,3,ckd-0238,1,qsvc,1,0.9682350367156245
6,1,3,ckd-0242,1,qsvc,1,1.1403212985548352
6,1,3,ckd-0252,0,qsvc,0,-0.9674696558742409
6,1,3,ckd-0255,0,qsvc,0,-0.8708174396380658
6,1,3,ckd-0262,0,qsvc,0,-0.9565865999125741
6,1,3,ckd-0271,0,qsvc,0,-0.9529885169644451
6,1,3,ckd-0279,0,qsvc,0,-1.3039653862614085
6,1,3,ckd-0284,0,qsvc,0,-1.2491024969026356
6,1,3,ckd-0290,0,qsvc,0,-1.2276892043401344
6,1,3,ckd-0294,0,qsvc,0,-1.3424989472840023
6,1,3,ckd-0299,0,qsvc,0,-1.0542252026795467
6,1,3,ckd-0303,0,qsvc,0,-1.331027145374196
6,1,3,ckd-0314,0,qsvc,0,-0.45241401897144107
6,1,3,ckd-0324,0,qsvc,0,-1.4043304771289362
6,1,3,ckd-0335,0,qsvc,0,-1.3369811654556454
6,1,3,ckd-0345,0,qsvc,0,-1.183535385688474
6,1,3,ckd-0348,0,qsvc,0,-0.5822460961856516
6,1,3,ckd-0350,0,qsvc,0,-0.9604337142452736
6,1,3,ckd-0351,0,qsvc,0,-1.2251680446155042
6,1,3,ckd-0357,0,qsvc,0,-1.1576003100209662
6,1,3,ckd-0365,0,qsvc,0,-1.4523890597755291
6,1,3,ckd-0370,0,qsvc,0,-1.2077903492512774
6,1,3,ckd-0371,0,qsvc,0,-1.1786126584410797
6,1,3,ckd-0372,0,qsvc,0,-0.8472350321375078
6,1,3,ckd-0381,0,qsvc,0,-1.0046216118198013
6,1,3,ckd-0382,0,qsvc,0,-0.7686985419958122
6,1,4,ckd-0008,1,classical_rbf_svm,1,1.6157113765084057
6,1,4,ckd-0013,1,classical_rbf_svm,1,1.3376631570212294
6,1,4,ckd-0015,1,classical_rbf_svm,1,0.9699619710764512
6,1,4,ckd-0020,1,classical_rbf_svm,1,1.5959391193422585
6,1,4,ckd-0024,1,classical_rbf_svm,1,1.5100368555668735
6,1,4,ckd-0028,1,classical_rbf_svm,1,1.4492992426413869
6,1,4,ckd-0031,1,classical_rbf_svm,1,0.8098835554710285
6,1,4,ckd-0033,1,classical_rbf_svm,1,1.746312535399288
6,1,4,ckd-0045,1,classical_rbf_svm,1,1.2192232716245348
6,1,4,ckd-0069,1,classical_rbf_svm,1,1.5967103079593035
6,1,4,ckd-0083,1,classical_rbf_svm,1,0.7249074386839893
6,1,4,ckd-0094,1,classical_rbf_svm,1,1.2340431344706224
6,1,4,ckd-0096,1,classical_rbf_svm,1,1.1190749090725023
6,1,4,ckd-0098,1,classical_rbf_svm,1,1.881187322190272
6,1,4,ckd-0101,1,classical_rbf_svm,1,1.2724361391276413
6,1,4,ckd-0109,1,classical_rbf_svm,1,1.0675747839187117
6,1,4,ckd-0121,1,classical_rbf_svm,1,1.2586207869762256
6,1,4,ckd-0122,1,classical_rbf_svm,1,1.1450812680476
6,1,4,ckd-0126,1,classical_rbf_svm,1,1.3528607361687404
6,1,4,ckd-0129,1,classical_rbf_svm,1,1.0521749502592135
6,1,4,ckd-0130,1,classical_rbf_svm,1,1.0904170797519095
6,1,4,ckd-0134,1,classical_rbf_svm,1,1.2680743331606483
6,1,4,ckd-0141,1,classical_rbf_svm,1,1.3176944429420836
6,1,4,ckd-0158,1,classical_rbf_svm,1,1.2333763551638577
6,1,4,ckd-0161,1,classical_rbf_svm,1,1.7920830656532232
6,1,4,ckd-0166,1,classical_rbf_svm,1,0.8098835554710285
6,1,4,ckd-0169,1,classical_rbf_svm,1,1.2802127148847795
6,1,4,ckd-0178,1,classical_rbf_svm,1,1.6455498659949939
6,1,4,ckd-0179,1,classical_rbf_svm,1,1.6837307216564894
6,1,4,ckd-0182,1,classical_rbf_svm,1,1.2451010836543934
6,1,4,ckd-0183,1,classical_rbf_svm,1,0.7563805324596731
6,1,4,ckd-0189,1,classical_rbf_svm,1,0.17813871041028562
6,1,4,ckd-0190,1,classical_rbf_svm,1,1.1007549864607773
6,1,4,ckd-0199,1,classical_rbf_svm,1,1.1960995029775061
6,1,4,ckd-0205,1,classical_rbf_svm,1,1.0925087993833658
6,1,4,ckd-0208,1,classical_rbf_svm,1,1.625592667846047
6,1,4,ckd-0217,1,classical_rbf_svm,1,1.33447316776264
6,1,4,ckd-0236,1,classical_rbf_svm,1,1.214400880202001
6,1,4,ckd-0247,1,classical_rbf_svm,1,1.2314699672004847
6,1,4,ckd-0249,1,classical_rbf_svm,1,1.764969100080546
6,1,4,ckd-0259,0,classical_rbf_svm,0,-0.9770792482149575
6,1,4,ckd-0266,0,classical_rbf_svm,0,-1.2127499108376145
6,1,4,ckd-0267,0,classical_rbf_svm,0,-0.4990291013580075
6,1,4,ckd-0273,0,classical_rbf_svm,0,-1.2508576624304444
6,1,4,ckd-0280,0,classical_rbf_svm,0,-1.391790778591801
6,1,4,ckd-0282,0,classical_rbf_svm,0,-1.242514674394536
6,1,4,ckd-0283,0,classical_rbf_svm,0,-1.1414510599564496
6,1,4,ckd-0285,0,classical_rbf_svm,0,-1.094232539055264
6,1,4,ckd-0297,0,classical_rbf_svm,0,-1.097341839688023
6,1,4,ckd-0305,0,classical_rbf_svm,0,-1.0461100231331157
6,1,4,ckd-0312,0,classical_rbf_svm,0,-1.211864690246813
6,1,4,ckd-0319,0,classical_rbf_svm,0,-0.9851889680475714
6,1,4,ckd-0322,0,classical_rbf_svm,0,-1.1515125102959336
6,1,4,ckd-0328,0,classical_rbf_svm,0,-1.0810863814251206
6,1,4,ckd-0332,0,classical_rbf_svm,0,-1.1992531520825918
6,1,4,ckd-0339,0,classical_rbf_svm,0,-1.0791460359769025
6,1,4,ckd-0361,0,classical_rbf_svm,0,-1.3024367264424452
6,1,4,ckd-0364,0,classical_rbf_svm,0,-1.1165297956479447
6,1,4,ckd-0368,0,classical_rbf_svm,0,-1.1051872004524506
6,1,4,ckd-0377,0,classical_rbf_svm,0,-1.107613736641604
6,1,4,ckd-0379,0,classical_rbf_svm,0,-1.294069987311811
6,1,4,ckd-0385,0,classical_rbf_svm,0,-1.1323852214333603
6,1,4,ckd-0391,0,classical_rbf_svm,0,-1.2887829954558583
6,1,4,ckd-0396,0,classical_rbf_svm,0,-1.3487192450161303
6,1,4,ckd-0008,1,qsvc,1,0.9250114508710369
6,1,4,ckd-0013,1,qsvc,1,1.0175166661162194
6,1,4,ckd-0015,1,qsvc,1,0.8907477790805491
6,1,4,ckd-0020,1,qsvc,1,1.0289294823571602
6,1,4,ckd-0024,1,qsvc,1,0.9571854013670041
6,1,4,ckd-0028,1,qsvc,1,1.007941453081693
6,1,4,ckd-0031,1,qsvc,1,1.0462488019038996
6,1,4,ckd-0033,1,qsvc,1,1.0114059559424335
6,1,4,ckd-0045,1,qsvc,1,1.007871385006849
6,1,4,ckd-0069,1,qsvc,1,1.0456012692039511
6,1,4,ckd-0083,1,qsvc,1,0.999574266708396
6,1,4,ckd-0094,1,qsvc,1,1.0064819668831713
6,1,4,ckd-0096,1,qsvc,1,1.1523282723181214
6,1,4,ckd-0098,1,qsvc,1,0.9811654353048971
6,1,4,ckd-0101,1,qsvc,1,1.2420420891419295
6,1,4,ckd-0109,1,qsvc,1,1.270993109267184
6,1,4,ckd-0121,1,qsvc,1,1.028496642552351
6,1,4,ckd-0122,1,qsvc,1,0.8867078227243533
6,1,4,ckd-0126,1,qsvc,1,1.0603089227508493
6,1,4,ckd-0129,1,qsvc,1,1.2293732547009233
6,1,4,ckd-0130,1,qsvc,1,0.9529990237129603
6,1,4,ckd-0134,1,qsvc,1,1.2690035175930057
6,1,4,ckd-0141,1,qsvc,1,1.0000269497745053
6,1,4,ckd-0158,1,qsvc,1,0.9547459394158873
6,1,4,ckd-0161,1,qsvc,1,1.0344304509964353
6,1,4,ckd-0166,1,qsvc,1,1.0462488019038996
6,1,4,ckd-0169,1,qsvc,1,1.1130300607025065
6,1,4,ckd-0178,1,qsvc,1,0.9676714063063758
6,1,4,ckd-0179,1,qsvc,1,0.9625872778857746
6,1,4,ckd-0182,1,qsvc,1,0.9319216843800465
6,1,4,ckd-0183,1,qsvc,1,0.990710309621708
6,1,4,ckd-0189,1,qsvc,1,0.31276603063364283
6,1,4,ckd-0190,1,qsvc,1,1.0096547623759164
6,1,4,ckd-0199,1,qsvc,1,0.9402925018243395
6,1,4,ckd-0205,1,qsvc,1,0.9930541430809681
6,1,4,ckd-0208,1,qsvc,1,1.030627684242728
6,1,4,ckd-0217,1,qsvc,1,1.0136214111108914
6,1,4,ckd-0236,1,qsvc,1,1.1542548621713307
6,1,4,ckd-0247,1,qsvc,1,1.065942171605653
6,1,4,ckd-0249,1,qsvc,1,1.0780809462078693
6,1,4,ckd-0259,0,qsvc,0,-1.2175509521260555
6,1,4,ckd-0266,0,qsvc,0,-1.4243606071792425
6,1,4,ckd-0267,0,qsvc,0,-0.6073780444945335
6,1,4,ckd-0273,0,qsvc,0,-1.3189803708111736
6,1,4,ckd-0280,0,qsvc,0,-1.3872188268546175
6,1,4,ckd-0282,0,qsvc,0,-1.3560057307831674
6,1,4,ckd-0283,0,qsvc,0,-1.3970326447186476
6,1,4,ckd-0285,0,qsvc,0,-0.8472641652329235
6,1,4,ckd-0297,0,qsvc,0,-1.0681820033582468
6,1,4,ckd-0305,0,qsvc,0,-0.7843256563793183
6,1,4,ckd-0312,0,qsvc,0,-1.0837123917814422
6,1,4,ckd-0319,0,qsvc,0,-0.6331784036631395
6,1,4,ckd-0322,0,qsvc,0,-1.33886524407264
6,1,4,ckd-0328,0,qsvc,0,-0.8452002681439298
6,1,4,ckd-0332,0,qsvc,0,-1.0387598788315229
6,1,4,ckd-0339,0,qsvc,0,-0.9641975228137268
6,1,4,ckd-0361,0,qsvc,0,-1.3693936301557454
6,1,4,ckd-0364,0,qsvc,0,-0.7192983024487681
6,1,4,ckd-0368,0,qsvc,0,-0.8511176207506178
6,1,4,ckd-0377,0,qsvc,0,-0.9216488672345627
6,1,4,ckd-0379,0,qsvc,0,-1.4136067244342145
6,1,4,ckd-0385,0,qsvc,0,-1.352541986819448
6,1,4,ckd-0391,0,qsvc,0,-1.1369065898808555
6,1,4,ckd-0396,0,qsvc,0,-1.5332746173970762
6,1,5,ckd-0004,1,classical_rbf_svm,1,0.9851971144558613
6,1,5,ckd-0005,1,classical_rbf_svm,1,1.569854845334751
6,1,5,ckd-0007,1,classical_rbf_svm,1,1.4799341983471201
6,1,5,ckd-0014,1,classical_rbf_svm,1,1.7362648007493808
6,1,5,ckd-0019,1,classical_rbf_svm,1,0.725780515487883
6,1,5,ckd-0022,1,classical_rbf_svm,1,1.742853962593435
6,1,5,ckd-0025,1,classical_rbf_svm,1,1.220024833966572
6,1,5,ckd-0027,1,classical_rbf_svm,1,1.9323277279451307
6,1,5,ckd-0032,1,classical_rbf_svm,1,1.3392646580888061
6,1,5,ckd-0042,1,classical_rbf_svm,1,1.3366580551772123
6,1,5,ckd-0075,1,classical_rbf_svm,1,1.4832051808548126
6,1,5,ckd-0088,1,classical_rbf_svm,1,1.2815264203147587
6,1,5,ckd-0089,1,classical_rbf_svm,1,1.1756053081283442
6,1,5,ckd-0090,1,classical_rbf_svm,1,0.6295286704927373
6,1,5,ckd-0093,1,classical_rbf_svm,1,1.303112665055596
6,1,5,ckd-0105,1,classical_rbf_svm,1,1.3395371081027838
6,1,5,ckd-0107,1,classical_rbf_svm,1,1.0590773595446676
6,1,5,ckd-0112,1,classical_rbf_svm,1,1.2690292491021722
6,1,5,ckd-0113,1,classical_rbf_svm,1,1.4142081237163866
6,1,5,ckd-0117,1,classical_rbf_svm,1,1.2403577722286019
6,1,5,ckd-0119,1,classical_rbf_svm,1,1.3554860400898259
6,1,5,ckd-0128,1,classical_rbf_svm,1,1.210483201103344
6,1,5,ckd-0131,1,classical_rbf_svm,1,1.1150623600772789
6,1,5,ckd-0132,1,classical_rbf_svm,1,1.5350982422594333
6,1,5,ckd-0153,1,classical_rbf_svm,1,1.6893387191809608
6,1,5,ckd-0155,1,classical_rbf_svm,1,0.9578729418102749
6,1,5,ckd-0157,1,classical_rbf_svm,1,1.5633969110310915
6,1,5,ckd-0167,1,classical_rbf_svm,1,0.6295286704927373
6,1,5,ckd-0173,1,classical_rbf_svm,1,1.6498929401790088
6,1,5,ckd-0176,1,classical_rbf_svm,1,1.3366580551772123
6,1,5,ckd-0177,1,classical_rbf_svm,1,0.9973990286060849
6,1,5,ckd-0181,1,classical_rbf_svm,1,1.5175020635751655
6,1,5,ckd-0184,1,classical_rbf_svm,1,1.1700502543954303
6,1,5,ckd-0191,1,classical_rbf_svm,1,1.0594909552218832
6,1,5,ckd-0211,1,classical_rbf_svm,1,1.0148807851710662
6,1,5,ckd-0213,1,classical_rbf_svm,1,1.404261649980688
6,1,5,ckd-0216,1,classical_rbf_svm,1,1.4007595091761469
6,1,5,ckd-0227,1,classical_rbf_svm,1,1.0600834300340372
6,1,5,ckd-0228,1,classical_rbf_svm,1,1.8773687896145042
6,1,5,ckd-0246,1,classical_rbf_svm,1,1.1070360134832713
6,1,5,ckd-0253,0,classical_rbf_svm,0,-1.4834467561281337
6,1,5,ckd-0257,0,classical_rbf_svm,0,-1.1013881143738327
6,1,5,ckd-0265,0,classical_rbf_svm,0,-1.2436094468683265
6,1,5,ckd-0269,0,classical_rbf_svm,0,-1.1004347941958823
6,1,5,ckd-0292,0,classical_rbf_svm,0,-1.168261772850835
6,1,5,ckd-0295,0,classical_rbf_svm,0,-0.6186420674285403
6,1,5,ckd-0300,0,classical_rbf_svm,0,-1.2289418275350972
6,1,5,ckd-0301,0,classical_rbf_svm,0,-1.0912362261226858
6,1,5,ckd-0302,0,classical_rbf_svm,0,-1.158690479514247
6,1,5,ckd-0310,0,classical_rbf_svm,0,-0.9009342012273117
6,1,5,ckd-0316,0,classical_rbf_svm,0,-1.3252910284160548
6,1,5,ckd-0320,0,classical_rbf_svm,0,-0.03451769978691266
6,1,5,ckd-0326,0,classical_rbf_svm,0,-1.1749884326725333
6,1,5,ckd-0334,0,classical_rbf_svm,0,-1.0960846603286702
6,1,5,ckd-0342,0,classical_rbf_svm,0,-0.8134923587644397
6,1,5,ckd-0349,0,classical_rbf_svm,0,-0.8238972180576846
6,1,5,ckd-0352,0,classical_rbf_svm,0,-0.8664703645306241
6,1,5,ckd-0362,0,classical_rbf_svm,0,-0.9678195673384801
6,1,5,ckd-0369,0,classical_rbf_svm,0,-1.4424708025966195
6,1,5,ckd-0376,0,classical_rbf_svm,0,-1.3347515297292047
6,1,5,ckd-0386,0,classical_rbf_svm,0,-1.145181723621305
6,1,5,ckd-0389,0,classical_rbf_svm,0,-1.3222700989735947
6,1,5,ckd-0393,0,classical_rbf_svm,0,-1.2515313067976472
6,1,5,ckd-0398,0,classical_rbf_svm,0,-1.3426384219354963
6,1,5,ckd-0004,1,qsvc,1,1.0607445055009628
6,1,5,ckd-0005,1,qsvc,1,1.062996980905765
6,1,5,ckd-0007,1,qsvc,1,1.2470760265215877
6,1,5,ckd-0014,1,qsvc,1,0.9411601910125458
6,1,5,ckd-0019,1,qsvc,1,1.0507510038646564
6,1,5,ckd-0022,1,qsvc,1,1.1189490110313043
6,1,5,ckd-0025,1,qsvc,1,1.0813762823750563
6,1,5,ckd-0027,1,qsvc,1,0.9982839210716099
6,1,5,ckd-0032,1,qsvc,1,1.0033229566014823
6,1,5,ckd-0042,1,qsvc,1,0.8203771378678635
6,1,5,ckd-0075,1,qsvc,1,0.9414333608718919
6,1,5,ckd-0088,1,qsvc,1,1.009854973146708
6,1,5,ckd-0089,1,qsvc,1,0.9929308441958297
6,1,5,ckd-0090,1,qsvc,1,0.9999568922684781
6,1,5,ckd-0093,1,qsvc,1,1.073245070331615
6,1,5,ckd-0105,1,qsvc,1,1.063637987928912
6,1,5,ckd-0107,1,qsvc,1,1.0394794289241678
6,1,5,ckd-0112,1,qsvc,1,1.056681399231204
6,1,5,ckd-0113,1,qsvc,1,1.0886168196393529
6,1,5,ckd-0117,1,qsvc,1,1.3347148268673443
6,1,5,ckd-0119,1,qsvc,1,0.93706555390327
6,1,5,ckd-0128,1,qsvc,1,0.9991923596122781
6,1,5,ckd-0131,1,qsvc,1,1.106352165239478
6,1,5,ckd-0132,1,qsvc,1,1.3728754803274454
6,1,5,ckd-0153,1,qsvc,1,1.0684507963034735
6,1,5,ckd-0155,1,qsvc,1,0.9544735566527499
6,1,5,ckd-0157,1,qsvc,1,1.0000074699963692
6,1,5,ckd-0167,1,qsvc,1,0.9999568922684781
6,1,5,ckd-0173,1,qsvc,1,1.1109052463351556
6,1,5,ckd-0176,1,qsvc,1,0.8203771378678635
6,1,5,ckd-0177,1,qsvc,0,-0.6044824005795719
6,1,5,ckd-0181,1,qsvc,1,0.9782671267846503
6,1,5,ckd-0184,1,qsvc,1,1.158648334626327
6,1,5,ckd-0191,1,qsvc,1,0.737153801288994
6,1,5,ckd-0211,1,qsvc,1,1.1615075906131682
6,1,5,ckd-0213,1,qsvc,1,1.0131210395243069
6,1,5,ckd-0216,1,qsvc,1,0.827557175064869
6,1,5,ckd-0227,1,qsvc,1,1.2524595424748406
6,1,5,ckd-0228,1,qsvc,1,1.1152692414465064
6,1,5,ckd-0246,1,qsvc,1,0.35723369089231105
6,1,5,ckd-0253,0,qsvc,0,-1.724647105344035
6,1,5,ckd-0257,0,qsvc,0,-1.070411795928834
6,1,5,ckd-0265,0,qsvc,0,-1.2297291035163334
6,1,5,ckd-0269,0,qsvc,0,-0.5809332858745115
6,1,5,ckd-0292,0,qsvc,0,-1.2307306959317115
6,1,5,ckd-0295,0,qsvc,0,-0.7254654250701817
6,1,5,ckd-0300,0,qsvc,0,-1.0077219777287187
6,1,5,ckd-0301,0,qsvc,0,-1.3473464654906404
6,1,5,ckd-0302,0,qsvc,0,-1.0086268082890806
6,1,5,ckd-0310,0,qsvc,0,-0.690971750793747
6,1,5,ckd-0316,0,qsvc,0,-1.3256752432646703
6,1,5,ckd-0320,0,qsvc,1,0.1518652715200045
6,1,5,ckd-0326,0,qsvc,0,-1.1539618210979106
6,1,5,ckd-0334,0,qsvc,0,-0.8900505783336852
6,1,5,ckd-0342,0,qsvc,0,-0.4276129174173289
6,1,5,ckd-0349,0,qsvc,0,-1.0441727516785986
6,1,5,ckd-0352,0,qsvc,0,-0.5333256767960852
6,1,5,ckd-0362,0,qsvc,0,-0.39045757118410074
6,1,5,ckd-0369,0,qsvc,0,-1.6490001581691784
6,1,5,ckd-0376,0,qsvc,0,-1.4267807169778395
6,1,5,ckd-0386,0,qsvc,0,-0.6157264401590932
6,1,5,ckd-0389,0,qsvc,0,-1.4795776809427597
6,1,5,ckd-0393,0,qsvc,0,-1.4798218373812089
6,1,5,ckd-0398,0,qsvc,0,-1.2358162590211446
6,2,1,ckd-0002,1,classical_rbf_svm,1,1.1634721213607786
6,2,1,ckd-0007,1,classical_rbf_svm,1,1.3116512309052983
6,2,1,ckd-0009,1,classical_rbf_svm,1,1.457309042783796
6,2,1,ckd-0014,1,classical_rbf_svm,1,1.7415121396624103
6,2,1,ckd-0015,1,classical_rbf_svm,1,0.9648476730419471
6,2,1,ckd-0018,1,classical_rbf_svm,1,0.9575413278412183
6,2,1,ckd-0027,1,classical_rbf_svm,1,1.934303738603397
6,2,1,ckd-0038,1,classical_rbf_svm,1,1.7463178812697433
6,2,1,ckd-0047,1,classical_rbf_svm,1,1.5669621402157037
6,2,1,ckd-0049,1,classical_rbf_svm,1,1.1431234777105226
6,2,1,ckd-0058,1,classical_rbf_svm,1,1.4540934083206005
6,2,1,ckd-0066,1,classical_rbf_svm,1,0.6550081483641286
6,2,1,ckd-0069,1,classical_rbf_svm,1,1.432670190109648
6,2,1,ckd-0076,1,classical_rbf_svm,1,1.363761858111465
6,2,1,ckd-0080,1,classical_rbf_svm,1,1.5132581332340342
6,2,1,ckd-0082,1,classical_rbf_svm,1,1.5721510051270209
6,2,1,ckd-0093,1,classical_rbf_svm,1,1.2909668385132418
6,2,1,ckd-0102,1,classical_rbf_svm,1,1.5130485871986112
6,2,1,ckd-0105,1,classical_rbf_svm,1,1.4540934083206005
6,2,1,ckd-0108,1,classical_rbf_svm,1,1.8555273378966666
6,2,1,ckd-0114,1,classical_rbf_svm,1,1.6662163204414415
6,2,1,ckd-0116,1,classical_rbf_svm,1,0.9515813944394447
6,2,1,ckd-0128,1,classical_rbf_svm,1,1.245403287413859
6,2,1,ckd-0129,1,classical_rbf_svm,1,1.0486036514909265
6,2,1,ckd-0132,1,classical_rbf_svm,1,1.3732351462354138
6,2,1,ckd-0138,1,classical_rbf_svm,1,1.367184524032572
6,2,1,ckd-0140,1,classical_rbf_svm,1,1.522616900111679
6,2,1,ckd-0150,1,classical_rbf_svm,1,1.3965835990461426
6,2,1,ckd-0173,1,classical_rbf_svm,1,1.5053971237603452
6,2,1,ckd-0174,1,classical_rbf_svm,1,0.8118691222665723
6,2,1,ckd-0181,1,classical_rbf_svm,1,1.4457932683520158
6,2,1,ckd-0183,1,classical_rbf_svm,1,0.9251135759715081
6,2,1,ckd-0195,1,classical_rbf_svm,1,1.473538125376486
6,2,1,ckd-0202,1,classical_rbf_svm,1,1.2557689714621318
6,2,1,ckd-0205,1,classical_rbf_svm,1,1.079259956917023
6,2,1,ckd-0206,1,classical_rbf_svm,1,0.6568157577148405
6,2,1,ckd-0215,1,classical_rbf_svm,1,0.8868896412151605
6,2,1,ckd-0221,1,classical_rbf_svm,1,1.3643051326658422
6,2,1,ckd-0236,1,classical_rbf_svm,1,1.1739274436804874
6,2,1,ckd-0249,1,classical_rbf_svm,1,1.5769135312150664
6,2,1,ckd-0252,0,classical_rbf_svm,0,-1.0914115594291238
6,2,1,ckd-0259,0,classical_rbf_svm,0,-0.8714112274841501
6,2,1,ckd-0267,0,classical_rbf_svm,0,-0.34569711166451755
6,2,1,ckd-0270,0,classical_rbf_svm,0,-1.4750251624575599
6,2,1,ckd-0276,0,classical_rbf_svm,0,-1.1471641039636784
6,2,1,ckd-0297,0,classical_rbf_svm,0,-1.0152520486489085
6,2,1,ckd-0305,0,classical_rbf_svm,0,-1.0518346811358985
6,2,1,ckd-0308,0,classical_rbf_svm,0,-0.7841184169961406
6,2,1,ckd-0312,0,classical_rbf_svm,0,-1.2173117350676144
6,2,1,ckd-0313,0,classical_rbf_svm,0,-1.2933316598399531
6,2,1,ckd-0314,0,classical_rbf_svm,0,-0.9735905511600644
6,2,1,ckd-0317,0,classical_rbf_svm,0,-1.2973230450990276
6,2,1,ckd-0318,0,classical_rbf_svm,0,-0.7598551913930143
6,2,1,ckd-0326,0,classical_rbf_svm,0,-1.154185118832557
6,2,1,ckd-0327,0,classical_rbf_svm,0,-0.980882354825952
6,2,1,ckd-0339,0,classical_rbf_svm,0,-1.0408856440582832
6,2,1,ckd-0345,0,classical_rbf_svm,0,-0.822704691510227
6,2,1,ckd-0357,0,classical_rbf_svm,0,-1.2969283769913305
6,2,1,ckd-0364,0,classical_rbf_svm,0,-1.136554553399668
6,2,1,ckd-0372,0,classical_rbf_svm,0,-1.0164216233899905
6,2,1,ckd-0376,0,classical_rbf_svm,0,-1.2814592125540885
6,2,1,ckd-0379,0,classical_rbf_svm,0,-1.27851591926731
6,2,1,ckd-0385,0,classical_rbf_svm,0,-1.0186285133471673
6,2,1,ckd-0397,0,classical_rbf_svm,0,-1.0266648960711608
6,2,1,ckd-0002,1,qsvc,1,0.46311215242446835
6,2,1,ckd-0007,1,qsvc,1,1.3755545830142113
6,2,1,ckd-0009,1,qsvc,1,1.022782474590795
6,2,1,ckd-0014,1,qsvc,1,0.9130391132341388
6,2,1,ckd-0015,1,qsvc,1,0.8990586134100057
6,2,1,ckd-0018,1,qsvc,1,0.964698227488413
6,2,1,ckd-0027,1,qsvc,1,0.9950322371736579
6,2,1,ckd-0038,1,qsvc,1,1.0249223087749106
6,2,1,ckd-0047,1,qsvc,1,1.1465868607036795
6,2,1,ckd-0049,1,qsvc,1,1.0072266895463344
6,2,1,ckd-0058,1,qsvc,1,1.0334739932015304
6,2,1,ckd-0066,1,qsvc,1,0.11647853732366287
6,2,1,ckd-0069,1,qsvc,1,1.0421988863241356
6,2,1,ckd-0076,1,qsvc,1,0.5944641536217559
6,2,1,ckd-0080,1,qsvc,1,0.984309265063828
6,2,1,ckd-0082,1,qsvc,1,0.9022988456972564
6,2,1,ckd-0093,1,qsvc,1,1.0329220340783922
6,2,1,ckd-0102,1,qsvc,1,0.9339007154297289
6,2,1,ckd-0105,1,qsvc,1,1.0334739932015304
6,2,1,ckd-0108,1,qsvc,1,1.0539987151577799
6,2,1,ckd-0114,1,qsvc,1,0.9994935568435792
6,2,1,ckd-0116,1,qsvc,1,0.3765988938430585
6,2,1,ckd-0128,1,qsvc,1,1.0015667510436834
6,2,1,ckd-0129,1,qsvc,1,1.2198521073111581
6,2,1,ckd-0132,1,qsvc,1,1.4855054990072956
6,2,1,ckd-0138,1,qsvc,1,0.9649518200474895
6,2,1,ckd-0140,1,qsvc,1,0.9343223211195784
6,2,1,ckd-0150,1,qsvc,1,1.045017337333843
6,2,1,ckd-0173,1,qsvc,1,1.0752104403288725
6,2,1,ckd-0174,1,qsvc,1,1.155818308619168
6,2,1,ckd-0181,1,qsvc,1,0.9813159732273008
6,2,1,ckd-0183,1,qsvc,1,0.9984931367677512
6,2,1,ckd-0195,1,qsvc,1,1.062620482820576
6,2,1,ckd-0202,1,qsvc,1,1.0440715436331502
6,2,1,ckd-0205,1,qsvc,1,1.0010999564184044
6,2,1,ckd-0206,1,qsvc,1,0.8158385719299571
6,2,1,ckd-0215,1,qsvc,1,1.1307992260354924
6,2,1,ckd-0221,1,qsvc,1,1.4772615204196855
6,2,1,ckd-0236,1,qsvc,1,1.051327546818348
6,2,1,ckd-0249,1,qsvc,1,1.0798791507418342
6,2,1,ckd-0252,0,qsvc,0,-0.8475168342718832
6,2,1,ckd-0259,0,qsvc,0,-1.1124080620210761
6,2,1,ckd-0267,0,qsvc,0,-0.5388962238930955
6,2,1,ckd-0270,0,qsvc,0,-1.6497324187070914
6,2,1,ckd-0276,0,qsvc,0,-1.2456562687917905
6,2,1,ckd-0297,0,qsvc,0,-1.047072632932605
6,2,1,ckd-0305,0,qsvc,0,-1.0013550029328213
6,2,1,ckd-0308,0,qsvc,0,-1.0450328630017394
6,2,1,ckd-0312,0,qsvc,0,-1.2699564594269992
6,2,1,ckd-0313,0,qsvc,0,-1.383519673107529
6,2,1,ckd-0314,0,qsvc,0,-0.2868586390236748
6,2,1,ckd-0317,0,qsvc,0,-1.3743571975254052
6,2,1,ckd-0318,0,qsvc,0,-0.9892816482100438
6,2,1,ckd-0326,0,qsvc,0,-1.2078813318794412
6,2,1,ckd-0327,0,qsvc,0,-1.156717445685071
6,2,1,ckd-0339,0,qsvc,0,-1.0262139266381385
6,2,1,ckd-0345,0,qsvc,0,-1.0289630581416
6,2,1,ckd-0357,0,qsvc,0,-1.296287642325288
6,2,1,ckd-0364,0,qsvc,0,-0.8840922638371197
6,2,1,ckd-0372,0,qsvc,0,-0.7361091185579541
6,2,1,ckd-0376,0,qsvc,0,-1.395069348313458
6,2,1,ckd-0379,0,qsvc,0,-1.442398604644631
6,2,1,ckd-0385,0,qsvc,0,-1.2097919918672808
6,2,1,ckd-0397,0,qsvc,0,-0.7807972692732225
6,2,2,ckd-0001,1,classical_rbf_svm,1,0.1882496920567418
6,2,2,ckd-0003,1,classical_rbf_svm,1,1.46480361021523
6,2,2,ckd-0012,1,classical_rbf_svm,1,1.3223039111653896
6,2,2,ckd-0026,1,classical_rbf_svm,1,1.557815441732969
6,2,2,ckd-0028,1,classical_rbf_svm,1,1.4384678358976295
6,2,2,ckd-0036,1,classical_rbf_svm,1,1.6870113530375743
6,2,2,ckd-0040,1,classical_rbf_svm,1,1.6529923072122275
6,2,2,ckd-0052,1,classical_rbf_svm,1,1.4615405087598363
6,2,2,ckd-0057,1,classical_rbf_svm,1,1.3960714165929415
6,2,2,ckd-0064,1,classical_rbf_svm,1,1.469139756350703
6,2,2,ckd-0068,1,classical_rbf_svm,1,1.223839782218799
6,2,2,ckd-0078,1,classical_rbf_svm,1,1.804767763800765
6,2,2,ckd-0088,1,classical_rbf_svm,1,1.3430767347572248
6,2,2,ckd-0090,1,classical_rbf_svm,1,0.6677849333598493
6,2,2,ckd-0092,1,classical_rbf_svm,1,1.0324418918380593
6,2,2,ckd-0101,1,classical_rbf_svm,1,1.2391421949079855
6,2,2,ckd-0109,1,classical_rbf_svm,1,1.2489883350380828
6,2,2,ckd-0113,1,classical_rbf_svm,1,1.420016516142586
6,2,2,ckd-0120,1,classical_rbf_svm,1,1.3840008870420115
6,2,2,ckd-0125,1,classical_rbf_svm,1,1.6360618101478477
6,2,2,ckd-0127,1,classical_rbf_svm,1,1.9532904463317338
6,2,2,ckd-0130,1,classical_rbf_svm,1,0.8793654972631183
6,2,2,ckd-0134,1,classical_rbf_svm,1,1.2379304587403004
6,2,2,ckd-0139,1,classical_rbf_svm,1,1.5584693303692048
6,2,2,ckd-0153,1,classical_rbf_svm,1,1.755767564946788
6,2,2,ckd-0158,1,classical_rbf_svm,1,1.1149753464807028
6,2,2,ckd-0170,1,classical_rbf_svm,1,1.4496829220887197
6,2,2,ckd-0172,1,classical_rbf_svm,1,1.2101101844686917
6,2,2,ckd-0186,1,classical_rbf_svm,1,1.0355968129282722
6,2,2,ckd-0191,1,classical_rbf_svm,1,1.102494814831119
6,2,2,ckd-0199,1,classical_rbf_svm,1,1.1564239087340487
6,2,2,ckd-0201,1,classical_rbf_svm,1,1.1286608755339493
6,2,2,ckd-0203,1,classical_rbf_svm,1,1.51210365960767
6,2,2,ckd-0204,1,classical_rbf_svm,1,1.6938720316784983
6,2,2,ckd-0211,1,classical_rbf_svm,1,1.0201144548113683
6,2,2,ckd-0213,1,classical_rbf_svm,1,1.4348269494223893
6,2,2,ckd-0217,1,classical_rbf_svm,1,1.4181476646044384
6,2,2,ckd-0226,1,classical_rbf_svm,1,1.4164504270104668
6,2,2,ckd-0238,1,classical_rbf_svm,1,1.7227544486653303
6,2,2,ckd-0248,1,classical_rbf_svm,1,0.49799229820959334
6,2,2,ckd-0251,0,classical_rbf_svm,0,-1.497678243235232
6,2,2,ckd-0253,0,classical_rbf_svm,0,-1.4981426463631684
6,2,2,ckd-0257,0,classical_rbf_svm,0,-1.1422260239345152
6,2,2,ckd-0260,0,classical_rbf_svm,0,-1.352862021375508
6,2,2,ckd-0263,0,classical_rbf_svm,0,-1.2330770660361128
6,2,2,ckd-0266,0,classical_rbf_svm,0,-1.2338492580754723
6,2,2,ckd-0271,0,classical_rbf_svm,0,-1.0984376124769075
6,2,2,ckd-0272,0,classical_rbf_svm,0,-1.0582408311181064
6,2,2,ckd-0282,0,classical_rbf_svm,0,-1.2747719066269316
6,2,2,ckd-0288,0,classical_rbf_svm,0,-1.0175430517328197
6,2,2,ckd-0290,0,classical_rbf_svm,0,-1.2501720820131226
6,2,2,ckd-0294,0,classical_rbf_svm,0,-1.3493210415893948
6,2,2,ckd-0302,0,classical_rbf_svm,0,-1.2109293539862982
6,2,2,ckd-0306,0,classical_rbf_svm,0,-1.0916065506466899
6,2,2,ckd-0315,0,classical_rbf_svm,0,-1.2797632552517548
6,2,2,ckd-0319,0,classical_rbf_svm,0,-0.9840657049007984
6,2,2,ckd-0325,0,classical_rbf_svm,0,-0.05381411221422139
6,2,2,ckd-0332,0,classical_rbf_svm,0,-1.2206673381853506
6,2,2,ckd-0335,0,classical_rbf_svm,0,-1.408598936007182
6,2,2,ckd-0369,0,classical_rbf_svm,0,-1.4620961083399435
6,2,2,ckd-0388,0,classical_rbf_svm,0,-1.2798051318629988
6,2,2,ckd-0393,0,classical_rbf_svm,0,-1.2955411568698016
6,2,2,ckd-0395,0,classical_rbf_svm,0,-1.0916743526258035
6,2,2,ckd-0396,0,classical_rbf_svm,0,-1.3926690991690172
6,2,2,ckd-0001,1,qsvc,1,0.9570796466075364
6,2,2,ckd-0003,1,qsvc,1,0.9616596302368686
6,2,2,ckd-0012,1,qsvc,1,0.9861888329045216
6,2,2,ckd-0026,1,qsvc,1,1.0023181963433003
6,2,2,ckd-0028,1,qsvc,1,1.018679809803392
6,2,2,ckd-0036,1,qsvc,1,0.9685683325808658
6,2,2,ckd-0040,1,qsvc,1,1.0518522558042078
6,2,2,ckd-0052,1,qsvc,1,1.0263261762157614
6,2,2,ckd-0057,1,qsvc,1,1.018396757603817
6,2,2,ckd-0064,1,qsvc,1,0.8681633052133181
6,2,2,ckd-0068,1,qsvc,1,0.9500261977353724
6,2,2,ckd-0078,1,qsvc,1,1.0819163760866042
6,2,2,ckd-0088,1,qsvc,1,0.9846486221868002
6,2,2,ckd-0090,1,qsvc,1,0.9999739384909563
6,2,2,ckd-0092,1,qsvc,1,0.7263299108556283
6,2,2,ckd-0101,1,qsvc,1,1.3254650926910685
6,2,2,ckd-0109,1,qsvc,1,1.3503926132265134
6,2,2,ckd-0113,1,qsvc,1,1.0878063169126087
6,2,2,ckd-0120,1,qsvc,1,0.9997582602698787
6,2,2,ckd-0125,1,qsvc,1,1.0685581262338293
6,2,2,ckd-0127,1,qsvc,1,1.0135861325907924
6,2,2,ckd-0130,1,qsvc,1,0.945404818024902
6,2,2,ckd-0134,1,qsvc,1,1.3487855077722908
6,2,2,ckd-0139,1,qsvc,1,1.2691328857892745
6,2,2,ckd-0153,1,qsvc,1,1.1267509149726105
6,2,2,ckd-0158,1,qsvc,1,0.9780200831930964
6,2,2,ckd-0170,1,qsvc,1,0.8612968131756666
6,2,2,ckd-0172,1,qsvc,1,0.7896806084554724
6,2,2,ckd-0186,1,qsvc,1,1.1067593771297157
6,2,2,ckd-0191,1,qsvc,1,0.8299608139312024
6,2,2,ckd-0199,1,qsvc,1,0.9268395738405149
6,2,2,ckd-0201,1,qsvc,1,1.0975618660589308
6,2,2,ckd-0203,1,qsvc,1,0.9680728708433115
6,2,2,ckd-0204,1,qsvc,1,0.889897375743552
6,2,2,ckd-0211,1,qsvc,1,1.1060607816126107
6,2,2,ckd-0213,1,qsvc,1,1.013400910371429
6,2,2,ckd-0217,1,qsvc,1,1.1257881069534936
6,2,2,ckd-0226,1,qsvc,1,1.0687610591519392
6,2,2,ckd-0238,1,qsvc,1,0.9926525950646997
6,2,2,ckd-0248,1,qsvc,1,1.0092234242150127
6,2,2,ckd-0251,0,qsvc,0,-1.6134866807931574
6,2,2,ckd-0253,0,qsvc,0,-1.6597671191507541
6,2,2,ckd-0257,0,qsvc,0,-0.9518940093762744
6,2,2,ckd-0260,0,qsvc,0,-1.5125110437472107
6,2,2,ckd-0263,0,qsvc,0,-1.4098344952946533
6,2,2,ckd-0266,0,qsvc,0,-1.5375226447393593
6,2,2,ckd-0271,0,qsvc,0,-0.8479556384763052
6,2,2,ckd-0272,0,qsvc,0,-0.7342305117873211
6,2,2,ckd-0282,0,qsvc,0,-1.2709259174719327
6,2,2,ckd-0288,0,qsvc,0,-0.6936969387799572
6,2,2,ckd-0290,0,qsvc,0,-1.309112371820798
6,2,2,ckd-0294,0,qsvc,0,-1.6378247431120965
6,2,2,ckd-0302,0,qsvc,0,-1.0090436573473938
6,2,2,ckd-0306,0,qsvc,0,-0.96562657545019
6,2,2,ckd-0315,0,qsvc,0,-1.2803616379568319
6,2,2,ckd-0319,0,qsvc,0,-0.8104382632619958
6,2,2,ckd-0325,0,qsvc,1,0.01707384285946012
6,2,2,ckd-0332,0,qsvc,0,-1.1482130978027287
6,2,2,ckd-0335,0,qsvc,0,-1.4847767014435695
6,2,2,ckd-0369,0,qsvc,0,-1.5579060658337833
6,2,2,ckd-0388,0,qsvc,0,-1.3075558412517725
6,2,2,ckd-0393,0,qsvc,0,-1.5798789966199616
6,2,2,ckd-0395,0,qsvc,0,-1.356391852458391
6,2,2,ckd-0396,0,qsvc,0,-1.6039525822288363
6,2,3,ckd-0022,1,classical_rbf_svm,1,1.767601199596272
6,2,3,ckd-0025,1,classical_rbf_svm,1,1.2672460118438569
6,2,3,ckd-0029,1,classical_rbf_svm,1,1.3279889780437208
6,2,3,ckd-0030,1,classical_rbf_svm,1,1.431621842215459
6,2,3,ckd-0034,1,classical_rbf_svm,1,1.598809983927028
6,2,3,ckd-0042,1,classical_rbf_svm,1,1.3701287887474454
6,2,3,ckd-0048,1,classical_rbf_svm,1,1.2814466973023984
6,2,3,ckd-0055,1,classical_rbf_svm,1,1.5575803868256592
6,2,3,ckd-0063,1,classical_rbf_svm,1,1.4835100961877037
6,2,3,ckd-0074,1,classical_rbf_svm,1,0.9430955945955797
6,2,3,ckd-0081,1,classical_rbf_svm,1,1.6321911544253498
6,2,3,ckd-0085,1,classical_rbf_svm,1,1.0422805678984406
6,2,3,ckd-0089,1,classical_rbf_svm,1,1.2077606368957106
6,2,3,ckd-0094,1,classical_rbf_svm,1,1.2195912867258794
6,2,3,ckd-0095,1,classical_rbf_svm,1,1.7373859431303877
6,2,3,ckd-0097,1,classical_rbf_svm,1,1.8010829849394268
6,2,3,ckd-0112,1,classical_rbf_svm,1,1.3013542032093852
6,2,3,ckd-0115,1,classical_rbf_svm,1,1.4583101323201912
6,2,3,ckd-0119,1,classical_rbf_svm,1,1.4170621295748194
6,2,3,ckd-0121,1,classical_rbf_svm,1,1.3575698634735103
6,2,3,ckd-0123,1,classical_rbf_svm,1,1.2162695088925133
6,2,3,ckd-0126,1,classical_rbf_svm,1,1.5195076122426139
6,2,3,ckd-0146,1,classical_rbf_svm,1,0.9663506265140135
6,2,3,ckd-0147,1,classical_rbf_svm,1,1.761091560042389
6,2,3,ckd-0160,1,classical_rbf_svm,1,1.7414048077059434
6,2,3,ckd-0161,1,classical_rbf_svm,1,2.011384079845051
6,2,3,ckd-0169,1,classical_rbf_svm,1,1.278752166166106
6,2,3,ckd-0171,1,classical_rbf_svm,1,1.743410420001114
6,2,3,ckd-0175,1,classical_rbf_svm,1,1.0883902224104682
6,2,3,ckd-0176,1,classical_rbf_svm,1,1.3701287887474454
6,2,3,ckd-0177,1,classical_rbf_svm,1,1.0067373374030941
6,2,3,ckd-0188,1,classical_rbf_svm,1,1.5616521251766162
6,2,3,ckd-0194,1,classical_rbf_svm,1,0.9316984126437354
6,2,3,ckd-0197,1,classical_rbf_svm,1,1.101457375201729
6,2,3,ckd-0207,1,classical_rbf_svm,1,1.3843940327446047
6,2,3,ckd-0218,1,classical_rbf_svm,1,1.78821919907787
6,2,3,ckd-0222,1,classical_rbf_svm,1,1.3279889780437208
6,2,3,ckd-0224,1,classical_rbf_svm,1,1.6262089615732593
6,2,3,ckd-0231,1,classical_rbf_svm,1,1.672553243062094
6,2,3,ckd-0242,1,classical_rbf_svm,1,1.6985197585062015
6,2,3,ckd-0258,0,classical_rbf_svm,0,-1.1237301579608683
6,2,3,ckd-0262,0,classical_rbf_svm,0,-1.069691540581619
6,2,3,ckd-0269,0,classical_rbf_svm,0,-1.1143732480373103
6,2,3,ckd-0273,0,classical_rbf_svm,0,-1.2721408423744498
6,2,3,ckd-0274,0,classical_rbf_svm,0,-0.0063983311118622765
6,2,3,ckd-0289,0,classical_rbf_svm,0,-1.4203468655509972
6,2,3,ckd-0299,0,classical_rbf_svm,0,-1.0589470953108446
6,2,3,ckd-0307,0,classical_rbf_svm,0,-1.2586466493378723
6,2,3,ckd-0310,0,classical_rbf_svm,0,-0.9734415486697465
6,2,3,ckd-0328,0,classical_rbf_svm,0,-1.0766198075542472
6,2,3,ckd-0334,0,classical_rbf_svm,0,-1.1195824329187607
6,2,3,ckd-0348,0,classical_rbf_svm,0,-1.1037859594070132
6,2,3,ckd-0351,0,classical_rbf_svm,0,-1.4047087742675803
6,2,3,ckd-0355,0,classical_rbf_svm,0,-1.1449369837699226
6,2,3,ckd-0365,0,classical_rbf_svm,0,-1.4587932105784127
6,2,3,ckd-0368,0,classical_rbf_svm,0,-1.1314493915195312
6,2,3,ckd-0371,0,classical_rbf_svm,0,-1.3119332422378156
6,2,3,ckd-0373,0,classical_rbf_svm,0,-1.2540390846570328
6,2,3,ckd-0374,0,classical_rbf_svm,0,-1.302923736307027
6,2,3,ckd-0377,0,classical_rbf_svm,0,-1.1341860771116083
6,2,3,ckd-0381,0,classical_rbf_svm,0,-1.1140610243069589
6,2,3,ckd-0389,0,classical_rbf_svm,0,-1.372642263625815
6,2,3,ckd-0391,0,classical_rbf_svm,0,-1.3326374503070724
6,2,3,ckd-0399,0,classical_rbf_svm,0,-1.3369187920308294
6,2,3,ckd-0022,1,qsvc,1,1.055839437817913
6,2,3,ckd-0025,1,qsvc,1,1.0599793063809195
6,2,3,ckd-0029,1,qsvc,1,1.0070612304089988
6,2,3,ckd-0030,1,qsvc,1,0.4150515392800869
6,2,3,ckd-0034,1,qsvc,1,1.0184663873543993
6,2,3,ckd-0042,1,qsvc,1,0.883499522435384
6,2,3,ckd-0048,1,qsvc,1,0.13428587435406913
6,2,3,ckd-0055,1,qsvc,1,1.1077120184915477
6,2,3,ckd-0063,1,qsvc,1,1.0156431191283475
6,2,3,ckd-0074,1,qsvc,1,1.0159233709064477
6,2,3,ckd-0081,1,qsvc,1,1.0283471208240873
6,2,3,ckd-0085,1,qsvc,1,0.7054049998744866
6,2,3,ckd-0089,1,qsvc,1,0.9951458743979593
6,2,3,ckd-0094,1,qsvc,1,1.0161783881516644
6,2,3,ckd-0095,1,qsvc,1,1.1361842114407763
6,2,3,ckd-0097,1,qsvc,1,1.0099022537208269
6,2,3,ckd-0112,1,qsvc,1,1.0307989731602556
6,2,3,ckd-0115,1,qsvc,1,1.1504757711068232
6,2,3,ckd-0119,1,qsvc,1,0.9753460999191946
6,2,3,ckd-0121,1,qsvc,1,1.026854314529471
6,2,3,ckd-0123,1,qsvc,0,-1.0444828381939657
6,2,3,ckd-0126,1,qsvc,1,1.0544125601878178
6,2,3,ckd-0146,1,qsvc,1,0.9921959113420995
6,2,3,ckd-0147,1,qsvc,1,0.983471257701714
6,2,3,ckd-0160,1,qsvc,1,0.989841492939267
6,2,3,ckd-0161,1,qsvc,1,1.0738481824086363
6,2,3,ckd-0169,1,qsvc,1,1.1013917293688988
6,2,3,ckd-0171,1,qsvc,1,0.9142516384044247
6,2,3,ckd-0175,1,qsvc,1,1.041898978517179
6,2,3,ckd-0176,1,qsvc,1,0.883499522435384
6,2,3,ckd-0177,1,qsvc,0,-0.684696355587613
6,2,3,ckd-0188,1,qsvc,1,1.016897699162958
6,2,3,ckd-0194,1,qsvc,1,0.990186940785216
6,2,3,ckd-0197,1,qsvc,1,0.9568480255372841
6,2,3,ckd-0207,1,qsvc,1,0.6145287604913103
6,2,3,ckd-0218,1,qsvc,1,1.0226245108336696
6,2,3,ckd-0222,1,qsvc,1,1.0070612304089988
6,2,3,ckd-0224,1,qsvc,1,0.9758114438931003
6,2,3,ckd-0231,1,qsvc,1,1.0254476052869668
6,2,3,ckd-0242,1,qsvc,1,1.0816719270448916
6,2,3,ckd-0258,0,qsvc,0,-1.2854659790768448
6,2,3,ckd-0262,0,qsvc,0,-0.9140585138591032
6,2,3,ckd-0269,0,qsvc,0,-0.6200575234480569
6,2,3,ckd-0273,0,qsvc,0,-1.4958659802424994
6,2,3,ckd-0274,0,qsvc,0,-0.12568360345586016
6,2,3,ckd-0289,0,qsvc,0,-1.434189704900954
6,2,3,ckd-0299,0,qsvc,0,-1.1315834982420188
6,2,3,ckd-0307,0,qsvc,0,-0.9912656305910054
6,2,3,ckd-0310,0,qsvc,0,-0.694411961319238
6,2,3,ckd-0328,0,qsvc,0,-1.0469746581209254
6,2,3,ckd-0334,0,qsvc,0,-0.9013116235310902
6,2,3,ckd-0348,0,qsvc,0,-0.6624470984713146
6,2,3,ckd-0351,0,qsvc,0,-1.5715862727905252
6,2,3,ckd-0355,0,qsvc,0,-1.2935601315168412
6,2,3,ckd-0365,0,qsvc,0,-1.7057151420860506
6,2,3,ckd-0368,0,qsvc,0,-1.0984020720945131
6,2,3,ckd-0371,0,qsvc,0,-0.9466509299015645
6,2,3,ckd-0373,0,qsvc,0,-1.005145278336876
6,2,3,ckd-0374,0,qsvc,0,-1.3368241846676803
6,2,3,ckd-0377,0,qsvc,0,-0.9904092527436205
6,2,3,ckd-0381,0,qsvc,0,-0.8488565644499136
6,2,3,ckd-0389,0,qsvc,0,-1.3795261258997846
6,2,3,ckd-0391,0,qsvc,0,-1.1204902143096724
6,2,3,ckd-0399,0,qsvc,0,-1.0684758780492198
6,2,4,ckd-0005,1,classical_rbf_svm,1,1.592933549819831
6,2,4,ckd-0006,1,classical_rbf_svm,1,1.6109869266757477
6,2,4,ckd-0008,1,classical_rbf_svm,1,1.6611951635000548
6,2,4,ckd-0013,1,classical_rbf_svm,1,1.333819210423659
6,2,4,ckd-0020,1,classical_rbf_svm,1,1.6508957323380342
6,2,4,ckd-0023,1,classical_rbf_svm,1,1.0901963263851375
6,2,4,ckd-0024,1,classical_rbf_svm,1,1.498173438821793
6,2,4,ckd-0032,1,classical_rbf_svm,1,1.3993519336722404
6,2,4,ckd-0033,1,classical_rbf_svm,1,1.7516497832749094
6,2,4,ckd-0062,1,classical_rbf_svm,1,1.5371403049644703
6,2,4,ckd-0073,1,classical_rbf_svm,1,1.4107698163003892
6,2,4,ckd-0075,1,classical_rbf_svm,1,1.487336664442088
6,2,4,ckd-0077,1,classical_rbf_svm,1,1.0312161730382094
6,2,4,ckd-0079,1,classical_rbf_svm,1,1.4254603620137072
6,2,4,ckd-0086,1,classical_rbf_svm,1,1.8252551291025283
6,2,4,ckd-0096,1,classical_rbf_svm,1,1.1827750866181463
6,2,4,ckd-0098,1,classical_rbf_svm,1,1.9330871381805834
6,2,4,ckd-0099,1,classical_rbf_svm,1,1.0853649922740336
6,2,4,ckd-0106,1,classical_rbf_svm,1,0.1858483636288777
6,2,4,ckd-0117,1,classical_rbf_svm,1,1.2933446054895557
6,2,4,ckd-0122,1,classical_rbf_svm,1,1.1606865444346992
6,2,4,ckd-0133,1,classical_rbf_svm,1,1.347469028771385
6,2,4,ckd-0152,1,classical_rbf_svm,1,1.7386332143591157
6,2,4,ckd-0155,1,classical_rbf_svm,1,0.9675567251396242
6,2,4,ckd-0157,1,classical_rbf_svm,1,1.6766183579340856
6,2,4,ckd-0162,1,classical_rbf_svm,1,1.4742040456453864
6,2,4,ckd-0166,1,classical_rbf_svm,1,0.9998215786000046
6,2,4,ckd-0167,1,classical_rbf_svm,1,0.8418334223744817
6,2,4,ckd-0185,1,classical_rbf_svm,1,1.4738328816949946
6,2,4,ckd-0190,1,classical_rbf_svm,1,1.0758831784927105
6,2,4,ckd-0196,1,classical_rbf_svm,1,1.2740962808727267
6,2,4,ckd-0208,1,classical_rbf_svm,1,1.6234902241227251
6,2,4,ckd-0216,1,classical_rbf_svm,1,1.4580719371779782
6,2,4,ckd-0219,1,classical_rbf_svm,1,1.3508659210411829
6,2,4,ckd-0220,1,classical_rbf_svm,1,1.4584721336216055
6,2,4,ckd-0228,1,classical_rbf_svm,1,1.8199999163099496
6,2,4,ckd-0230,1,classical_rbf_svm,1,1.2638769338031701
6,2,4,ckd-0232,1,classical_rbf_svm,1,1.5986905565264435
6,2,4,ckd-0237,1,classical_rbf_svm,1,1.5214973624235466
6,2,4,ckd-0246,1,classical_rbf_svm,1,1.1077316361551675
6,2,4,ckd-0277,0,classical_rbf_svm,0,-0.9245852549128446
6,2,4,ckd-0280,0,classical_rbf_svm,0,-1.4223851498358586
6,2,4,ckd-0284,0,classical_rbf_svm,0,-1.1729673988286615
6,2,4,ckd-0295,0,classical_rbf_svm,0,-0.5892957201832638
6,2,4,ckd-0298,0,classical_rbf_svm,0,-1.4433717982770595
6,2,4,ckd-0303,0,classical_rbf_svm,0,-1.2855880702603555
6,2,4,ckd-0304,0,classical_rbf_svm,0,-1.1671946182244954
6,2,4,ckd-0320,0,classical_rbf_svm,1,0.03342461376488881
6,2,4,ckd-0322,0,classical_rbf_svm,0,-1.1126646238585343
6,2,4,ckd-0323,0,classical_rbf_svm,0,-1.1718063117650823
6,2,4,ckd-0341,0,classical_rbf_svm,0,-1.185836202179408
6,2,4,ckd-0342,0,classical_rbf_svm,0,-0.7446318332557933
6,2,4,ckd-0349,0,classical_rbf_svm,0,-0.776463006410375
6,2,4,ckd-0350,0,classical_rbf_svm,0,-1.3293414918848812
6,2,4,ckd-0352,0,classical_rbf_svm,0,-0.8856529926159595
6,2,4,ckd-0358,0,classical_rbf_svm,0,-0.9112879577669735
6,2,4,ckd-0359,0,classical_rbf_svm,0,-0.6475621791974728
6,2,4,ckd-0361,0,classical_rbf_svm,0,-1.2610034006976352
6,2,4,ckd-0363,0,classical_rbf_svm,0,-1.0290274056312474
6,2,4,ckd-0366,0,classical_rbf_svm,1,0.03342461376488881
6,2,4,ckd-0378,0,classical_rbf_svm,0,-1.1124081409400262
6,2,4,ckd-0382,0,classical_rbf_svm,0,-1.0867467972302411
6,2,4,ckd-0384,0,classical_rbf_svm,0,-1.3448117006935574
6,2,4,ckd-0400,0,classical_rbf_svm,0,-1.2326486664061327
6,2,4,ckd-0005,1,qsvc,1,1.0475179478126733
6,2,4,ckd-0006,1,qsvc,1,1.0739677268291834
6,2,4,ckd-0008,1,qsvc,1,0.94069064644404
6,2,4,ckd-0013,1,qsvc,1,1.0249085405500384
6,2,4,ckd-0020,1,qsvc,1,0.99183811157822
6,2,4,ckd-0023,1,qsvc,1,0.17309319096009113
6,2,4,ckd-0024,1,qsvc,1,0.9737932146350698
6,2,4,ckd-0032,1,qsvc,1,1.0295748506006162
6,2,4,ckd-0033,1,qsvc,1,1.010260343341519
6,2,4,ckd-0062,1,qsvc,1,1.2632977289187082
6,2,4,ckd-0073,1,qsvc,1,0.9052819432396343
6,2,4,ckd-0075,1,qsvc,1,0.9843522245400201
6,2,4,ckd-0077,1,qsvc,1,1.1301331879079717
6,2,4,ckd-0079,1,qsvc,1,0.2804470509549738
6,2,4,ckd-0086,1,qsvc,1,0.916274521623332
6,2,4,ckd-0096,1,qsvc,1,1.2879168278005948
6,2,4,ckd-0098,1,qsvc,1,0.9858694285624038
6,2,4,ckd-0099,1,qsvc,1,0.9335454187818252
6,2,4,ckd-0106,1,qsvc,1,1.1166937843123397
6,2,4,ckd-0117,1,qsvc,1,1.485770523288307
6,2,4,ckd-0122,1,qsvc,1,0.8689015623728672
6,2,4,ckd-0133,1,qsvc,0,-1.0344474867179332
6,2,4,ckd-0152,1,qsvc,1,1.0760463579971569
6,2,4,ckd-0155,1,qsvc,1,0.9543085985535491
6,2,4,ckd-0157,1,qsvc,1,0.9995523935404433
6,2,4,ckd-0162,1,qsvc,1,1.0480575617768049
6,2,4,ckd-0166,1,qsvc,1,1.163798545302356
6,2,4,ckd-0167,1,qsvc,1,0.9997865560888614
6,2,4,ckd-0185,1,qsvc,1,0.9861929053749686
6,2,4,ckd-0190,1,qsvc,1,1.0089571641398734
6,2,4,ckd-0196,1,qsvc,1,0.9408992843086134
6,2,4,ckd-0208,1,qsvc,1,0.9925722661061366
6,2,4,ckd-0216,1,qsvc,1,0.9665850998649788
6,2,4,ckd-0219,1,qsvc,1,1.2192593989640153
6,2,4,ckd-0220,1,qsvc,1,0.9940293990687765
6,2,4,ckd-0228,1,qsvc,1,1.1087377436760881
6,2,4,ckd-0230,1,qsvc,1,1.0009994961154691
6,2,4,ckd-0232,1,qsvc,1,1.155341855418796
6,2,4,ckd-0237,1,qsvc,1,1.032655663322654
6,2,4,ckd-0246,1,qsvc,1,0.26114448020413317
6,2,4,ckd-0277,0,qsvc,0,-0.6779362758384958
6,2,4,ckd-0280,0,qsvc,0,-1.4457638795979664
6,2,4,ckd-0284,0,qsvc,0,-1.400560083257306
6,2,4,ckd-0295,0,qsvc,0,-0.6301031005875232
6,2,4,ckd-0298,0,qsvc,0,-1.5870167640055644
6,2,4,ckd-0303,0,qsvc,0,-1.5790957267891796
6,2,4,ckd-0304,0,qsvc,0,-1.0596316146436675
6,2,4,ckd-0320,0,qsvc,1,0.44600242351901037
6,2,4,ckd-0322,0,qsvc,0,-1.3994869024517929
6,2,4,ckd-0323,0,qsvc,0,-1.4721068477937753
6,2,4,ckd-0341,0,qsvc,0,-1.175019240664902
6,2,4,ckd-0342,0,qsvc,0,-0.27566492924660124
6,2,4,ckd-0349,0,qsvc,0,-0.9118561996835625
6,2,4,ckd-0350,0,qsvc,0,-0.9805803154685765
6,2,4,ckd-0352,0,qsvc,0,-0.5969436967633807
6,2,4,ckd-0358,0,qsvc,0,-0.6127001884825777
6,2,4,ckd-0359,0,qsvc,0,-0.7988979730814746
6,2,4,ckd-0361,0,qsvc,0,-1.3403719510546153
6,2,4,ckd-0363,0,qsvc,0,-1.0560248237818666
6,2,4,ckd-0366,0,qsvc,1,0.44600242351901037
6,2,4,ckd-0378,0,qsvc,0,-1.3531786904897691
6,2,4,ckd-0382,0,qsvc,0,-1.0414164067289096
6,2,4,ckd-0384,0,qsvc,0,-1.2471102390711777
6,2,4,ckd-0400,0,qsvc,0,-1.0230614136559053
6,2,5,ckd-0004,1,classical_rbf_svm,1,1.0474716896133198
6,2,5,ckd-0010,1,classical_rbf_svm,1,1.6430409326970548
6,2,5,ckd-0019,1,classical_rbf_svm,1,0.5199385009269019
6,2,5,ckd-0021,1,classical_rbf_svm,1,1.2970958742966978
6,2,5,ckd-0031,1,classical_rbf_svm,1,0.6804126976901403
6,2,5,ckd-0045,1,classical_rbf_svm,1,1.246298324672129
6,2,5,ckd-0051,1,classical_rbf_svm,1,1.6094254696510202
6,2,5,ckd-0053,1,classical_rbf_svm,1,1.679374114226873
6,2,5,ckd-0059,1,classical_rbf_svm,1,1.6669332483755444
6,2,5,ckd-0060,1,classical_rbf_svm,1,1.288883885932108
6,2,5,ckd-0072,1,classical_rbf_svm,1,1.4919351673286523
6,2,5,ckd-0083,1,classical_rbf_svm,1,0.679748092054195
6,2,5,ckd-0091,1,classical_rbf_svm,1,1.5281830105015497
6,2,5,ckd-0107,1,classical_rbf_svm,1,1.0640420878319419
6,2,5,ckd-0111,1,classical_rbf_svm,1,1.1950438554339124
6,2,5,ckd-0131,1,classical_rbf_svm,1,1.1717575754186187
6,2,5,ckd-0136,1,classical_rbf_svm,1,1.512733270851034
6,2,5,ckd-0141,1,classical_rbf_svm,1,1.2456668846716425
6,2,5,ckd-0154,1,classical_rbf_svm,1,1.1637389264957578
6,2,5,ckd-0156,1,classical_rbf_svm,1,1.3370955916548863
6,2,5,ckd-0163,1,classical_rbf_svm,1,1.4291279115600535
6,2,5,ckd-0178,1,classical_rbf_svm,1,1.5472261312000102
6,2,5,ckd-0179,1,classical_rbf_svm,1,1.7099893478959998
6,2,5,ckd-0180,1,classical_rbf_svm,1,1.5873369663088783
6,2,5,ckd-0182,1,classical_rbf_svm,1,1.3220841099614016
6,2,5,ckd-0184,1,classical_rbf_svm,1,1.17472159458008
6,2,5,ckd-0187,1,classical_rbf_svm,1,1.128491784797846
6,2,5,ckd-0189,1,classical_rbf_svm,1,0.14875118699328482
6,2,5,ckd-0192,1,classical_rbf_svm,1,1.1899802608951027
6,2,5,ckd-0193,1,classical_rbf_svm,1,0.594670391445475
6,2,5,ckd-0198,1,classical_rbf_svm,1,1.303403240218346
6,2,5,ckd-0200,1,classical_rbf_svm,1,1.4351787766007238
6,2,5,ckd-0210,1,classical_rbf_svm,1,0.20943908347884654
6,2,5,ckd-0214,1,classical_rbf_svm,1,1.414189086367496
6,2,5,ckd-0223,1,classical_rbf_svm,1,0.6804126976901403
6,2,5,ckd-0227,1,classical_rbf_svm,1,1.0964331331842831
6,2,5,ckd-0233,1,classical_rbf_svm,1,1.000061292560379
6,2,5,ckd-0234,1,classical_rbf_svm,1,1.57466198764117
6,2,5,ckd-0244,1,classical_rbf_svm,1,0.2980890284624823
6,2,5,ckd-0247,1,classical_rbf_svm,1,1.2797831913991824
6,2,5,ckd-0254,0,classical_rbf_svm,0,-1.3177854678517273
6,2,5,ckd-0255,0,classical_rbf_svm,0,-1.0233886394803844
6,2,5,ckd-0256,0,classical_rbf_svm,0,-1.0450133204418113
6,2,5,ckd-0265,0,classical_rbf_svm,0,-1.168889985264768
6,2,5,ckd-0279,0,classical_rbf_svm,0,-1.1472951794203996
6,2,5,ckd-0281,0,classical_rbf_svm,0,-0.8549355367944605
6,2,5,ckd-0283,0,classical_rbf_svm,0,-1.167465590443444
6,2,5,ckd-0285,0,classical_rbf_svm,0,-1.107290895782409
6,2,5,ckd-0287,0,classical_rbf_svm,0,-1.1863178287364748
6,2,5,ckd-0292,0,classical_rbf_svm,0,-1.1966812817697372
6,2,5,ckd-0300,0,classical_rbf_svm,0,-1.1427281420414963
6,2,5,ckd-0301,0,classical_rbf_svm,0,-1.1813260975434359
6,2,5,ckd-0316,0,classical_rbf_svm,0,-1.2492479929457554
6,2,5,ckd-0324,0,classical_rbf_svm,0,-1.4477726023903768
6,2,5,ckd-0340,0,classical_rbf_svm,0,-0.9461541407828303
6,2,5,ckd-0344,0,classical_rbf_svm,0,-1.3293124174096733
6,2,5,ckd-0353,0,classical_rbf_svm,0,-1.299642358602127
6,2,5,ckd-0362,0,classical_rbf_svm,0,-0.8212971071110969
6,2,5,ckd-0367,0,classical_rbf_svm,0,-1.4428728251466563
6,2,5,ckd-0370,0,classical_rbf_svm,0,-1.000792627880276
6,2,5,ckd-0383,0,classical_rbf_svm,0,-1.1919504609095957
6,2,5,ckd-0386,0,classical_rbf_svm,0,-1.1130251103539237
6,2,5,ckd-0387,0,classical_rbf_svm,0,-1.3504118756604084
6,2,5,ckd-0398,0,classical_rbf_svm,0,-1.3123385669661278
6,2,5,ckd-0004,1,qsvc,1,1.1751964912941804
6,2,5,ckd-0010,1,qsvc,1,0.9255595140740028
6,2,5,ckd-0019,1,qsvc,1,0.9798533759432404
6,2,5,ckd-0021,1,qsvc,1,0.9411083300690833
6,2,5,ckd-0031,1,qsvc,1,0.9997617829163381
6,2,5,ckd-0045,1,qsvc,1,1.012769903170424
6,2,5,ckd-0051,1,qsvc,1,1.0078267259382838
6,2,5,ckd-0053,1,qsvc,1,1.1120625651899754
6,2,5,ckd-0059,1,qsvc,1,0.9324898563116948
6,2,5,ckd-0060,1,qsvc,1,0.9054824298304288
6,2,5,ckd-0072,1,qsvc,1,1.0099055521741314
6,2,5,ckd-0083,1,qsvc,1,1.0210326216638275
6,2,5,ckd-0091,1,qsvc,1,1.3083828042354122
6,2,5,ckd-0107,1,qsvc,1,0.9309495821416892
6,2,5,ckd-0111,1,qsvc,1,1.2670125745694993
6,2,5,ckd-0131,1,qsvc,1,1.0426465203426925
6,2,5,ckd-0136,1,qsvc,1,1.0425621592737586
6,2,5,ckd-0141,1,qsvc,1,1.0003790743279568
6,2,5,ckd-0154,1,qsvc,1,0.9623646006687223
6,2,5,ckd-0156,1,qsvc,1,0.9331389351960114
6,2,5,ckd-0163,1,qsvc,1,1.1310713546739692
6,2,5,ckd-0178,1,qsvc,1,1.0320658714084776
6,2,5,ckd-0179,1,qsvc,1,0.9667330035252252
6,2,5,ckd-0180,1,qsvc,1,1.1545937919312106
6,2,5,ckd-0182,1,qsvc,1,0.9134897265657863
6,2,5,ckd-0184,1,qsvc,1,1.1942490846592304
6,2,5,ckd-0187,1,qsvc,0,-0.6434040999240033
6,2,5,ckd-0189,1,qsvc,0,-0.05116022671223719
6,2,5,ckd-0192,1,qsvc,1,1.0094801047415494
6,2,5,ckd-0193,1,qsvc,1,1.1541017651286987
6,2,5,ckd-0198,1,qsvc,1,0.906955226459929
6,2,5,ckd-0200,1,qsvc,1,1.0757390373469786
6,2,5,ckd-0210,1,qsvc,0,-0.5368167111116829
6,2,5,ckd-0214,1,qsvc,1,1.0652686132605713
6,2,5,ckd-0223,1,qsvc,1,0.9997617829163381
6,2,5,ckd-0227,1,qsvc,1,1.27943371697266
6,2,5,ckd-0233,1,qsvc,1,1.1088755763262617
6,2,5,ckd-0234,1,qsvc,1,0.9995584945209741
6,2,5,ckd-0244,1,qsvc,1,0.9270686995361891
6,2,5,ckd-0247,1,qsvc,1,1.1179226062293601
6,2,5,ckd-0254,0,qsvc,0,-1.389875279764575
6,2,5,ckd-0255,0,qsvc,0,-0.677513737350356
6,2,5,ckd-0256,0,qsvc,0,-0.46379573335690216
6,2,5,ckd-0265,0,qsvc,0,-1.111499032722711
6,2,5,ckd-0279,0,qsvc,0,-1.3714785290327778
6,2,5,ckd-0281,0,qsvc,0,-0.1456023799820847
6,2,5,ckd-0283,0,qsvc,0,-1.371461033935721
6,2,5,ckd-0285,0,qsvc,0,-1.0487945456651455
6,2,5,ckd-0287,0,qsvc,0,-1.3705129643642175
6,2,5,ckd-0292,0,qsvc,0,-1.2227668985505917
6,2,5,ckd-0300,0,qsvc,0,-1.12800771036148
6,2,5,ckd-0301,0,qsvc,0,-1.3054290996503553
6,2,5,ckd-0316,0,qsvc,0,-1.1658077062070755
6,2,5,ckd-0324,0,qsvc,0,-1.5915227604863227
6,2,5,ckd-0340,0,qsvc,0,-0.9651692369167139
6,2,5,ckd-0344,0,qsvc,0,-1.4711044067113295
6,2,5,ckd-0353,0,qsvc,0,-1.3830166436291171
6,2,5,ckd-0362,0,qsvc,0,-0.14303909403500892
6,2,5,ckd-0367,0,qsvc,0,-1.6023979709004323
6,2,5,ckd-0370,0,qsvc,0,-1.2896798490690027
6,2,5,ckd-0383,0,qsvc,0,-1.2026569740253694
6,2,5,ckd-0386,0,qsvc,0,-0.8762624012360462
6,2,5,ckd-0387,0,qsvc,0,-1.3672048916716961
6,2,5,ckd-0398,0,qsvc,0,-1.3097286801762138
6,3,1,ckd-0007,1,classical_rbf_svm,1,1.3199995650242529
6,3,1,ckd-0020,1,classical_rbf_svm,1,1.5341855587376925
6,3,1,ckd-0022,1,classical_rbf_svm,1,1.5109160617572757
6,3,1,ckd-0023,1,classical_rbf_svm,1,1.0395624688277048
6,3,1,ckd-0031,1,classical_rbf_svm,1,0.7592271478523516
6,3,1,ckd-0038,1,classical_rbf_svm,1,1.6655819221353276
6,3,1,ckd-0042,1,classical_rbf_svm,1,1.2118110440964598
6,3,1,ckd-0048,1,classical_rbf_svm,1,1.2883975297252315
6,3,1,ckd-0049,1,classical_rbf_svm,1,1.1995352418118537
6,3,1,ckd-0052,1,classical_rbf_svm,1,1.418378077434176
6,3,1,ckd-0059,1,classical_rbf_svm,1,1.59211371231754
6,3,1,ckd-0064,1,classical_rbf_svm,1,1.352868423102663
6,3,1,ckd-0077,1,classical_rbf_svm,1,1.0286844689714176
6,3,1,ckd-0085,1,classical_rbf_svm,1,1.046171259553192
6,3,1,ckd-0091,1,classical_rbf_svm,1,1.4986390024751701
6,3,1,ckd-0106,1,classical_rbf_svm,1,0.03984805989570828
6,3,1,ckd-0108,1,classical_rbf_svm,1,1.7813211749966669
6,3,1,ckd-0122,1,classical_rbf_svm,1,1.1398034721952879
6,3,1,ckd-0130,1,classical_rbf_svm,1,1.0978346946837099
6,3,1,ckd-0138,1,classical_rbf_svm,1,1.3751322256047525
6,3,1,ckd-0146,1,classical_rbf_svm,1,0.9452258117734725
6,3,1,ckd-0147,1,classical_rbf_svm,1,1.692341277572909
6,3,1,ckd-0161,1,classical_rbf_svm,1,1.7840400009895871
6,3,1,ckd-0167,1,classical_rbf_svm,1,0.6734242166023812
6,3,1,ckd-0169,1,classical_rbf_svm,1,1.2354025249991154
6,3,1,ckd-0172,1,classical_rbf_svm,1,1.1918323585115973
6,3,1,ckd-0175,1,classical_rbf_svm,1,0.8513135243777419
6,3,1,ckd-0177,1,classical_rbf_svm,1,0.9974311969772128
6,3,1,ckd-0184,1,classical_rbf_svm,1,1.1586190609106415
6,3,1,ckd-0186,1,classical_rbf_svm,1,0.9475499991805689
6,3,1,ckd-0196,1,classical_rbf_svm,1,1.2097712592012866
6,3,1,ckd-0199,1,classical_rbf_svm,1,1.133840923672404
6,3,1,ckd-0205,1,classical_rbf_svm,1,1.0580714397096502
6,3,1,ckd-0207,1,classical_rbf_svm,1,1.2903720401586352
6,3,1,ckd-0211,1,classical_rbf_svm,1,0.9823499991719394
6,3,1,ckd-0216,1,classical_rbf_svm,1,1.3993156436571708
6,3,1,ckd-0221,1,classical_rbf_svm,1,1.375771858329073
6,3,1,ckd-0222,1,classical_rbf_svm,1,1.1383058497405831
6,3,1,ckd-0223,1,classical_rbf_svm,1,0.7592271478523516
6,3,1,ckd-0226,1,classical_rbf_svm,1,1.3702764396110938
6,3,1,ckd-0252,0,classical_rbf_svm,0,-1.0894575110899851
6,3,1,ckd-0253,0,classical_rbf_svm,0,-1.470804922136423
6,3,1,ckd-0254,0,classical_rbf_svm,0,-1.3263381497782119
6,3,1,ckd-0263,0,classical_rbf_svm,0,-1.2415574818723565
6,3,1,ckd-0273,0,classical_rbf_svm,0,-1.2690435749416
6,3,1,ckd-0281,0,classical_rbf_svm,0,-0.9344201102521166
6,3,1,ckd-0284,0,classical_rbf_svm,0,-1.2415428117035945
6,3,1,ckd-0290,0,classical_rbf_svm,0,-1.22523730463385
6,3,1,ckd-0294,0,classical_rbf_svm,0,-1.3127848169998941
6,3,1,ckd-0303,0,classical_rbf_svm,0,-1.3021724947660185
6,3,1,ckd-0305,0,classical_rbf_svm,0,-1.0303461903876705
6,3,1,ckd-0314,0,classical_rbf_svm,0,-0.9526879191724875
6,3,1,ckd-0339,0,classical_rbf_svm,0,-1.0443008112818573
6,3,1,ckd-0341,0,classical_rbf_svm,0,-1.2501371107807806
6,3,1,ckd-0352,0,classical_rbf_svm,0,-0.9433893427459252
6,3,1,ckd-0363,0,classical_rbf_svm,0,-1.129558725675502
6,3,1,ckd-0371,0,classical_rbf_svm,0,-1.2501207137192192
6,3,1,ckd-0372,0,classical_rbf_svm,0,-1.0144634511206216
6,3,1,ckd-0374,0,classical_rbf_svm,0,-1.2634359415089937
6,3,1,ckd-0377,0,classical_rbf_svm,0,-1.118056239346604
6,3,1,ckd-0378,0,classical_rbf_svm,0,-1.1200203070642003
6,3,1,ckd-0387,0,classical_rbf_svm,0,-1.351564525994902
6,3,1,ckd-0396,0,classical_rbf_svm,0,-1.3541881295732852
6,3,1,ckd-0397,0,classical_rbf_svm,0,-1.0176546205354386
6,3,1,ckd-0007,1,qsvc,1,1.1788754494687526
6,3,1,ckd-0020,1,qsvc,1,1.0700498637780294
6,3,1,ckd-0022,1,qsvc,1,1.0793828114135418
6,3,1,ckd-0023,1,qsvc,1,0.37506133165315186
6,3,1,ckd-0031,1,qsvc,1,1.0185146758890973
6,3,1,ckd-0038,1,qsvc,1,0.9916886593615922
6,3,1,ckd-0042,1,qsvc,1,0.8869327384290764
6,3,1,ckd-0048,1,qsvc,1,0.05011690869743746
6,3,1,ckd-0049,1,qsvc,1,1.0280459954394965
6,3,1,ckd-0052,1,qsvc,1,1.0298981473767488
6,3,1,ckd-0059,1,qsvc,1,0.9537110540999403
6,3,1,ckd-0064,1,qsvc,1,0.9754695464760421
6,3,1,ckd-0077,1,qsvc,1,1.0999720755720366
6,3,1,ckd-0085,1,qsvc,1,0.6906081594321014
6,3,1,ckd-0091,1,qsvc,1,1.0296434603061664
6,3,1,ckd-0106,1,qsvc,1,0.8760145505638194
6,3,1,ckd-0108,1,qsvc,1,1.029536645064435
6,3,1,ckd-0122,1,qsvc,1,0.8919345581392244
6,3,1,ckd-0130,1,qsvc,1,0.9481458103396541
6,3,1,ckd-0138,1,qsvc,1,0.9765168747796334
6,3,1,ckd-0146,1,qsvc,1,0.9905144419316785
6,3,1,ckd-0147,1,qsvc,1,0.9801773079224736
6,3,1,ckd-0161,1,qsvc,1,1.031757095609457
6,3,1,ckd-0167,1,qsvc,1,1.0022116984413143
6,3,1,ckd-0169,1,qsvc,1,1.099912716505076
6,3,1,ckd-0172,1,qsvc,1,0.7362225219405995
6,3,1,ckd-0175,1,qsvc,1,1.009533469352279
6,3,1,ckd-0177,1,qsvc,0,-0.4595019421749291
6,3,1,ckd-0184,1,qsvc,1,1.1518925669572146
6,3,1,ckd-0186,1,qsvc,1,1.0367098111663464
6,3,1,ckd-0196,1,qsvc,1,0.9142678123383633
6,3,1,ckd-0199,1,qsvc,1,0.921215914395491
6,3,1,ckd-0205,1,qsvc,1,1.016188184119991
6,3,1,ckd-0207,1,qsvc,1,0.7588756867073437
6,3,1,ckd-0211,1,qsvc,1,1.1245073881583723
6,3,1,ckd-0216,1,qsvc,1,0.8649601239725209
6,3,1,ckd-0221,1,qsvc,1,1.2633578062695507
6,3,1,ckd-0222,1,qsvc,1,1.02963197776745
6,3,1,ckd-0223,1,qsvc,1,1.0185146758890973
6,3,1,ckd-0226,1,qsvc,1,1.076366751645934
6,3,1,ckd-0252,0,qsvc,0,-0.8671713386551052
6,3,1,ckd-0253,0,qsvc,0,-1.707384715339053
6,3,1,ckd-0254,0,qsvc,0,-1.5048385332730485
6,3,1,ckd-0263,0,qsvc,0,-1.3800811774138457
6,3,1,ckd-0273,0,qsvc,0,-1.390517140278585
6,3,1,ckd-0281,0,qsvc,0,-0.5162924626326351
6,3,1,ckd-0284,0,qsvc,0,-1.2726163056502708
6,3,1,ckd-0290,0,qsvc,0,-1.2276036652743583
6,3,1,ckd-0294,0,qsvc,0,-1.3867132329388074
6,3,1,ckd-0303,0,qsvc,0,-1.3768144063167964
6,3,1,ckd-0305,0,qsvc,0,-0.9623697802781219
6,3,1,ckd-0314,0,qsvc,0,-0.40833997353185514
6,3,1,ckd-0339,0,qsvc,0,-0.9504774492558754
6,3,1,ckd-0341,0,qsvc,0,-1.3253619230928149
6,3,1,ckd-0352,0,qsvc,0,-0.5873212356830202
6,3,1,ckd-0363,0,qsvc,0,-1.1630535092737142
6,3,1,ckd-0371,0,qsvc,0,-1.1394455916414754
6,3,1,ckd-0372,0,qsvc,0,-0.7962689152046285
6,3,1,ckd-0374,0,qsvc,0,-1.3081804354150315
6,3,1,ckd-0377,0,qsvc,0,-0.9019505204933607
6,3,1,ckd-0378,0,qsvc,0,-1.0896730206715461
6,3,1,ckd-0387,0,qsvc,0,-1.4580984934537626
6,3,1,ckd-0396,0,qsvc,0,-1.413880491934261
6,3,1,ckd-0397,0,qsvc,0,-0.7413851375262519
6,3,2,ckd-0013,1,classical_rbf_svm,1,1.2971130709075405
6,3,2,ckd-0018,1,classical_rbf_svm,1,0.847150338517533
6,3,2,ckd-0019,1,classical_rbf_svm,1,0.6836836135810678
6,3,2,ckd-0026,1,classical_rbf_svm,1,1.295372053289314
6,3,2,ckd-0027,1,classical_rbf_svm,1,1.8912330469383014
6,3,2,ckd-0034,1,classical_rbf_svm,1,1.4879604550645036
6,3,2,ckd-0040,1,classical_rbf_svm,1,1.6692719828389113
6,3,2,ckd-0047,1,classical_rbf_svm,1,1.6799123163373877
6,3,2,ckd-0051,1,classical_rbf_svm,1,1.5115753295193168
6,3,2,ckd-0060,1,classical_rbf_svm,1,1.2912181056949574
6,3,2,ckd-0073,1,classical_rbf_svm,1,1.366569663137838
6,3,2,ckd-0075,1,classical_rbf_svm,1,1.4169817811256529
6,3,2,ckd-0078,1,classical_rbf_svm,1,1.7278765277717483
6,3,2,ckd-0079,1,classical_rbf_svm,1,1.3073603163022214
6,3,2,ckd-0081,1,classical_rbf_svm,1,1.571870396120604
6,3,2,ckd-0082,1,classical_rbf_svm,1,1.486937599822756
6,3,2,ckd-0083,1,classical_rbf_svm,1,0.6226853900184717
6,3,2,ckd-0088,1,classical_rbf_svm,1,1.2384017023479916
6,3,2,ckd-0092,1,classical_rbf_svm,1,0.9706076138190247
6,3,2,ckd-0095,1,classical_rbf_svm,1,1.7146200963603826
6,3,2,ckd-0097,1,classical_rbf_svm,1,1.716944781361827
6,3,2,ckd-0099,1,classical_rbf_svm,1,1.0447391127477241
6,3,2,ckd-0102,1,classical_rbf_svm,1,1.566282872067124
6,3,2,ckd-0115,1,classical_rbf_svm,1,1.4290585568219398
6,3,2,ckd-0119,1,classical_rbf_svm,1,1.3801871971262318
6,3,2,ckd-0120,1,classical_rbf_svm,1,1.3306877251429694
6,3,2,ckd-0126,1,classical_rbf_svm,1,1.3270086758352035
6,3,2,ckd-0127,1,classical_rbf_svm,1,1.8576716833269744
6,3,2,ckd-0131,1,classical_rbf_svm,1,1.0882383826184139
6,3,2,ckd-0133,1,classical_rbf_svm,1,1.2357947325431027
6,3,2,ckd-0152,1,classical_rbf_svm,1,1.6114230985390665
6,3,2,ckd-0153,1,classical_rbf_svm,1,1.6121178830546135
6,3,2,ckd-0155,1,classical_rbf_svm,1,0.9534198791078576
6,3,2,ckd-0183,1,classical_rbf_svm,1,0.9240607323533991
6,3,2,ckd-0197,1,classical_rbf_svm,1,1.0798291333764654
6,3,2,ckd-0203,1,classical_rbf_svm,1,1.2855279811549374
6,3,2,ckd-0204,1,classical_rbf_svm,1,1.4727969052306231
6,3,2,ckd-0219,1,classical_rbf_svm,1,1.3463885417343113
6,3,2,ckd-0246,1,classical_rbf_svm,1,1.0503102611644004
6,3,2,ckd-0247,1,classical_rbf_svm,1,1.1822391292573486
6,3,2,ckd-0255,0,classical_rbf_svm,0,-1.1357488623183665
6,3,2,ckd-0257,0,classical_rbf_svm,0,-1.1197249709068458
6,3,2,ckd-0259,0,classical_rbf_svm,0,-0.8684596223848758
6,3,2,ckd-0269,0,classical_rbf_svm,0,-1.0976148460810853
6,3,2,ckd-0272,0,classical_rbf_svm,0,-1.0359294022444354
6,3,2,ckd-0274,0,classical_rbf_svm,0,-0.08603724876909424
6,3,2,ckd-0285,0,classical_rbf_svm,0,-1.1141196660573014
6,3,2,ckd-0298,0,classical_rbf_svm,0,-1.4820591736578947
6,3,2,ckd-0301,0,classical_rbf_svm,0,-1.0653586723186637
6,3,2,ckd-0308,0,classical_rbf_svm,0,-0.773534957168665
6,3,2,ckd-0313,0,classical_rbf_svm,0,-1.317769765175607
6,3,2,ckd-0315,0,classical_rbf_svm,0,-1.2704223034284898
6,3,2,ckd-0322,0,classical_rbf_svm,0,-1.1031315660101626
6,3,2,ckd-0344,0,classical_rbf_svm,0,-1.367334777526771
6,3,2,ckd-0345,0,classical_rbf_svm,0,-0.8360375447903082
6,3,2,ckd-0348,0,classical_rbf_svm,0,-1.1566974023326542
6,3,2,ckd-0350,0,classical_rbf_svm,0,-1.30832686812102
6,3,2,ckd-0357,0,classical_rbf_svm,0,-1.3236988596043338
6,3,2,ckd-0366,0,classical_rbf_svm,0,-0.08603724876909424
6,3,2,ckd-0369,0,classical_rbf_svm,0,-1.4444272025971685
6,3,2,ckd-0388,0,classical_rbf_svm,0,-1.287618394935294
6,3,2,ckd-0393,0,classical_rbf_svm,0,-1.2115597233205877
6,3,2,ckd-0398,0,classical_rbf_svm,0,-1.3216205826696439
6,3,2,ckd-0399,0,classical_rbf_svm,0,-1.3350515508768996
6,3,2,ckd-0013,1,qsvc,1,1.0149477223999275
6,3,2,ckd-0018,1,qsvc,1,1.0623102173802987
6,3,2,ckd-0019,1,qsvc,1,1.0734343084536837
6,3,2,ckd-0026,1,qsvc,1,1.0074747051622417
6,3,2,ckd-0027,1,qsvc,1,1.006792909379126
6,3,2,ckd-0034,1,qsvc,1,1.0426337900506981
6,3,2,ckd-0040,1,qsvc,1,1.0643352908379562
6,3,2,ckd-0047,1,qsvc,1,1.1927276144660206
6,3,2,ckd-0051,1,qsvc,1,0.9365060639110107
6,3,2,ckd-0060,1,qsvc,1,1.0179053258013588
6,3,2,ckd-0073,1,qsvc,1,0.9230327679177168
6,3,2,ckd-0075,1,qsvc,1,1.0183467205275378
6,3,2,ckd-0078,1,qsvc,1,1.0729008177109944
6,3,2,ckd-0079,1,qsvc,1,0.21756344393892113
6,3,2,ckd-0081,1,qsvc,1,1.0654282856002735
6,3,2,ckd-0082,1,qsvc,1,0.8118049922777694
6,3,2,ckd-0083,1,qsvc,1,1.000048399979398
6,3,2,ckd-0088,1,qsvc,1,1.019978292064628
6,3,2,ckd-0092,1,qsvc,1,0.819472740509018
6,3,2,ckd-0095,1,qsvc,1,1.1524114547211217
6,3,2,ckd-0097,1,qsvc,1,1.0163886735363823
6,3,2,ckd-0099,1,qsvc,1,0.9748204855758471
6,3,2,ckd-0102,1,qsvc,1,1.010556045815734
6,3,2,ckd-0115,1,qsvc,1,1.2106777649759164
6,3,2,ckd-0119,1,qsvc,1,0.9487765228260334
6,3,2,ckd-0120,1,qsvc,1,0.8764771484700185
6,3,2,ckd-0126,1,qsvc,1,1.0677282321480834
6,3,2,ckd-0127,1,qsvc,1,1.0252110733981328
6,3,2,ckd-0131,1,qsvc,1,1.0538544527763205
6,3,2,ckd-0133,1,qsvc,0,-1.1357848135316448
6,3,2,ckd-0152,1,qsvc,1,1.0138365654323802
6,3,2,ckd-0153,1,qsvc,1,1.0883161983840033
6,3,2,ckd-0155,1,qsvc,1,0.9243040040940029
6,3,2,ckd-0183,1,qsvc,1,1.1206633155742023
6,3,2,ckd-0197,1,qsvc,1,0.981608352944925
6,3,2,ckd-0203,1,qsvc,1,0.9300766344308826
6,3,2,ckd-0204,1,qsvc,1,0.9160106705583793
6,3,2,ckd-0219,1,qsvc,1,1.2421872045858051
6,3,2,ckd-0246,1,qsvc,1,0.38872738266140644
6,3,2,ckd-0247,1,qsvc,1,0.9918283170714597
6,3,2,ckd-0255,0,qsvc,0,-0.8511256616854143
6,3,2,ckd-0257,0,qsvc,0,-1.087116565789903
6,3,2,ckd-0259,0,qsvc,0,-1.1148866193775318
6,3,2,ckd-0269,0,qsvc,0,-0.9357319767650928
6,3,2,ckd-0272,0,qsvc,0,-0.8563133432491937
6,3,2,ckd-0274,0,qsvc,1,0.14365464795549399
6,3,2,ckd-0285,0,qsvc,0,-0.9810115812006953
6,3,2,ckd-0298,0,qsvc,0,-1.5183458609830978
6,3,2,ckd-0301,0,qsvc,0,-1.3614118008585576
6,3,2,ckd-0308,0,qsvc,0,-0.9997640095984844
6,3,2,ckd-0313,0,qsvc,0,-1.4992120744845572
6,3,2,ckd-0315,0,qsvc,0,-1.3486866871578558
6,3,2,ckd-0322,0,qsvc,0,-1.3486223087222693
6,3,2,ckd-0344,0,qsvc,0,-1.259965774610274
6,3,2,ckd-0345,0,qsvc,0,-1.0481558304629606
6,3,2,ckd-0348,0,qsvc,0,-0.6019662306742796
6,3,2,ckd-0350,0,qsvc,0,-0.8567589208517216
6,3,2,ckd-0357,0,qsvc,0,-1.1778167618748618
6,3,2,ckd-0366,0,qsvc,1,0.14365464795549399
6,3,2,ckd-0369,0,qsvc,0,-1.5220223914304927
6,3,2,ckd-0388,0,qsvc,0,-1.1787502916296604
6,3,2,ckd-0393,0,qsvc,0,-1.5012128908779494
6,3,2,ckd-0398,0,qsvc,0,-1.3927452952360193
6,3,2,ckd-0399,0,qsvc,0,-0.9131679109890217
6,3,3,ckd-0002,1,classical_rbf_svm,1,1.140512401709295
6,3,3,ckd-0005,1,classical_rbf_svm,1,1.604777552713069
6,3,3,ckd-0009,1,classical_rbf_svm,1,1.5497244207562908
6,3,3,ckd-0014,1,classical_rbf_svm,1,1.9376793835818558
6,3,3,ckd-0021,1,classical_rbf_svm,1,1.3327490793711207
6,3,3,ckd-0028,1,classical_rbf_svm,1,1.50197785634932
6,3,3,ckd-0029,1,classical_rbf_svm,1,1.2795803362191966
6,3,3,ckd-0033,1,classical_rbf_svm,1,1.8395451097089441
6,3,3,ckd-0036,1,classical_rbf_svm,1,1.9161843007458623
6,3,3,ckd-0055,1,classical_rbf_svm,1,1.5404809410237534
6,3,3,ckd-0058,1,classical_rbf_svm,1,1.613511834934397
6,3,3,ckd-0062,1,classical_rbf_svm,1,1.486298748398692
6,3,3,ckd-0063,1,classical_rbf_svm,1,1.5037031760668182
6,3,3,ckd-0076,1,classical_rbf_svm,1,1.4363776615465702
6,3,3,ckd-0123,1,classical_rbf_svm,1,1.1797417663480136
6,3,3,ckd-0139,1,classical_rbf_svm,1,1.486298748398692
6,3,3,ckd-0140,1,classical_rbf_svm,1,1.5966635628856953
6,3,3,ckd-0163,1,classical_rbf_svm,1,1.7306904195245103
6,3,3,ckd-0170,1,classical_rbf_svm,1,1.4212540755379317
6,3,3,ckd-0178,1,classical_rbf_svm,1,1.6158878222593926
6,3,3,ckd-0179,1,classical_rbf_svm,1,1.7307799335814238
6,3,3,ckd-0180,1,classical_rbf_svm,1,1.597205853193127
6,3,3,ckd-0187,1,classical_rbf_svm,1,1.0805371750046844
6,3,3,ckd-0188,1,classical_rbf_svm,1,1.5838366289963708
6,3,3,ckd-0189,1,classical_rbf_svm,1,0.2284697888813495
6,3,3,ckd-0190,1,classical_rbf_svm,1,1.1178763912780816
6,3,3,ckd-0192,1,classical_rbf_svm,1,1.204754858919603
6,3,3,ckd-0193,1,classical_rbf_svm,1,0.6253119713212887
6,3,3,ckd-0198,1,classical_rbf_svm,1,1.4544548981006962
6,3,3,ckd-0201,1,classical_rbf_svm,1,1.2304739264000846
6,3,3,ckd-0208,1,classical_rbf_svm,1,1.617693508310254
6,3,3,ckd-0210,1,classical_rbf_svm,1,0.27808521254283225
6,3,3,ckd-0213,1,classical_rbf_svm,1,1.5415786601948227
6,3,3,ckd-0217,1,classical_rbf_svm,1,1.2838456063130732
6,3,3,ckd-0218,1,classical_rbf_svm,1,1.8072609657546828
6,3,3,ckd-0220,1,classical_rbf_svm,1,1.5510482451824972
6,3,3,ckd-0224,1,classical_rbf_svm,1,1.602840663316572
6,3,3,ckd-0237,1,classical_rbf_svm,1,1.650181475366076
6,3,3,ckd-0242,1,classical_rbf_svm,1,1.6580445824200711
6,3,3,ckd-0244,1,classical_rbf_svm,1,0.22030032826357604
6,3,3,ckd-0251,0,classical_rbf_svm,0,-1.4609825994129961
6,3,3,ckd-0256,0,classical_rbf_svm,0,-1.1443145218727628
6,3,3,ckd-0262,0,classical_rbf_svm,0,-1.088254001704604
6,3,3,ckd-0270,0,classical_rbf_svm,0,-1.4609825994129961
6,3,3,ckd-0271,0,classical_rbf_svm,0,-1.0693836841109792
6,3,3,ckd-0277,0,classical_rbf_svm,0,-0.9980856138282995
6,3,3,ckd-0280,0,classical_rbf_svm,0,-1.4111126537460952
6,3,3,ckd-0287,0,classical_rbf_svm,0,-1.1798389141890797
6,3,3,ckd-0295,0,classical_rbf_svm,0,-0.7429138707154067
6,3,3,ckd-0302,0,classical_rbf_svm,0,-1.1793170877129033
6,3,3,ckd-0306,0,classical_rbf_svm,0,-1.0782604627550256
6,3,3,ckd-0317,0,classical_rbf_svm,0,-1.3604800734670723
6,3,3,ckd-0323,0,classical_rbf_svm,0,-1.2518988015586232
6,3,3,ckd-0328,0,classical_rbf_svm,0,-1.068957785430181
6,3,3,ckd-0334,0,classical_rbf_svm,0,-1.1297214065431027
6,3,3,ckd-0355,0,classical_rbf_svm,0,-1.1295201253330855
6,3,3,ckd-0362,0,classical_rbf_svm,0,-0.9468160631639987
6,3,3,ckd-0364,0,classical_rbf_svm,0,-1.1238847445298519
6,3,3,ckd-0368,0,classical_rbf_svm,0,-1.1231608243629383
6,3,3,ckd-0376,0,classical_rbf_svm,0,-1.3440873340205006
6,3,3,ckd-0379,0,classical_rbf_svm,0,-1.2925057989246667
6,3,3,ckd-0385,0,classical_rbf_svm,0,-1.1478880617599012
6,3,3,ckd-0386,0,classical_rbf_svm,0,-1.136785318223724
6,3,3,ckd-0389,0,classical_rbf_svm,0,-1.3525840949098171
6,3,3,ckd-0002,1,qsvc,1,0.11856721587079355
6,3,3,ckd-0005,1,qsvc,1,1.0788450351326413
6,3,3,ckd-0009,1,qsvc,1,1.037637012864851
6,3,3,ckd-0014,1,qsvc,1,0.9663437482191819
6,3,3,ckd-0021,1,qsvc,1,0.9561158656133786
6,3,3,ckd-0028,1,qsvc,1,1.036195833537627
6,3,3,ckd-0029,1,qsvc,1,1.0408618724166065
6,3,3,ckd-0033,1,qsvc,1,1.0088246453148337
6,3,3,ckd-0036,1,qsvc,1,0.9855294519305944
6,3,3,ckd-0055,1,qsvc,1,1.332010251743596
6,3,3,ckd-0058,1,qsvc,1,1.080974750353316
6,3,3,ckd-0062,1,qsvc,1,1.2792607318155849
6,3,3,ckd-0063,1,qsvc,1,1.0719525227472102
6,3,3,ckd-0076,1,qsvc,1,0.6744964510222287
6,3,3,ckd-0123,1,qsvc,0,-1.1030040788738398
6,3,3,ckd-0139,1,qsvc,1,1.2792607318155849
6,3,3,ckd-0140,1,qsvc,1,0.9994665077301284
6,3,3,ckd-0163,1,qsvc,1,1.1020040109977247
6,3,3,ckd-0170,1,qsvc,1,0.8853930281289282
6,3,3,ckd-0178,1,qsvc,1,1.0295863417919262
6,3,3,ckd-0179,1,qsvc,1,0.9780651345614825
6,3,3,ckd-0180,1,qsvc,1,1.1630444242690177
6,3,3,ckd-0187,1,qsvc,0,-0.7120487829006371
6,3,3,ckd-0188,1,qsvc,1,1.0170296775349301
6,3,3,ckd-0189,1,qsvc,0,-0.17690640354914822
6,3,3,ckd-0190,1,qsvc,1,0.9935756574298142
6,3,3,ckd-0192,1,qsvc,1,1.0026222098920359
6,3,3,ckd-0193,1,qsvc,1,1.1106169158285222
6,3,3,ckd-0198,1,qsvc,1,0.9997892729256125
6,3,3,ckd-0201,1,qsvc,1,1.086473790704706
6,3,3,ckd-0208,1,qsvc,1,1.0059324532548477
6,3,3,ckd-0210,1,qsvc,0,-0.4939672582515745
6,3,3,ckd-0213,1,qsvc,1,1.011344865710207
6,3,3,ckd-0217,1,qsvc,1,1.1201152038292683
6,3,3,ckd-0218,1,qsvc,1,1.0904692579463697
6,3,3,ckd-0220,1,qsvc,1,0.9734228911257042
6,3,3,ckd-0224,1,qsvc,1,1.005042976384717
6,3,3,ckd-0237,1,qsvc,1,1.0403867205551076
6,3,3,ckd-0242,1,qsvc,1,1.0746963609383926
6,3,3,ckd-0244,1,qsvc,1,0.9322943171190511
6,3,3,ckd-0251,0,qsvc,0,-1.461353372666177
6,3,3,ckd-0256,0,qsvc,0,-0.6179439649292172
6,3,3,ckd-0262,0,qsvc,0,-0.8220818092627412
6,3,3,ckd-0270,0,qsvc,0,-1.461353372666177
6,3,3,ckd-0271,0,qsvc,0,-0.9708337910263304
6,3,3,ckd-0277,0,qsvc,0,-0.8650731447947101
6,3,3,ckd-0280,0,qsvc,0,-1.3751147557873606
6,3,3,ckd-0287,0,qsvc,0,-1.3420826108634532
6,3,3,ckd-0295,0,qsvc,0,-1.0893847284659937
6,3,3,ckd-0302,0,qsvc,0,-0.6780640718252414
6,3,3,ckd-0306,0,qsvc,0,-0.8014918677974975
6,3,3,ckd-0317,0,qsvc,0,-1.3324787854553013
6,3,3,ckd-0323,0,qsvc,0,-1.1707768702483161
6,3,3,ckd-0328,0,qsvc,0,-1.0280839909763881
6,3,3,ckd-0334,0,qsvc,0,-1.0269368299184962
6,3,3,ckd-0355,0,qsvc,0,-1.0513530554614334
6,3,3,ckd-0362,0,qsvc,0,-0.35439356478025286
6,3,3,ckd-0364,0,qsvc,0,-0.6759352344166988
6,3,3,ckd-0368,0,qsvc,0,-0.9846260385720055
6,3,3,ckd-0376,0,qsvc,0,-1.3350271373350462
6,3,3,ckd-0379,0,qsvc,0,-1.2253766739128884
6,3,3,ckd-0385,0,qsvc,0,-1.1906220248628112
6,3,3,ckd-0386,0,qsvc,0,-0.8914584307964738
6,3,3,ckd-0389,0,qsvc,0,-1.338899587601008
6,3,4,ckd-0001,1,classical_rbf_svm,1,0.09513743895756732
6,3,4,ckd-0003,1,classical_rbf_svm,1,1.3678818608496384
6,3,4,ckd-0004,1,classical_rbf_svm,1,0.9866224110072763
6,3,4,ckd-0006,1,classical_rbf_svm,1,1.428938837434008
6,3,4,ckd-0010,1,classical_rbf_svm,1,1.565628485136183
6,3,4,ckd-0015,1,classical_rbf_svm,1,0.935022290395971
6,3,4,ckd-0024,1,classical_rbf_svm,1,1.4167737997752372
6,3,4,ckd-0057,1,classical_rbf_svm,1,1.3546121772305186
6,3,4,ckd-0066,1,classical_rbf_svm,1,0.6574197113107013
6,3,4,ckd-0072,1,classical_rbf_svm,1,1.4071032666633392
6,3,4,ckd-0074,1,classical_rbf_svm,1,0.9098883912953797
6,3,4,ckd-0086,1,classical_rbf_svm,1,1.6719368403975037
6,3,4,ckd-0089,1,classical_rbf_svm,1,1.140203218060969
6,3,4,ckd-0090,1,classical_rbf_svm,1,0.8218929226135653
6,3,4,ckd-0094,1,classical_rbf_svm,1,1.1952275299699076
6,3,4,ckd-0109,1,classical_rbf_svm,1,1.1685889790583832
6,3,4,ckd-0111,1,classical_rbf_svm,1,1.3423987741309724
6,3,4,ckd-0112,1,classical_rbf_svm,1,1.2422607714146991
6,3,4,ckd-0116,1,classical_rbf_svm,1,1.0215124495877217
6,3,4,ckd-0121,1,classical_rbf_svm,1,1.0892816569887924
6,3,4,ckd-0128,1,classical_rbf_svm,1,1.217846667722032
6,3,4,ckd-0134,1,classical_rbf_svm,1,1.181638530659497
6,3,4,ckd-0136,1,classical_rbf_svm,1,1.5399846896680685
6,3,4,ckd-0141,1,classical_rbf_svm,1,1.2232901880063298
6,3,4,ckd-0156,1,classical_rbf_svm,1,1.2518914941427433
6,3,4,ckd-0166,1,classical_rbf_svm,1,0.8849631282477773
6,3,4,ckd-0171,1,classical_rbf_svm,1,1.549326523199584
6,3,4,ckd-0173,1,classical_rbf_svm,1,1.5009426466467226
6,3,4,ckd-0174,1,classical_rbf_svm,1,0.7548841296948874
6,3,4,ckd-0176,1,classical_rbf_svm,1,1.2232901880063298
6,3,4,ckd-0182,1,classical_rbf_svm,1,1.186782836831752
6,3,4,ckd-0191,1,classical_rbf_svm,1,1.0749305719703581
6,3,4,ckd-0195,1,classical_rbf_svm,1,1.4505563529029635
6,3,4,ckd-0202,1,classical_rbf_svm,1,1.2558048666494221
6,3,4,ckd-0206,1,classical_rbf_svm,1,0.5421602531592175
6,3,4,ckd-0230,1,classical_rbf_svm,1,1.2178084129748874
6,3,4,ckd-0232,1,classical_rbf_svm,1,1.4749561760993593
6,3,4,ckd-0236,1,classical_rbf_svm,1,1.144125403547886
6,3,4,ckd-0238,1,classical_rbf_svm,1,1.6014547837384545
6,3,4,ckd-0248,1,classical_rbf_svm,1,0.6685245116586085
6,3,4,ckd-0258,0,classical_rbf_svm,0,-1.0722316658318731
6,3,4,ckd-0266,0,classical_rbf_svm,0,-1.1955252769961557
6,3,4,ckd-0267,0,classical_rbf_svm,0,-0.37144213943134663
6,3,4,ckd-0276,0,classical_rbf_svm,0,-1.1722623469937257
6,3,4,ckd-0279,0,classical_rbf_svm,0,-1.0642281685070678
6,3,4,ckd-0299,0,classical_rbf_svm,0,-1.0237956922919516
6,3,4,ckd-0304,0,classical_rbf_svm,0,-1.1634472492202663
6,3,4,ckd-0307,0,classical_rbf_svm,0,-1.2399198945997707
6,3,4,ckd-0310,0,classical_rbf_svm,0,-0.916903002722084
6,3,4,ckd-0316,0,classical_rbf_svm,0,-1.3203018871754169
6,3,4,ckd-0318,0,classical_rbf_svm,0,-0.8025392030444688
6,3,4,ckd-0319,0,classical_rbf_svm,0,-0.9854000383154541
6,3,4,ckd-0324,0,classical_rbf_svm,0,-1.4568948568485536
6,3,4,ckd-0335,0,classical_rbf_svm,0,-1.3768159660893184
6,3,4,ckd-0340,0,classical_rbf_svm,0,-0.9648021043539562
6,3,4,ckd-0349,0,classical_rbf_svm,0,-0.8138598171936683
6,3,4,ckd-0351,0,classical_rbf_svm,0,-1.3704807252129156
6,3,4,ckd-0353,0,classical_rbf_svm,0,-1.3143249812585465
6,3,4,ckd-0359,0,classical_rbf_svm,0,-0.6867312427277562
6,3,4,ckd-0361,0,classical_rbf_svm,0,-1.3091656147151447
6,3,4,ckd-0382,0,classical_rbf_svm,0,-1.1332736802213152
6,3,4,ckd-0383,0,classical_rbf_svm,0,-1.1912531561594255
6,3,4,ckd-0391,0,classical_rbf_svm,0,-1.3130822749833166
6,3,4,ckd-0400,0,classical_rbf_svm,0,-1.1977107520497614
6,3,4,ckd-0001,1,qsvc,1,0.961004656723079
6,3,4,ckd-0003,1,qsvc,1,0.9640385892175412
6,3,4,ckd-0004,1,qsvc,1,1.0204621969090293
6,3,4,ckd-0006,1,qsvc,1,1.0644530633404015
6,3,4,ckd-0010,1,qsvc,1,0.9389691320853144
6,3,4,ckd-0015,1,qsvc,1,0.8892441168066956
6,3,4,ckd-0024,1,qsvc,1,0.9404242758997094
6,3,4,ckd-0057,1,qsvc,1,1.0155911195031426
6,3,4,ckd-0066,1,qsvc,1,0.12585333331810056
6,3,4,ckd-0072,1,qsvc,1,1.0163815175276918
6,3,4,ckd-0074,1,qsvc,1,1.096801628831214
6,3,4,ckd-0086,1,qsvc,1,0.9229659011340432
6,3,4,ckd-0089,1,qsvc,1,1.0181849197595194
6,3,4,ckd-0090,1,qsvc,1,1.010026597686419
6,3,4,ckd-0094,1,qsvc,1,0.9887808667398638
6,3,4,ckd-0109,1,qsvc,1,1.2999250412435297
6,3,4,ckd-0111,1,qsvc,1,1.2058872163415126
6,3,4,ckd-0112,1,qsvc,1,1.0420765612096952
6,3,4,ckd-0116,1,qsvc,1,0.11283608093864661
6,3,4,ckd-0121,1,qsvc,1,1.0464463771626913
6,3,4,ckd-0128,1,qsvc,1,1.0222298557275102
6,3,4,ckd-0134,1,qsvc,1,1.3039704426341574
6,3,4,ckd-0136,1,qsvc,1,0.9950042358123121
6,3,4,ckd-0141,1,qsvc,1,0.8497603330188528
6,3,4,ckd-0156,1,qsvc,1,0.9898714879263975
6,3,4,ckd-0166,1,qsvc,1,0.999903133635794
6,3,4,ckd-0171,1,qsvc,1,0.925130732565068
6,3,4,ckd-0173,1,qsvc,1,1.0852067795861915
6,3,4,ckd-0174,1,qsvc,1,1.1370708719354485
6,3,4,ckd-0176,1,qsvc,1,0.8497603330188528
6,3,4,ckd-0182,1,qsvc,1,0.9092878811973265
6,3,4,ckd-0191,1,qsvc,1,0.793132970680535
6,3,4,ckd-0195,1,qsvc,1,1.0553680215642647
6,3,4,ckd-0202,1,qsvc,1,1.0239706661115493
6,3,4,ckd-0206,1,qsvc,1,0.8217956364153588
6,3,4,ckd-0230,1,qsvc,1,1.02779241350068
6,3,4,ckd-0232,1,qsvc,1,1.1470403683980974
6,3,4,ckd-0236,1,qsvc,1,1.0223722318228021
6,3,4,ckd-0238,1,qsvc,1,0.9619044641437609
6,3,4,ckd-0248,1,qsvc,1,1.0386303993937196
6,3,4,ckd-0258,0,qsvc,0,-1.2438365423468594
6,3,4,ckd-0266,0,qsvc,0,-1.3142208055577176
6,3,4,ckd-0267,0,qsvc,0,-0.4718732769819015
6,3,4,ckd-0276,0,qsvc,0,-1.2416602275538589
6,3,4,ckd-0279,0,qsvc,0,-1.2140462373744225
6,3,4,ckd-0299,0,qsvc,0,-1.1406159624142478
6,3,4,ckd-0304,0,qsvc,0,-0.802743915194687
6,3,4,ckd-0307,0,qsvc,0,-1.1754303239657582
6,3,4,ckd-0310,0,qsvc,0,-0.7993728484676975
6,3,4,ckd-0316,0,qsvc,0,-1.36407114656317
6,3,4,ckd-0318,0,qsvc,0,-0.9663639998537711
6,3,4,ckd-0319,0,qsvc,0,-0.7947531840230714
6,3,4,ckd-0324,0,qsvc,0,-1.6381135839937317
6,3,4,ckd-0335,0,qsvc,0,-1.5293741090409996
6,3,4,ckd-0340,0,qsvc,0,-1.080238804866374
6,3,4,ckd-0349,0,qsvc,0,-0.9999491921694398
6,3,4,ckd-0351,0,qsvc,0,-1.4761935255102383
6,3,4,ckd-0353,0,qsvc,0,-1.4007003099777848
6,3,4,ckd-0359,0,qsvc,0,-0.9421133004737411
6,3,4,ckd-0361,0,qsvc,0,-1.4235815928788593
6,3,4,ckd-0382,0,qsvc,0,-0.9969613074044318
6,3,4,ckd-0383,0,qsvc,0,-1.1608647628499016
6,3,4,ckd-0391,0,qsvc,0,-1.2163719313577084
6,3,4,ckd-0400,0,qsvc,0,-1.1396812365188018
6,3,5,ckd-0008,1,classical_rbf_svm,1,1.6294736680496609
6,3,5,ckd-0012,1,classical_rbf_svm,1,1.3373382186789824
6,3,5,ckd-0025,1,classical_rbf_svm,1,1.297823279528377
6,3,5,ckd-0030,1,classical_rbf_svm,1,1.4630379201973944
6,3,5,ckd-0032,1,classical_rbf_svm,1,1.4170224046604654
6,3,5,ckd-0045,1,classical_rbf_svm,1,1.223721897150701
6,3,5,ckd-0053,1,classical_rbf_svm,1,1.8306193639792743
6,3,5,ckd-0068,1,classical_rbf_svm,1,1.456655795837153
6,3,5,ckd-0069,1,classical_rbf_svm,1,1.6370002107336963
6,3,5,ckd-0080,1,classical_rbf_svm,1,1.7113115092488942
6,3,5,ckd-0093,1,classical_rbf_svm,1,1.361543878839839
6,3,5,ckd-0096,1,classical_rbf_svm,1,1.1939856556630244
6,3,5,ckd-0098,1,classical_rbf_svm,1,1.9661833507000517
6,3,5,ckd-0101,1,classical_rbf_svm,1,1.2931331888630546
6,3,5,ckd-0105,1,classical_rbf_svm,1,1.5116122602338153
6,3,5,ckd-0107,1,classical_rbf_svm,1,1.0479410082356335
6,3,5,ckd-0113,1,classical_rbf_svm,1,1.4686219622795293
6,3,5,ckd-0114,1,classical_rbf_svm,1,1.7534780216675205
6,3,5,ckd-0117,1,classical_rbf_svm,1,1.2931331888630546
6,3,5,ckd-0125,1,classical_rbf_svm,1,1.5595127802372242
6,3,5,ckd-0129,1,classical_rbf_svm,1,1.0540137537139398
6,3,5,ckd-0132,1,classical_rbf_svm,1,1.530737197022186
6,3,5,ckd-0150,1,classical_rbf_svm,1,1.5163860288646323
6,3,5,ckd-0154,1,classical_rbf_svm,1,1.1460178857153325
6,3,5,ckd-0157,1,classical_rbf_svm,1,1.694282226746874
6,3,5,ckd-0158,1,classical_rbf_svm,1,1.2731861592758555
6,3,5,ckd-0160,1,classical_rbf_svm,1,1.7643914711770377
6,3,5,ckd-0162,1,classical_rbf_svm,1,1.4524621194592218
6,3,5,ckd-0181,1,classical_rbf_svm,1,1.5249261357479607
6,3,5,ckd-0185,1,classical_rbf_svm,1,1.4842892558069827
6,3,5,ckd-0194,1,classical_rbf_svm,1,0.9671511859227188
6,3,5,ckd-0200,1,classical_rbf_svm,1,1.437352424749498
6,3,5,ckd-0214,1,classical_rbf_svm,1,1.3979629357100634
6,3,5,ckd-0215,1,classical_rbf_svm,1,0.9521530519265211
6,3,5,ckd-0227,1,classical_rbf_svm,1,1.078765918684074
6,3,5,ckd-0228,1,classical_rbf_svm,1,1.8236680341963973
6,3,5,ckd-0231,1,classical_rbf_svm,1,1.6911443935832235
6,3,5,ckd-0233,1,classical_rbf_svm,1,1.1939856556630244
6,3,5,ckd-0234,1,classical_rbf_svm,1,1.694282226746874
6,3,5,ckd-0249,1,classical_rbf_svm,1,1.7661199881297873
6,3,5,ckd-0260,0,classical_rbf_svm,0,-1.3269045215880118
6,3,5,ckd-0265,0,classical_rbf_svm,0,-1.24999308421596
6,3,5,ckd-0282,0,classical_rbf_svm,0,-1.2254283894072917
6,3,5,ckd-0283,0,classical_rbf_svm,0,-1.1063902925704938
6,3,5,ckd-0288,0,classical_rbf_svm,0,-0.9497258925924607
6,3,5,ckd-0289,0,classical_rbf_svm,0,-1.402284309332451
6,3,5,ckd-0292,0,classical_rbf_svm,0,-1.1490878903093131
6,3,5,ckd-0297,0,classical_rbf_svm,0,-1.0966425492829477
6,3,5,ckd-0300,0,classical_rbf_svm,0,-1.2384867692898491
6,3,5,ckd-0312,0,classical_rbf_svm,0,-1.185382017915639
6,3,5,ckd-0320,0,classical_rbf_svm,1,0.0402744003459109
6,3,5,ckd-0325,0,classical_rbf_svm,1,0.0402744003459109
6,3,5,ckd-0326,0,classical_rbf_svm,0,-1.1813632582370959
6,3,5,ckd-0327,0,classical_rbf_svm,0,-1.0645315665076618
6,3,5,ckd-0332,0,classical_rbf_svm,0,-1.1794489668370711
6,3,5,ckd-0342,0,classical_rbf_svm,0,-0.756268910152556
6,3,5,ckd-0358,0,classical_rbf_svm,0,-0.9232440341565383
6,3,5,ckd-0365,0,classical_rbf_svm,0,-1.4138189822197482
6,3,5,ckd-0367,0,classical_rbf_svm,0,-1.468089626795615
6,3,5,ckd-0370,0,classical_rbf_svm,0,-0.9672657271413779
6,3,5,ckd-0373,0,classical_rbf_svm,0,-1.2356520832650655
6,3,5,ckd-0381,0,classical_rbf_svm,0,-1.1032154409017054
6,3,5,ckd-0384,0,classical_rbf_svm,0,-1.3297637769913573
6,3,5,ckd-0395,0,classical_rbf_svm,0,-1.0503167010042738
6,3,5,ckd-0008,1,qsvc,1,0.9525483275024842
6,3,5,ckd-0012,1,qsvc,1,0.9999960511880474
6,3,5,ckd-0025,1,qsvc,1,1.0840366674033826
6,3,5,ckd-0030,1,qsvc,1,0.5940692322881791
6,3,5,ckd-0032,1,qsvc,1,1.0286903238666447
6,3,5,ckd-0045,1,qsvc,1,1.0083215747866154
6,3,5,ckd-0053,1,qsvc,1,1.0734503574175738
6,3,5,ckd-0068,1,qsvc,1,0.9665234122212482
6,3,5,ckd-0069,1,qsvc,1,1.0252919134977088
6,3,5,ckd-0080,1,qsvc,1,0.9493204948896405
6,3,5,ckd-0093,1,qsvc,1,1.058442399036352
6,3,5,ckd-0096,1,qsvc,1,1.2577592524083676
6,3,5,ckd-0098,1,qsvc,1,0.9929777660295998
6,3,5,ckd-0101,1,qsvc,1,1.412458727450054
6,3,5,ckd-0105,1,qsvc,1,1.0562176041877505
6,3,5,ckd-0107,1,qsvc,1,1.0364392487780272
6,3,5,ckd-0113,1,qsvc,1,1.070339432479658
6,3,5,ckd-0114,1,qsvc,1,1.0223084487039444
6,3,5,ckd-0117,1,qsvc,1,1.412458727450054
6,3,5,ckd-0125,1,qsvc,1,1.1024959463972912
6,3,5,ckd-0129,1,qsvc,1,1.2574801873893653
6,3,5,ckd-0132,1,qsvc,1,1.3801471419475488
6,3,5,ckd-0150,1,qsvc,1,1.00535722768356
6,3,5,ckd-0154,1,qsvc,1,0.9704010298402255
6,3,5,ckd-0157,1,qsvc,1,0.9484421639231385
6,3,5,ckd-0158,1,qsvc,1,0.9934880025768407
6,3,5,ckd-0160,1,qsvc,1,0.9991240294447958
6,3,5,ckd-0162,1,qsvc,1,1.0756022384912725
6,3,5,ckd-0181,1,qsvc,1,0.979697678251285
6,3,5,ckd-0185,1,qsvc,1,0.9852775575003608
6,3,5,ckd-0194,1,qsvc,1,0.9324907296939741
6,3,5,ckd-0200,1,qsvc,1,1.0454739641707398
6,3,5,ckd-0214,1,qsvc,1,1.0653449552882683
6,3,5,ckd-0215,1,qsvc,1,1.2062248084051683
6,3,5,ckd-0227,1,qsvc,1,1.2608740557247085
6,3,5,ckd-0228,1,qsvc,1,1.1265344160408899
6,3,5,ckd-0231,1,qsvc,1,1.002881169425108
6,3,5,ckd-0233,1,qsvc,1,1.2577592524083676
6,3,5,ckd-0234,1,qsvc,1,0.9484421639231385
6,3,5,ckd-0249,1,qsvc,1,1.0408853140014778
6,3,5,ckd-0260,0,qsvc,0,-1.5218102153043538
6,3,5,ckd-0265,0,qsvc,0,-1.466724359705886
6,3,5,ckd-0282,0,qsvc,0,-1.2911164723588082
6,3,5,ckd-0283,0,qsvc,0,-1.3518897228680045
6,3,5,ckd-0288,0,qsvc,0,-0.745905202207156
6,3,5,ckd-0289,0,qsvc,0,-1.4796622293819688
6,3,5,ckd-0292,0,qsvc,0,-1.1618147226015212
6,3,5,ckd-0297,0,qsvc,0,-1.1021434026498063
6,3,5,ckd-0300,0,qsvc,0,-1.3528485724237975
6,3,5,ckd-0312,0,qsvc,0,-1.174862513228994
6,3,5,ckd-0320,0,qsvc,1,0.2519346092761423
6,3,5,ckd-0325,0,qsvc,1,0.2519346092761423
6,3,5,ckd-0326,0,qsvc,0,-1.365665435455174
6,3,5,ckd-0327,0,qsvc,0,-1.2543536388254148
6,3,5,ckd-0332,0,qsvc,0,-1.1802732982155972
6,3,5,ckd-0342,0,qsvc,0,-0.36632391396921915
6,3,5,ckd-0358,0,qsvc,0,-0.6755439649519026
6,3,5,ckd-0365,0,qsvc,0,-1.5511134946214917
6,3,5,ckd-0367,0,qsvc,0,-1.630901016490483
6,3,5,ckd-0370,0,qsvc,0,-1.2410221543996882
6,3,5,ckd-0373,0,qsvc,0,-1.3517913763400058
6,3,5,ckd-0381,0,qsvc,0,-1.130118900174179
6,3,5,ckd-0384,0,qsvc,0,-1.3168137913461386
6,3,5,ckd-0395,0,qsvc,0,-1.3113429296213415
6,4,1,ckd-0002,1,classical_rbf_svm,1,1.195984689777723
6,4,1,ckd-0003,1,classical_rbf_svm,1,1.436509461914061
6,4,1,ckd-0006,1,classical_rbf_svm,1,1.5622235136245843
6,4,1,ckd-0012,1,classical_rbf_svm,1,1.316599454647998
6,4,1,ckd-0014,1,classical_rbf_svm,1,1.8159614697318722
6,4,1,ckd-0024,1,classical_rbf_svm,1,1.4263717325327103
6,4,1,ckd-0028,1,classical_rbf_svm,1,1.428723722343472
6,4,1,ckd-0051,1,classical_rbf_svm,1,1.6886354400662786
6,4,1,ckd-0053,1,classical_rbf_svm,1,1.670485769753692
6,4,1,ckd-0055,1,classical_rbf_svm,1,1.4706493112725707
6,4,1,ckd-0058,1,classical_rbf_svm,1,1.4509278407116597
6,4,1,ckd-0060,1,classical_rbf_svm,1,1.42213147014521
6,4,1,ckd-0083,1,classical_rbf_svm,1,0.653054490022579
6,4,1,ckd-0085,1,classical_rbf_svm,1,1.0605985513892147
6,4,1,ckd-0086,1,classical_rbf_svm,1,1.7786863705060185
6,4,1,ckd-0096,1,classical_rbf_svm,1,1.000181825655571
6,4,1,ckd-0102,1,classical_rbf_svm,1,1.537529178630979
6,4,1,ckd-0126,1,classical_rbf_svm,1,1.4509278407116597
6,4,1,ckd-0129,1,classical_rbf_svm,1,1.0609711723648085
6,4,1,ckd-0132,1,classical_rbf_svm,1,1.4025084476463778
6,4,1,ckd-0141,1,classical_rbf_svm,1,1.2245181450962617
6,4,1,ckd-0150,1,classical_rbf_svm,1,1.3910016502311795
6,4,1,ckd-0156,1,classical_rbf_svm,1,1.321631156257901
6,4,1,ckd-0171,1,classical_rbf_svm,1,1.7214869277707203
6,4,1,ckd-0172,1,classical_rbf_svm,1,1.2463294131847704
6,4,1,ckd-0174,1,classical_rbf_svm,1,0.8276776181034244
6,4,1,ckd-0175,1,classical_rbf_svm,1,0.9142062829424784
6,4,1,ckd-0177,1,classical_rbf_svm,1,1.0232762218059768
6,4,1,ckd-0181,1,classical_rbf_svm,1,1.5089591192693437
6,4,1,ckd-0184,1,classical_rbf_svm,1,1.1568428217561404
6,4,1,ckd-0188,1,classical_rbf_svm,1,1.499928582313152
6,4,1,ckd-0189,1,classical_rbf_svm,1,0.22747028520976642
6,4,1,ckd-0190,1,classical_rbf_svm,1,1.0954350203699872
6,4,1,ckd-0192,1,classical_rbf_svm,1,1.168413969420566
6,4,1,ckd-0194,1,classical_rbf_svm,1,0.9676018767097242
6,4,1,ckd-0208,1,classical_rbf_svm,1,1.591108465740675
6,4,1,ckd-0222,1,classical_rbf_svm,1,1.3099257627073637
6,4,1,ckd-0226,1,classical_rbf_svm,1,1.3996916929627912
6,4,1,ckd-0227,1,classical_rbf_svm,1,1.0839414030806378
6,4,1,ckd-0248,1,classical_rbf_svm,1,0.6392275943403611
6,4,1,ckd-0270,0,classical_rbf_svm,0,-1.4530717854697501
6,4,1,ckd-0271,0,classical_rbf_svm,0,-1.0682507377879575
6,4,1,ckd-0272,0,classical_rbf_svm,0,-1.0368635846247303
6,4,1,ckd-0292,0,classical_rbf_svm,0,-1.1703841357869877
6,4,1,ckd-0308,0,classical_rbf_svm,0,-0.8796043595189889
6,4,1,ckd-0313,0,classical_rbf_svm,0,-1.336976050391267
6,4,1,ckd-0315,0,classical_rbf_svm,0,-1.2260042629010894
6,4,1,ckd-0322,0,classical_rbf_svm,0,-1.1389653183589425
6,4,1,ckd-0326,0,classical_rbf_svm,0,-1.156365903132361
6,4,1,ckd-0327,0,classical_rbf_svm,0,-1.06040187941693
6,4,1,ckd-0341,0,classical_rbf_svm,0,-1.2285549593771012
6,4,1,ckd-0345,0,classical_rbf_svm,0,-0.9379433016014367
6,4,1,ckd-0352,0,classical_rbf_svm,0,-0.8975427559362381
6,4,1,ckd-0355,0,classical_rbf_svm,0,-1.1253803769873425
6,4,1,ckd-0362,0,classical_rbf_svm,0,-0.9356707185197684
6,4,1,ckd-0363,0,classical_rbf_svm,0,-1.0903608899454134
6,4,1,ckd-0364,0,classical_rbf_svm,0,-1.095752784527827
6,4,1,ckd-0365,0,classical_rbf_svm,0,-1.4076554467756175
6,4,1,ckd-0367,0,classical_rbf_svm,0,-1.4508922940789337
6,4,1,ckd-0373,0,classical_rbf_svm,0,-1.200117435931177
6,4,1,ckd-0376,0,classical_rbf_svm,0,-1.3248815518173167
6,4,1,ckd-0382,0,classical_rbf_svm,0,-1.110031714719187
6,4,1,ckd-0389,0,classical_rbf_svm,0,-1.3257349812497843
6,4,1,ckd-0397,0,classical_rbf_svm,0,-1.0124283571176727
6,4,1,ckd-0002,1,qsvc,1,0.15097370759154727
6,4,1,ckd-0003,1,qsvc,1,0.9566029183067324
6,4,1,ckd-0006,1,qsvc,1,1.0487992120252017
6,4,1,ckd-0012,1,qsvc,1,0.980851077170801
6,4,1,ckd-0014,1,qsvc,1,0.9563703482753357
6,4,1,ckd-0024,1,qsvc,1,0.9845096696729492
6,4,1,ckd-0028,1,qsvc,1,1.0353980229227941
6,4,1,ckd-0051,1,qsvc,1,1.0100803312707678
6,4,1,ckd-0053,1,qsvc,1,1.0720097392872927
6,4,1,ckd-0055,1,qsvc,1,1.2996316146727258
6,4,1,ckd-0058,1,qsvc,1,1.057612284476384
6,4,1,ckd-0060,1,qsvc,1,1.000378881823866
6,4,1,ckd-0083,1,qsvc,1,1.007080238911591
6,4,1,ckd-0085,1,qsvc,1,0.8313788847548951
6,4,1,ckd-0086,1,qsvc,1,0.9228865521105729
6,4,1,ckd-0096,1,qsvc,1,1.1159364138589225
6,4,1,ckd-0102,1,qsvc,1,0.9933410544544968
6,4,1,ckd-0126,1,qsvc,1,1.057612284476384
6,4,1,ckd-0129,1,qsvc,1,1.231206676101917
6,4,1,ckd-0132,1,qsvc,1,1.4262431461482183
6,4,1,ckd-0141,1,qsvc,1,1.000231465773167
6,4,1,ckd-0150,1,qsvc,1,0.9910093944493383
6,4,1,ckd-0156,1,qsvc,1,0.8050337774799311
6,4,1,ckd-0171,1,qsvc,1,0.9241533651503386
6,4,1,ckd-0172,1,qsvc,1,0.7828829981242068
6,4,1,ckd-0174,1,qsvc,1,1.1305625839880462
6,4,1,ckd-0175,1,qsvc,1,0.7565892647577231
6,4,1,ckd-0177,1,qsvc,0,-0.2868509418706906
6,4,1,ckd-0181,1,qsvc,1,0.9727944832741073
6,4,1,ckd-0184,1,qsvc,1,1.163295882721668
6,4,1,ckd-0188,1,qsvc,1,1.0395096999076272
6,4,1,ckd-0189,1,qsvc,0,-0.005999867314166907
6,4,1,ckd-0190,1,qsvc,1,1.0275271764305685
6,4,1,ckd-0192,1,qsvc,1,1.0071251022601084
6,4,1,ckd-0194,1,qsvc,1,0.9843254052277824
6,4,1,ckd-0208,1,qsvc,1,0.9975395666416009
6,4,1,ckd-0222,1,qsvc,1,1.026691939062159
6,4,1,ckd-0226,1,qsvc,1,1.062707821964335
6,4,1,ckd-0227,1,qsvc,1,1.2408784057125752
6,4,1,ckd-0248,1,qsvc,1,1.0237412838421744
6,4,1,ckd-0270,0,qsvc,0,-1.5812180727351224
6,4,1,ckd-0271,0,qsvc,0,-0.9255985263751441
6,4,1,ckd-0272,0,qsvc,0,-0.877177505032938
6,4,1,ckd-0292,0,qsvc,0,-1.111703379103085
6,4,1,ckd-0308,0,qsvc,0,-1.225014989932714
6,4,1,ckd-0313,0,qsvc,0,-1.4695944890310313
6,4,1,ckd-0315,0,qsvc,0,-1.1719972355105257
6,4,1,ckd-0322,0,qsvc,0,-1.2101527064426738
6,4,1,ckd-0326,0,qsvc,0,-1.0426760236801491
6,4,1,ckd-0327,0,qsvc,0,-1.1804970433565358
6,4,1,ckd-0341,0,qsvc,0,-1.227997434283328
6,4,1,ckd-0345,0,qsvc,0,-1.2307174821027262
6,4,1,ckd-0352,0,qsvc,0,-0.6844895750969173
6,4,1,ckd-0355,0,qsvc,0,-1.0323371221421367
6,4,1,ckd-0362,0,qsvc,0,-0.36434143562641474
6,4,1,ckd-0363,0,qsvc,0,-0.9810498987644751
6,4,1,ckd-0364,0,qsvc,0,-0.8678569265548555
6,4,1,ckd-0365,0,qsvc,0,-1.546648238874661
6,4,1,ckd-0367,0,qsvc,0,-1.6157739114817165
6,4,1,ckd-0373,0,qsvc,0,-1.1485629959202406
6,4,1,ckd-0376,0,qsvc,0,-1.461081995611435
6,4,1,ckd-0382,0,qsvc,0,-0.8009386574949209
6,4,1,ckd-0389,0,qsvc,0,-1.4929142414571743
6,4,1,ckd-0397,0,qsvc,0,-0.8318834262877248
6,4,2,ckd-0007,1,classical_rbf_svm,1,1.4494943561575944
6,4,2,ckd-0019,1,classical_rbf_svm,1,0.717904365778216
6,4,2,ckd-0020,1,classical_rbf_svm,1,1.663247025150047
6,4,2,ckd-0021,1,classical_rbf_svm,1,1.2757270873481334
6,4,2,ckd-0023,1,classical_rbf_svm,1,1.0666611401357848
6,4,2,ckd-0030,1,classical_rbf_svm,1,1.4125127996210578
6,4,2,ckd-0045,1,classical_rbf_svm,1,1.2186509955488072
6,4,2,ckd-0047,1,classical_rbf_svm,1,1.6402629742342407
6,4,2,ckd-0048,1,classical_rbf_svm,1,1.2773432808701033
6,4,2,ckd-0049,1,classical_rbf_svm,1,1.210099497136616
6,4,2,ckd-0077,1,classical_rbf_svm,1,1.0348093982516915
6,4,2,ckd-0088,1,classical_rbf_svm,1,1.2776069781996087
6,4,2,ckd-0089,1,classical_rbf_svm,1,1.2155268211119117
6,4,2,ckd-0090,1,classical_rbf_svm,1,0.6017384985487482
6,4,2,ckd-0091,1,classical_rbf_svm,1,1.5393106915130828
6,4,2,ckd-0097,1,classical_rbf_svm,1,1.7369619063668054
6,4,2,ckd-0114,1,classical_rbf_svm,1,1.6273781631643884
6,4,2,ckd-0127,1,classical_rbf_svm,1,1.8249011276659424
6,4,2,ckd-0130,1,classical_rbf_svm,1,0.9923506009906197
6,4,2,ckd-0136,1,classical_rbf_svm,1,1.5564444357358078
6,4,2,ckd-0154,1,classical_rbf_svm,1,1.146089949135581
6,4,2,ckd-0167,1,classical_rbf_svm,1,0.6017384985487482
6,4,2,ckd-0169,1,classical_rbf_svm,1,1.2954042069763627
6,4,2,ckd-0170,1,classical_rbf_svm,1,1.375242041880405
6,4,2,ckd-0173,1,classical_rbf_svm,1,1.6402422511933787
6,4,2,ckd-0178,1,classical_rbf_svm,1,1.6526008257007736
6,4,2,ckd-0180,1,classical_rbf_svm,1,1.595241903968729
6,4,2,ckd-0183,1,classical_rbf_svm,1,0.9141484804075299
6,4,2,ckd-0186,1,classical_rbf_svm,1,1.0758429197517418
6,4,2,ckd-0196,1,classical_rbf_svm,1,1.2496196556733208
6,4,2,ckd-0198,1,classical_rbf_svm,1,1.4270165847037428
6,4,2,ckd-0201,1,classical_rbf_svm,1,1.1328184110622135
6,4,2,ckd-0205,1,classical_rbf_svm,1,1.0962954637840707
6,4,2,ckd-0210,1,classical_rbf_svm,1,0.369081785600811
6,4,2,ckd-0211,1,classical_rbf_svm,1,1.020789513199036
6,4,2,ckd-0219,1,classical_rbf_svm,1,1.3353017564972804
6,4,2,ckd-0230,1,classical_rbf_svm,1,1.2860338739542634
6,4,2,ckd-0234,1,classical_rbf_svm,1,1.5410811731701557
6,4,2,ckd-0246,1,classical_rbf_svm,1,1.1154983085405596
6,4,2,ckd-0249,1,classical_rbf_svm,1,1.7626823508723937
6,4,2,ckd-0251,0,classical_rbf_svm,0,-1.453607762350022
6,4,2,ckd-0262,0,classical_rbf_svm,0,-1.0872830373663174
6,4,2,ckd-0263,0,classical_rbf_svm,0,-1.2084654431862267
6,4,2,ckd-0265,0,classical_rbf_svm,0,-1.258827369126021
6,4,2,ckd-0266,0,classical_rbf_svm,0,-1.2205177120456239
6,4,2,ckd-0273,0,classical_rbf_svm,0,-1.2200923664597152
6,4,2,ckd-0274,0,classical_rbf_svm,0,-0.06822810966205517
6,4,2,ckd-0279,0,classical_rbf_svm,0,-1.1082990750423556
6,4,2,ckd-0282,0,classical_rbf_svm,0,-1.2186661811118338
6,4,2,ckd-0288,0,classical_rbf_svm,0,-0.9626369046081144
6,4,2,ckd-0299,0,classical_rbf_svm,0,-1.045559674416877
6,4,2,ckd-0300,0,classical_rbf_svm,0,-1.2512278726999786
6,4,2,ckd-0306,0,classical_rbf_svm,0,-1.078579848456104
6,4,2,ckd-0312,0,classical_rbf_svm,0,-1.1779977341124899
6,4,2,ckd-0320,0,classical_rbf_svm,0,-0.06822810966205517
6,4,2,ckd-0324,0,classical_rbf_svm,0,-1.4395360322837187
6,4,2,ckd-0342,0,classical_rbf_svm,0,-0.7882392552540197
6,4,2,ckd-0344,0,classical_rbf_svm,0,-1.3486826286942546
6,4,2,ckd-0350,0,classical_rbf_svm,0,-1.2769332378154234
6,4,2,ckd-0358,0,classical_rbf_svm,0,-0.9421036333067779
6,4,2,ckd-0366,0,classical_rbf_svm,0,-0.06822810966205517
6,4,2,ckd-0379,0,classical_rbf_svm,0,-1.2709155882825844
6,4,2,ckd-0387,0,classical_rbf_svm,0,-1.337643184877522
6,4,2,ckd-0393,0,classical_rbf_svm,0,-1.2754312964532581
6,4,2,ckd-0007,1,qsvc,1,1.3301078655952132
6,4,2,ckd-0019,1,qsvc,1,1.0616306584392612
6,4,2,ckd-0020,1,qsvc,1,1.027349466234626
6,4,2,ckd-0021,1,qsvc,1,0.9447974651660448
6,4,2,ckd-0023,1,qsvc,1,0.37647921739185486
6,4,2,ckd-0030,1,qsvc,1,0.5476331987335357
6,4,2,ckd-0045,1,qsvc,1,1.0090169275592484
6,4,2,ckd-0047,1,qsvc,1,1.132131922120632
6,4,2,ckd-0048,1,qsvc,1,0.2683024030723231
6,4,2,ckd-0049,1,qsvc,1,1.0804551119902355
6,4,2,ckd-0077,1,qsvc,1,1.1988633561596078
6,4,2,ckd-0088,1,qsvc,1,1.0196850315526318
6,4,2,ckd-0089,1,qsvc,1,0.9892237940319932
6,4,2,ckd-0090,1,qsvc,1,1.0003082104448815
6,4,2,ckd-0091,1,qsvc,1,1.2603871155384099
6,4,2,ckd-0097,1,qsvc,1,1.0072331171694784
6,4,2,ckd-0114,1,qsvc,1,1.004236769951972
6,4,2,ckd-0127,1,qsvc,1,1.0071558246412426
6,4,2,ckd-0130,1,qsvc,1,0.962751539053562
6,4,2,ckd-0136,1,qsvc,1,0.9971184320991968
6,4,2,ckd-0154,1,qsvc,1,0.9710028954344263
6,4,2,ckd-0167,1,qsvc,1,1.0003082104448815
6,4,2,ckd-0169,1,qsvc,1,1.1133401424195206
6,4,2,ckd-0170,1,qsvc,1,0.8243501555796461
6,4,2,ckd-0173,1,qsvc,1,1.0290773160844446
6,4,2,ckd-0178,1,qsvc,1,1.0290142849030244
6,4,2,ckd-0180,1,qsvc,1,1.143656925557277
6,4,2,ckd-0183,1,qsvc,1,1.2044830202330779
6,4,2,ckd-0186,1,qsvc,1,0.9445663325796012
6,4,2,ckd-0196,1,qsvc,1,0.9271435718396658
6,4,2,ckd-0198,1,qsvc,1,0.9935044004965825
6,4,2,ckd-0201,1,qsvc,1,1.0705977084959895
6,4,2,ckd-0205,1,qsvc,1,0.89387278343193
6,4,2,ckd-0210,1,qsvc,1,0.4866024387386542
6,4,2,ckd-0211,1,qsvc,1,1.0861097233952803
6,4,2,ckd-0219,1,qsvc,1,1.2585172303405567
6,4,2,ckd-0230,1,qsvc,1,0.9686287545525157
6,4,2,ckd-0234,1,qsvc,1,1.000253144113187
6,4,2,ckd-0246,1,qsvc,1,0.2836760497816224
6,4,2,ckd-0249,1,qsvc,1,1.0600026564376623
6,4,2,ckd-0251,0,qsvc,0,-1.6093041607523095
6,4,2,ckd-0262,0,qsvc,0,-0.9434789680652897
6,4,2,ckd-0263,0,qsvc,0,-1.4188809790892876
6,4,2,ckd-0265,0,qsvc,0,-1.4579825728038651
6,4,2,ckd-0266,0,qsvc,0,-1.4958083758416927
6,4,2,ckd-0273,0,qsvc,0,-1.2800035952485502
6,4,2,ckd-0274,0,qsvc,1,0.21124475517450003
6,4,2,ckd-0279,0,qsvc,0,-1.3330195147655317
6,4,2,ckd-0282,0,qsvc,0,-1.3434487888244613
6,4,2,ckd-0288,0,qsvc,0,-0.6204573423400292
6,4,2,ckd-0299,0,qsvc,0,-1.2868142997849508
6,4,2,ckd-0300,0,qsvc,0,-1.324907331593407
6,4,2,ckd-0306,0,qsvc,0,-0.8999066904792796
6,4,2,ckd-0312,0,qsvc,0,-1.1167076543620338
6,4,2,ckd-0320,0,qsvc,1,0.21124475517450003
6,4,2,ckd-0324,0,qsvc,0,-1.6551671379645208
6,4,2,ckd-0342,0,qsvc,0,-0.21373692534489508
6,4,2,ckd-0344,0,qsvc,0,-1.3873383260314744
6,4,2,ckd-0350,0,qsvc,0,-1.0858797781099156
6,4,2,ckd-0358,0,qsvc,0,-0.5613554919557908
6,4,2,ckd-0366,0,qsvc,1,0.21124475517450003
6,4,2,ckd-0379,0,qsvc,0,-1.4118383491465871
6,4,2,ckd-0387,0,qsvc,0,-1.4267002518912943
6,4,2,ckd-0393,0,qsvc,0,-1.5586207540731842
6,4,3,ckd-0008,1,classical_rbf_svm,1,1.5690886770737256
6,4,3,ckd-0022,1,classical_rbf_svm,1,1.6849494798983784
6,4,3,ckd-0027,1,classical_rbf_svm,1,1.9272921065952158
6,4,3,ckd-0031,1,classical_rbf_svm,1,0.9219785344550149
6,4,3,ckd-0036,1,classical_rbf_svm,1,1.86653445758497
6,4,3,ckd-0040,1,classical_rbf_svm,1,1.6034517789834672
6,4,3,ckd-0052,1,classical_rbf_svm,1,1.488350327035146
6,4,3,ckd-0057,1,classical_rbf_svm,1,1.4094684100313963
6,4,3,ckd-0063,1,classical_rbf_svm,1,1.4761757945267298
6,4,3,ckd-0064,1,classical_rbf_svm,1,1.3745353876963935
6,4,3,ckd-0068,1,classical_rbf_svm,1,1.4470984791442363
6,4,3,ckd-0069,1,classical_rbf_svm,1,1.5267760827202634
6,4,3,ckd-0073,1,classical_rbf_svm,1,1.3752927921472549
6,4,3,ckd-0079,1,classical_rbf_svm,1,1.3980523080663882
6,4,3,ckd-0081,1,classical_rbf_svm,1,1.510372920498641
6,4,3,ckd-0092,1,classical_rbf_svm,1,1.0416531883215945
6,4,3,ckd-0099,1,classical_rbf_svm,1,1.0889640214127883
6,4,3,ckd-0101,1,classical_rbf_svm,1,1.2677018058968361
6,4,3,ckd-0108,1,classical_rbf_svm,1,1.8410928396700572
6,4,3,ckd-0117,1,classical_rbf_svm,1,1.2677018058968361
6,4,3,ckd-0120,1,classical_rbf_svm,1,1.163991168883861
6,4,3,ckd-0121,1,classical_rbf_svm,1,1.3802493186993825
6,4,3,ckd-0123,1,classical_rbf_svm,1,1.197732868485875
6,4,3,ckd-0131,1,classical_rbf_svm,1,1.129093247103403
6,4,3,ckd-0134,1,classical_rbf_svm,1,1.2564916819976482
6,4,3,ckd-0140,1,classical_rbf_svm,1,1.558668990426412
6,4,3,ckd-0152,1,classical_rbf_svm,1,1.7238655630871254
6,4,3,ckd-0158,1,classical_rbf_svm,1,1.2442668910408772
6,4,3,ckd-0160,1,classical_rbf_svm,1,1.6826689622675624
6,4,3,ckd-0185,1,classical_rbf_svm,1,1.4645194737492648
6,4,3,ckd-0193,1,classical_rbf_svm,1,0.6408971659014191
6,4,3,ckd-0197,1,classical_rbf_svm,1,1.1063344066937095
6,4,3,ckd-0203,1,classical_rbf_svm,1,1.4037421994932155
6,4,3,ckd-0207,1,classical_rbf_svm,1,1.2458028681904485
6,4,3,ckd-0214,1,classical_rbf_svm,1,1.353141294206845
6,4,3,ckd-0215,1,classical_rbf_svm,1,0.8418349601971495
6,4,3,ckd-0218,1,classical_rbf_svm,1,1.6520146374388338
6,4,3,ckd-0220,1,classical_rbf_svm,1,1.421648547883494
6,4,3,ckd-0224,1,classical_rbf_svm,1,1.4397620033093674
6,4,3,ckd-0247,1,classical_rbf_svm,1,1.2068104753326512
6,4,3,ckd-0253,0,classical_rbf_svm,0,-1.4996637824569596
6,4,3,ckd-0258,0,classical_rbf_svm,0,-1.1285217825549694
6,4,3,ckd-0267,0,classical_rbf_svm,0,-0.4479837604871014
6,4,3,ckd-0276,0,classical_rbf_svm,0,-1.2483881600113578
6,4,3,ckd-0285,0,classical_rbf_svm,0,-1.118956475848619
6,4,3,ckd-0289,0,classical_rbf_svm,0,-1.4116093840886221
6,4,3,ckd-0294,0,classical_rbf_svm,0,-1.3475710054874135
6,4,3,ckd-0297,0,classical_rbf_svm,0,-1.108393587078758
6,4,3,ckd-0298,0,classical_rbf_svm,0,-1.488125674177462
6,4,3,ckd-0303,0,classical_rbf_svm,0,-1.3361056690476545
6,4,3,ckd-0307,0,classical_rbf_svm,0,-1.2502703676994793
6,4,3,ckd-0328,0,classical_rbf_svm,0,-1.0721585467767745
6,4,3,ckd-0334,0,classical_rbf_svm,0,-1.1241094618109901
6,4,3,ckd-0339,0,classical_rbf_svm,0,-1.0831425465469127
6,4,3,ckd-0359,0,classical_rbf_svm,0,-0.7397409503777351
6,4,3,ckd-0368,0,classical_rbf_svm,0,-1.1275977530092192
6,4,3,ckd-0369,0,classical_rbf_svm,0,-1.4576078297649095
6,4,3,ckd-0374,0,classical_rbf_svm,0,-1.2945354610982927
6,4,3,ckd-0377,0,classical_rbf_svm,0,-1.135128585989293
6,4,3,ckd-0378,0,classical_rbf_svm,0,-1.1565847906477993
6,4,3,ckd-0381,0,classical_rbf_svm,0,-1.1120785663162054
6,4,3,ckd-0383,0,classical_rbf_svm,0,-1.210733244726594
6,4,3,ckd-0388,0,classical_rbf_svm,0,-1.2909932862355458
6,4,3,ckd-0395,0,classical_rbf_svm,0,-1.102246033957989
6,4,3,ckd-0008,1,qsvc,1,0.9444158807833961
6,4,3,ckd-0022,1,qsvc,1,1.0785321862062498
6,4,3,ckd-0027,1,qsvc,1,0.9948124998750483
6,4,3,ckd-0031,1,qsvc,1,1.0976058252717888
6,4,3,ckd-0036,1,qsvc,1,0.9670128519076109
6,4,3,ckd-0040,1,qsvc,1,1.0147291445196653
6,4,3,ckd-0052,1,qsvc,1,1.0157382888570634
6,4,3,ckd-0057,1,qsvc,1,1.0133001323355282
6,4,3,ckd-0063,1,qsvc,1,1.012598638637969
6,4,3,ckd-0064,1,qsvc,1,0.8902187661001817
6,4,3,ckd-0068,1,qsvc,1,0.9602312154944838
6,4,3,ckd-0069,1,qsvc,1,1.0071375450047644
6,4,3,ckd-0073,1,qsvc,1,0.9095632233665207
6,4,3,ckd-0079,1,qsvc,1,0.3443600320819781
6,4,3,ckd-0081,1,qsvc,1,1.0476938978875672
6,4,3,ckd-0092,1,qsvc,1,0.7944565786118817
6,4,3,ckd-0099,1,qsvc,1,1.064445305435727
6,4,3,ckd-0101,1,qsvc,1,1.417239272761937
6,4,3,ckd-0108,1,qsvc,1,1.0613427234569015
6,4,3,ckd-0117,1,qsvc,1,1.417239272761937
6,4,3,ckd-0120,1,qsvc,1,1.0001776667744382
6,4,3,ckd-0121,1,qsvc,1,1.0303538321935442
6,4,3,ckd-0123,1,qsvc,0,-1.0666679625164388
6,4,3,ckd-0131,1,qsvc,1,1.0498513109379892
6,4,3,ckd-0134,1,qsvc,1,1.3954120546664366
6,4,3,ckd-0140,1,qsvc,1,1.0081873702222734
6,4,3,ckd-0152,1,qsvc,1,1.109937051720298
6,4,3,ckd-0158,1,qsvc,1,0.9521273221166047
6,4,3,ckd-0160,1,qsvc,1,0.9906340102747905
6,4,3,ckd-0185,1,qsvc,1,0.9837410406057258
6,4,3,ckd-0193,1,qsvc,1,1.4118821664214054
6,4,3,ckd-0197,1,qsvc,1,0.9902898388703256
6,4,3,ckd-0203,1,qsvc,1,0.9816833286481024
6,4,3,ckd-0207,1,qsvc,1,0.7394025172713575
6,4,3,ckd-0214,1,qsvc,1,1.0248370525965225
6,4,3,ckd-0215,1,qsvc,1,1.2127913038737521
6,4,3,ckd-0218,1,qsvc,1,1.071640228301485
6,4,3,ckd-0220,1,qsvc,1,0.9872753078654226
6,4,3,ckd-0224,1,qsvc,1,0.994106518285933
6,4,3,ckd-0247,1,qsvc,1,1.0094347535051789
6,4,3,ckd-0253,0,qsvc,0,-1.5821076149494762
6,4,3,ckd-0258,0,qsvc,0,-1.2240363207782796
6,4,3,ckd-0267,0,qsvc,0,-0.47673484951754874
6,4,3,ckd-0276,0,qsvc,0,-1.3120309821251628
6,4,3,ckd-0285,0,qsvc,0,-0.9977558501560004
6,4,3,ckd-0289,0,qsvc,0,-1.3483041919843972
6,4,3,ckd-0294,0,qsvc,0,-1.382282423801567
6,4,3,ckd-0297,0,qsvc,0,-1.0909545537579333
6,4,3,ckd-0298,0,qsvc,0,-1.5982189034987762
6,4,3,ckd-0303,0,qsvc,0,-1.3702985848985254
6,4,3,ckd-0307,0,qsvc,0,-1.2095199934746625
6,4,3,ckd-0328,0,qsvc,0,-1.0152654590830945
6,4,3,ckd-0334,0,qsvc,0,-0.9952549479704422
6,4,3,ckd-0339,0,qsvc,0,-0.8920542243223055
6,4,3,ckd-0359,0,qsvc,0,-0.8571674765924426
6,4,3,ckd-0368,0,qsvc,0,-1.0883426396957068
6,4,3,ckd-0369,0,qsvc,0,-1.5702147968994813
6,4,3,ckd-0374,0,qsvc,0,-1.2765774440207915
6,4,3,ckd-0377,0,qsvc,0,-1.0045413832851222
6,4,3,ckd-0378,0,qsvc,0,-1.106491090240482
6,4,3,ckd-0381,0,qsvc,0,-1.1143816539418134
6,4,3,ckd-0383,0,qsvc,0,-1.1310390773233254
6,4,3,ckd-0388,0,qsvc,0,-1.2479720153122649
6,4,3,ckd-0395,0,qsvc,0,-1.2285188497428046
6,4,4,ckd-0004,1,classical_rbf_svm,1,1.0397515457010376
6,4,4,ckd-0005,1,classical_rbf_svm,1,1.5961988456270446
6,4,4,ckd-0010,1,classical_rbf_svm,1,1.6677276017100393
6,4,4,ckd-0018,1,classical_rbf_svm,1,0.9604965179516695
6,4,4,ckd-0025,1,classical_rbf_svm,1,1.301164731845149
6,4,4,ckd-0034,1,classical_rbf_svm,1,1.629788786870712
6,4,4,ckd-0042,1,classical_rbf_svm,1,1.278883827772645
6,4,4,ckd-0072,1,classical_rbf_svm,1,1.506909426186645
6,4,4,ckd-0074,1,classical_rbf_svm,1,0.9615625668662117
6,4,4,ckd-0078,1,classical_rbf_svm,1,1.775644782537214
6,4,4,ckd-0082,1,classical_rbf_svm,1,1.6686456450446712
6,4,4,ckd-0093,1,classical_rbf_svm,1,1.3708154890085638
6,4,4,ckd-0094,1,classical_rbf_svm,1,1.2462293390937529
6,4,4,ckd-0106,1,classical_rbf_svm,1,0.11187167870647263
6,4,4,ckd-0107,1,classical_rbf_svm,1,1.059822965915108
6,4,4,ckd-0111,1,classical_rbf_svm,1,1.34968937443095
6,4,4,ckd-0112,1,classical_rbf_svm,1,1.3324373028043563
6,4,4,ckd-0113,1,classical_rbf_svm,1,1.4624596227784847
6,4,4,ckd-0115,1,classical_rbf_svm,1,1.474847643348307
6,4,4,ckd-0119,1,classical_rbf_svm,1,1.4507417667059643
6,4,4,ckd-0125,1,classical_rbf_svm,1,1.5573703525077849
6,4,4,ckd-0128,1,classical_rbf_svm,1,1.290316497709493
6,4,4,ckd-0138,1,classical_rbf_svm,1,1.4440958992160007
6,4,4,ckd-0139,1,classical_rbf_svm,1,1.5128745499512704
6,4,4,ckd-0147,1,classical_rbf_svm,1,1.7734168870078526
6,4,4,ckd-0153,1,classical_rbf_svm,1,1.677597568811744
6,4,4,ckd-0157,1,classical_rbf_svm,1,1.657696853936693
6,4,4,ckd-0161,1,classical_rbf_svm,1,2.006325611482537
6,4,4,ckd-0162,1,classical_rbf_svm,1,1.478779277790641
6,4,4,ckd-0166,1,classical_rbf_svm,1,0.9961359846550398
6,4,4,ckd-0179,1,classical_rbf_svm,1,1.7288311645605277
6,4,4,ckd-0182,1,classical_rbf_svm,1,1.2911057681644709
6,4,4,ckd-0187,1,classical_rbf_svm,1,1.214677910169827
6,4,4,ckd-0202,1,classical_rbf_svm,1,1.303786682283466
6,4,4,ckd-0204,1,classical_rbf_svm,1,1.6011188903642053
6,4,4,ckd-0217,1,classical_rbf_svm,1,1.3119588664563842
6,4,4,ckd-0228,1,classical_rbf_svm,1,1.8464470714073746
6,4,4,ckd-0231,1,classical_rbf_svm,1,1.7133539144792005
6,4,4,ckd-0232,1,classical_rbf_svm,1,1.625095054041631
6,4,4,ckd-0237,1,classical_rbf_svm,1,1.577551984977211
6,4,4,ckd-0254,0,classical_rbf_svm,0,-1.3254912036342643
6,4,4,ckd-0256,0,classical_rbf_svm,0,-1.2030932457954957
6,4,4,ckd-0257,0,classical_rbf_svm,0,-1.1119176390968037
6,4,4,ckd-0260,0,classical_rbf_svm,0,-1.33630837181906
6,4,4,ckd-0277,0,classical_rbf_svm,0,-0.9914295095090686
6,4,4,ckd-0280,0,classical_rbf_svm,0,-1.4429457934843415
6,4,4,ckd-0283,0,classical_rbf_svm,0,-1.140328445989659
6,4,4,ckd-0287,0,classical_rbf_svm,0,-1.1613376300428244
6,4,4,ckd-0290,0,classical_rbf_svm,0,-1.234924021107702
6,4,4,ckd-0301,0,classical_rbf_svm,0,-1.1466121885570175
6,4,4,ckd-0305,0,classical_rbf_svm,0,-1.046116468072447
6,4,4,ckd-0314,0,classical_rbf_svm,0,-0.984130525676673
6,4,4,ckd-0318,0,classical_rbf_svm,0,-0.8685469356398494
6,4,4,ckd-0325,0,classical_rbf_svm,0,-0.05227219523679294
6,4,4,ckd-0332,0,classical_rbf_svm,0,-1.2210686607991368
6,4,4,ckd-0340,0,classical_rbf_svm,0,-0.9944081194478303
6,4,4,ckd-0348,0,classical_rbf_svm,0,-1.118895592926766
6,4,4,ckd-0351,0,classical_rbf_svm,0,-1.3950273054494555
6,4,4,ckd-0353,0,classical_rbf_svm,0,-1.3462832616673948
6,4,4,ckd-0357,0,classical_rbf_svm,0,-1.3173427318566675
6,4,4,ckd-0385,0,classical_rbf_svm,0,-1.1293071752033437
6,4,4,ckd-0386,0,classical_rbf_svm,0,-1.1375786437806517
6,4,4,ckd-0396,0,classical_rbf_svm,0,-1.3759653155500298
6,4,4,ckd-0400,0,classical_rbf_svm,0,-1.2162627035385987
6,4,4,ckd-0004,1,qsvc,1,1.0884213342818556
6,4,4,ckd-0005,1,qsvc,1,1.065439238682582
6,4,4,ckd-0010,1,qsvc,1,0.9305916299723417
6,4,4,ckd-0018,1,qsvc,1,0.9781167190214328
6,4,4,ckd-0025,1,qsvc,1,1.0558018010657828
6,4,4,ckd-0034,1,qsvc,1,0.954508243635397
6,4,4,ckd-0042,1,qsvc,1,1.000313055669897
6,4,4,ckd-0072,1,qsvc,1,1.0103163543809273
6,4,4,ckd-0074,1,qsvc,1,1.093281047808204
6,4,4,ckd-0078,1,qsvc,1,1.0609348684700064
6,4,4,ckd-0082,1,qsvc,1,0.8996016966394105
6,4,4,ckd-0093,1,qsvc,1,1.0317940797561416
6,4,4,ckd-0094,1,qsvc,1,1.0101161123818791
6,4,4,ckd-0106,1,qsvc,1,1.0746031618715062
6,4,4,ckd-0107,1,qsvc,1,1.078272576375855
6,4,4,ckd-0111,1,qsvc,1,1.173861713541246
6,4,4,ckd-0112,1,qsvc,1,1.015178769947738
6,4,4,ckd-0113,1,qsvc,1,1.0824217683214434
6,4,4,ckd-0115,1,qsvc,1,1.1102772254489535
6,4,4,ckd-0119,1,qsvc,1,0.9477436834793191
6,4,4,ckd-0125,1,qsvc,1,1.1615060341872616
6,4,4,ckd-0128,1,qsvc,1,1.014047136488586
6,4,4,ckd-0138,1,qsvc,1,0.9611614700937234
6,4,4,ckd-0139,1,qsvc,1,1.2847763502609895
6,4,4,ckd-0147,1,qsvc,1,1.0458312328292598
6,4,4,ckd-0153,1,qsvc,1,1.0891899692530267
6,4,4,ckd-0157,1,qsvc,1,0.9997980216770541
6,4,4,ckd-0161,1,qsvc,1,1.081573191617423
6,4,4,ckd-0162,1,qsvc,1,1.081141859450456
6,4,4,ckd-0166,1,qsvc,1,1.1079191517662703
6,4,4,ckd-0179,1,qsvc,1,0.9376952475417353
6,4,4,ckd-0182,1,qsvc,1,0.9170318026885985
6,4,4,ckd-0187,1,qsvc,0,-0.23466121343027746
6,4,4,ckd-0202,1,qsvc,1,0.9323188697223569
6,4,4,ckd-0204,1,qsvc,1,0.8679051754498316
6,4,4,ckd-0217,1,qsvc,1,1.1146442894215274
6,4,4,ckd-0228,1,qsvc,1,1.1024720978949187
6,4,4,ckd-0231,1,qsvc,1,1.0200167979147505
6,4,4,ckd-0232,1,qsvc,1,1.1082305862875026
6,4,4,ckd-0237,1,qsvc,1,0.9466236228839496
6,4,4,ckd-0254,0,qsvc,0,-1.4154298758989183
6,4,4,ckd-0256,0,qsvc,0,-0.6204126433020201
6,4,4,ckd-0257,0,qsvc,0,-1.0925785898502491
6,4,4,ckd-0260,0,qsvc,0,-1.3350116598890245
6,4,4,ckd-0277,0,qsvc,0,-0.8408007804612307
6,4,4,ckd-0280,0,qsvc,0,-1.4544289675439606
6,4,4,ckd-0283,0,qsvc,0,-1.2794957767437651
6,4,4,ckd-0287,0,qsvc,0,-1.2945001205887592
6,4,4,ckd-0290,0,qsvc,0,-1.2384918203087816
6,4,4,ckd-0301,0,qsvc,0,-1.2856677871857385
6,4,4,ckd-0305,0,qsvc,0,-0.9019655791983896
6,4,4,ckd-0314,0,qsvc,0,-0.2675188062170133
6,4,4,ckd-0318,0,qsvc,0,-1.0997618817435852
6,4,4,ckd-0325,0,qsvc,0,-0.23961067591235308
6,4,4,ckd-0332,0,qsvc,0,-1.1206824657436543
6,4,4,ckd-0340,0,qsvc,0,-1.0859831888610092
6,4,4,ckd-0348,0,qsvc,0,-0.7015970873198296
6,4,4,ckd-0351,0,qsvc,0,-1.4227049403088454
6,4,4,ckd-0353,0,qsvc,0,-1.358084975413846
6,4,4,ckd-0357,0,qsvc,0,-1.2496897361974333
6,4,4,ckd-0385,0,qsvc,0,-1.272332839302869
6,4,4,ckd-0386,0,qsvc,0,-0.7003805777752476
6,4,4,ckd-0396,0,qsvc,0,-1.33793452862594
6,4,4,ckd-0400,0,qsvc,0,-1.13376181039411
6,4,5,ckd-0001,1,classical_rbf_svm,0,-0.016826833108763872
6,4,5,ckd-0009,1,classical_rbf_svm,1,1.402159945048604
6,4,5,ckd-0013,1,classical_rbf_svm,1,1.2893866284435478
6,4,5,ckd-0015,1,classical_rbf_svm,1,0.9402142403353152
6,4,5,ckd-0026,1,classical_rbf_svm,1,1.463197774742639
6,4,5,ckd-0029,1,classical_rbf_svm,1,1.1204622893440728
6,4,5,ckd-0032,1,classical_rbf_svm,1,1.348072197235894
6,4,5,ckd-0033,1,classical_rbf_svm,1,1.7266944033528673
6,4,5,ckd-0038,1,classical_rbf_svm,1,1.7973189566594767
6,4,5,ckd-0059,1,classical_rbf_svm,1,1.6056009477329007
6,4,5,ckd-0062,1,classical_rbf_svm,1,1.4470552778806969
6,4,5,ckd-0066,1,classical_rbf_svm,1,0.7084769441617784
6,4,5,ckd-0075,1,classical_rbf_svm,1,1.4655303223500957
6,4,5,ckd-0076,1,classical_rbf_svm,1,1.4458297402534734
6,4,5,ckd-0080,1,classical_rbf_svm,1,1.577187957213083
6,4,5,ckd-0095,1,classical_rbf_svm,1,1.7255864532496537
6,4,5,ckd-0098,1,classical_rbf_svm,1,1.9105424810282017
6,4,5,ckd-0105,1,classical_rbf_svm,1,1.466490082979547
6,4,5,ckd-0109,1,classical_rbf_svm,1,1.2523832803901658
6,4,5,ckd-0116,1,classical_rbf_svm,1,1.1079316045683236
6,4,5,ckd-0122,1,classical_rbf_svm,1,0.7569867480140524
6,4,5,ckd-0133,1,classical_rbf_svm,1,1.3825381695105592
6,4,5,ckd-0146,1,classical_rbf_svm,1,0.935421712642087
6,4,5,ckd-0155,1,classical_rbf_svm,1,0.9315231601713263
6,4,5,ckd-0163,1,classical_rbf_svm,1,1.611493295527731
6,4,5,ckd-0176,1,classical_rbf_svm,1,1.3720403878706882
6,4,5,ckd-0191,1,classical_rbf_svm,1,1.0629962231474548
6,4,5,ckd-0195,1,classical_rbf_svm,1,1.5126126341437431
6,4,5,ckd-0199,1,classical_rbf_svm,1,1.1372632568418308
6,4,5,ckd-0200,1,classical_rbf_svm,1,1.4451619513761327
6,4,5,ckd-0206,1,classical_rbf_svm,1,0.5052202616531992
6,4,5,ckd-0213,1,classical_rbf_svm,1,1.3920012077076693
6,4,5,ckd-0216,1,classical_rbf_svm,1,1.2793989538133104
6,4,5,ckd-0221,1,classical_rbf_svm,1,1.5324562703421631
6,4,5,ckd-0223,1,classical_rbf_svm,1,0.9562439125421662
6,4,5,ckd-0233,1,classical_rbf_svm,1,1.0960803369499699
6,4,5,ckd-0236,1,classical_rbf_svm,1,1.1961049762771796
6,4,5,ckd-0238,1,classical_rbf_svm,1,1.5931682110454046
6,4,5,ckd-0242,1,classical_rbf_svm,1,1.6705741150561717
6,4,5,ckd-0244,1,classical_rbf_svm,1,0.055650211077826084
6,4,5,ckd-0252,0,classical_rbf_svm,0,-1.0779518640561911
6,4,5,ckd-0255,0,classical_rbf_svm,0,-1.1626121777472975
6,4,5,ckd-0259,0,classical_rbf_svm,0,-0.9221564103044945
6,4,5,ckd-0269,0,classical_rbf_svm,0,-1.1045073072909828
6,4,5,ckd-0281,0,classical_rbf_svm,0,-1.0146207745605422
6,4,5,ckd-0284,0,classical_rbf_svm,0,-1.18174245418076
6,4,5,ckd-0295,0,classical_rbf_svm,0,-0.6056167087062286
6,4,5,ckd-0302,0,classical_rbf_svm,0,-1.1734243627775949
6,4,5,ckd-0304,0,classical_rbf_svm,0,-1.1718387410293847
6,4,5,ckd-0310,0,classical_rbf_svm,0,-0.9124067897635649
6,4,5,ckd-0316,0,classical_rbf_svm,0,-1.3574712452809914
6,4,5,ckd-0317,0,classical_rbf_svm,0,-1.355078822113886
6,4,5,ckd-0319,0,classical_rbf_svm,0,-0.9827977601962098
6,4,5,ckd-0323,0,classical_rbf_svm,0,-1.1832697369495002
6,4,5,ckd-0335,0,classical_rbf_svm,0,-1.387977943660692
6,4,5,ckd-0349,0,classical_rbf_svm,0,-0.831498296569921
6,4,5,ckd-0361,0,classical_rbf_svm,0,-1.3232616186828725
6,4,5,ckd-0370,0,classical_rbf_svm,0,-0.987796229414437
6,4,5,ckd-0371,0,classical_rbf_svm,0,-1.2884120011930644
6,4,5,ckd-0372,0,classical_rbf_svm,0,-1.0014778760515304
6,4,5,ckd-0384,0,classical_rbf_svm,0,-1.3687338277246064
6,4,5,ckd-0391,0,classical_rbf_svm,0,-1.3204559454344027
6,4,5,ckd-0398,0,classical_rbf_svm,0,-1.3449404438947856
6,4,5,ckd-0399,0,classical_rbf_svm,0,-1.341834213351611
6,4,5,ckd-0001,1,qsvc,1,0.956236243855076
6,4,5,ckd-0009,1,qsvc,1,1.0390587776509466
6,4,5,ckd-0013,1,qsvc,1,1.023757909655398
6,4,5,ckd-0015,1,qsvc,1,0.8953044598458483
6,4,5,ckd-0026,1,qsvc,1,1.031645885206873
6,4,5,ckd-0029,1,qsvc,1,1.0027103352312983
6,4,5,ckd-0032,1,qsvc,1,0.9917027021033807
6,4,5,ckd-0033,1,qsvc,1,1.0144785508909218
6,4,5,ckd-0038,1,qsvc,1,0.9923738088497627
6,4,5,ckd-0059,1,qsvc,1,0.932311981604722
6,4,5,ckd-0062,1,qsvc,1,1.2980253794103929
6,4,5,ckd-0066,1,qsvc,1,0.22218143690560221
6,4,5,ckd-0075,1,qsvc,1,1.0045312017873862
6,4,5,ckd-0076,1,qsvc,1,0.6415601791754166
6,4,5,ckd-0080,1,qsvc,1,0.9804073638787825
6,4,5,ckd-0095,1,qsvc,1,1.159318855840656
6,4,5,ckd-0098,1,qsvc,1,0.9976063286083481
6,4,5,ckd-0105,1,qsvc,1,1.036222447989221
6,4,5,ckd-0109,1,qsvc,1,1.2841831890722295
6,4,5,ckd-0116,1,qsvc,1,0.21961843224184463
6,4,5,ckd-0122,1,qsvc,1,0.8802581895938383
6,4,5,ckd-0133,1,qsvc,0,-0.9285456224821662
6,4,5,ckd-0146,1,qsvc,1,1.0031454533430937
6,4,5,ckd-0155,1,qsvc,1,0.9679265895900395
6,4,5,ckd-0163,1,qsvc,1,1.0916253989394358
6,4,5,ckd-0176,1,qsvc,1,0.9999889133698472
6,4,5,ckd-0191,1,qsvc,1,0.8206266512589905
6,4,5,ckd-0195,1,qsvc,1,1.0731835679121016
6,4,5,ckd-0199,1,qsvc,1,0.9430097334110652
6,4,5,ckd-0200,1,qsvc,1,1.0080757861803145
6,4,5,ckd-0206,1,qsvc,1,0.7501125718895705
6,4,5,ckd-0213,1,qsvc,1,1.0154814638528584
6,4,5,ckd-0216,1,qsvc,1,0.9470367469958627
6,4,5,ckd-0221,1,qsvc,1,1.407092427044914
6,4,5,ckd-0223,1,qsvc,1,0.9996873400188957
6,4,5,ckd-0233,1,qsvc,1,1.170700413434684
6,4,5,ckd-0236,1,qsvc,1,1.0622996295014708
6,4,5,ckd-0238,1,qsvc,1,0.9803345424265908
6,4,5,ckd-0242,1,qsvc,1,1.0494244640389307
6,4,5,ckd-0244,1,qsvc,1,0.8813007803121132
6,4,5,ckd-0252,0,qsvc,0,-0.8569078965495958
6,4,5,ckd-0255,0,qsvc,0,-0.7940563747597849
6,4,5,ckd-0259,0,qsvc,0,-1.1200557648071305
6,4,5,ckd-0269,0,qsvc,0,-0.7933608381718245
6,4,5,ckd-0281,0,qsvc,0,-0.49733523623492903
6,4,5,ckd-0284,0,qsvc,0,-1.2216850529776815
6,4,5,ckd-0295,0,qsvc,0,-0.8310200972710939
6,4,5,ckd-0302,0,qsvc,0,-0.9873087466989665
6,4,5,ckd-0304,0,qsvc,0,-0.795402603699517
6,4,5,ckd-0310,0,qsvc,0,-0.7696091803369938
6,4,5,ckd-0316,0,qsvc,0,-1.2031231397587867
6,4,5,ckd-0317,0,qsvc,0,-1.3514635175551148
6,4,5,ckd-0319,0,qsvc,0,-0.6521360271465098
6,4,5,ckd-0323,0,qsvc,0,-1.2570753819326395
6,4,5,ckd-0335,0,qsvc,0,-1.4523785403419998
6,4,5,ckd-0349,0,qsvc,0,-1.0574702759032617
6,4,5,ckd-0361,0,qsvc,0,-1.3620323769395075
6,4,5,ckd-0370,0,qsvc,0,-1.143062053414537
6,4,5,ckd-0371,0,qsvc,0,-1.1017988594541492
6,4,5,ckd-0372,0,qsvc,0,-0.6911485339199359
6,4,5,ckd-0384,0,qsvc,0,-1.144603595394629
6,4,5,ckd-0391,0,qsvc,0,-1.1591197761187038
6,4,5,ckd-0398,0,qsvc,0,-1.266491564222769
6,4,5,ckd-0399,0,qsvc,0,-1.0097489105948432
6,5,1,ckd-0002,1,classical_rbf_svm,1,1.2392374882175665
6,5,1,ckd-0014,1,classical_rbf_svm,1,1.7662966988618205
6,5,1,ckd-0015,1,classical_rbf_svm,1,0.9724679628454383
6,5,1,ckd-0018,1,classical_rbf_svm,1,0.8090567292923162
6,5,1,ckd-0025,1,classical_rbf_svm,1,1.2688887523194081
6,5,1,ckd-0027,1,classical_rbf_svm,1,1.9235918508416687
6,5,1,ckd-0029,1,classical_rbf_svm,1,1.3597586632444558
6,5,1,ckd-0033,1,classical_rbf_svm,1,1.760152357435663
6,5,1,ckd-0068,1,classical_rbf_svm,1,1.3993721929932774
6,5,1,ckd-0069,1,classical_rbf_svm,1,1.6368484012392281
6,5,1,ckd-0080,1,classical_rbf_svm,1,1.7107869077790323
6,5,1,ckd-0086,1,classical_rbf_svm,1,1.7975366164277824
6,5,1,ckd-0101,1,classical_rbf_svm,1,1.289607711529638
6,5,1,ckd-0106,1,classical_rbf_svm,1,0.09546692278649704
6,5,1,ckd-0111,1,classical_rbf_svm,1,1.37001277558325
6,5,1,ckd-0112,1,classical_rbf_svm,1,1.3268103271814518
6,5,1,ckd-0113,1,classical_rbf_svm,1,1.459715005895894
6,5,1,ckd-0114,1,classical_rbf_svm,1,1.6595414143666405
6,5,1,ckd-0129,1,classical_rbf_svm,1,1.0463082045344436
6,5,1,ckd-0133,1,classical_rbf_svm,1,1.3859695287476859
6,5,1,ckd-0134,1,classical_rbf_svm,1,1.2776679988144384
6,5,1,ckd-0141,1,classical_rbf_svm,1,1.289490185999752
6,5,1,ckd-0153,1,classical_rbf_svm,1,1.7004773911021718
6,5,1,ckd-0162,1,classical_rbf_svm,1,1.4903766097563436
6,5,1,ckd-0166,1,classical_rbf_svm,1,0.9998409660010856
6,5,1,ckd-0167,1,classical_rbf_svm,1,0.6401618534611972
6,5,1,ckd-0169,1,classical_rbf_svm,1,1.2989028544651413
6,5,1,ckd-0171,1,classical_rbf_svm,1,1.7708459903784317
6,5,1,ckd-0176,1,classical_rbf_svm,1,1.289490185999752
6,5,1,ckd-0197,1,classical_rbf_svm,1,1.0922490543393004
6,5,1,ckd-0200,1,classical_rbf_svm,1,1.4389555857324003
6,5,1,ckd-0202,1,classical_rbf_svm,1,1.2847552181102673
6,5,1,ckd-0203,1,classical_rbf_svm,1,1.419395701089348
6,5,1,ckd-0204,1,classical_rbf_svm,1,1.6224791883452085
6,5,1,ckd-0205,1,classical_rbf_svm,1,1.0939072630349935
6,5,1,ckd-0211,1,classical_rbf_svm,1,1.0091408627126295
6,5,1,ckd-0213,1,classical_rbf_svm,1,1.4451614347119839
6,5,1,ckd-0217,1,classical_rbf_svm,1,1.3237127408800744
6,5,1,ckd-0232,1,classical_rbf_svm,1,1.6267588542010532
6,5,1,ckd-0237,1,classical_rbf_svm,1,1.5512507207412067
6,5,1,ckd-0252,0,classical_rbf_svm,0,-1.0994218119450467
6,5,1,ckd-0255,0,classical_rbf_svm,0,-1.1287459523264496
6,5,1,ckd-0262,0,classical_rbf_svm,0,-1.093415854222664
6,5,1,ckd-0263,0,classical_rbf_svm,0,-1.233176898904869
6,5,1,ckd-0274,0,classical_rbf_svm,0,-0.029171242137339015
6,5,1,ckd-0280,0,classical_rbf_svm,0,-1.4590174915062644
6,5,1,ckd-0306,0,classical_rbf_svm,0,-1.0831740469773274
6,5,1,ckd-0317,0,classical_rbf_svm,0,-1.3944154455544497
6,5,1,ckd-0322,0,classical_rbf_svm,0,-1.1697592055336585
6,5,1,ckd-0325,0,classical_rbf_svm,0,-0.029171242137339015
6,5,1,ckd-0326,0,classical_rbf_svm,0,-1.202263722161839
6,5,1,ckd-0327,0,classical_rbf_svm,0,-1.1016780204909282
6,5,1,ckd-0341,0,classical_rbf_svm,0,-1.2585132062698805
6,5,1,ckd-0348,0,classical_rbf_svm,0,-1.1234304430855167
6,5,1,ckd-0363,0,classical_rbf_svm,0,-1.1176382337217845
6,5,1,ckd-0365,0,classical_rbf_svm,0,-1.4642627062360538
6,5,1,ckd-0366,0,classical_rbf_svm,0,-0.029171242137339015
6,5,1,ckd-0369,0,classical_rbf_svm,0,-1.4760689748582507
6,5,1,ckd-0371,0,classical_rbf_svm,0,-1.313421108989147
6,5,1,ckd-0377,0,classical_rbf_svm,0,-1.136474990966081
6,5,1,ckd-0381,0,classical_rbf_svm,0,-1.111441800253199
6,5,1,ckd-0386,0,classical_rbf_svm,0,-1.1576461093666635
6,5,1,ckd-0396,0,classical_rbf_svm,0,-1.3995726574671612
6,5,1,ckd-0399,0,classical_rbf_svm,0,-1.3477465268354734
6,5,1,ckd-0002,1,qsvc,1,0.7753983029376623
6,5,1,ckd-0014,1,qsvc,1,0.8638720739821553
6,5,1,ckd-0015,1,qsvc,1,0.9154079963608566
6,5,1,ckd-0018,1,qsvc,1,0.9780517909954565
6,5,1,ckd-0025,1,qsvc,1,1.0817715793422025
6,5,1,ckd-0027,1,qsvc,1,0.9974240496443031
6,5,1,ckd-0029,1,qsvc,1,1.1158209623189217
6,5,1,ckd-0033,1,qsvc,1,1.0077674345969154
6,5,1,ckd-0068,1,qsvc,1,0.943449961986682
6,5,1,ckd-0069,1,qsvc,1,1.0674216521539903
6,5,1,ckd-0080,1,qsvc,1,0.9847597257538799
6,5,1,ckd-0086,1,qsvc,1,0.9354134697405677
6,5,1,ckd-0101,1,qsvc,1,1.4707498305776978
6,5,1,ckd-0106,1,qsvc,1,1.185003670504118
6,5,1,ckd-0111,1,qsvc,1,1.217570517484739
6,5,1,ckd-0112,1,qsvc,1,1.0317301226459594
6,5,1,ckd-0113,1,qsvc,1,1.062966392648329
6,5,1,ckd-0114,1,qsvc,1,1.0264328768193054
6,5,1,ckd-0129,1,qsvc,1,1.1495984010176254
6,5,1,ckd-0133,1,qsvc,0,-1.1048678185029872
6,5,1,ckd-0134,1,qsvc,1,1.4310587609559247
6,5,1,ckd-0141,1,qsvc,1,0.8989478177556551
6,5,1,ckd-0153,1,qsvc,1,1.0709947093215244
6,5,1,ckd-0162,1,qsvc,1,1.1277281121380622
6,5,1,ckd-0166,1,qsvc,1,1.1394815912453842
6,5,1,ckd-0167,1,qsvc,1,0.9999720851957934
6,5,1,ckd-0169,1,qsvc,1,1.1014428458226
6,5,1,ckd-0171,1,qsvc,1,0.9269022828868072
6,5,1,ckd-0176,1,qsvc,1,0.8989478177556551
6,5,1,ckd-0197,1,qsvc,1,0.9947824131431848
6,5,1,ckd-0200,1,qsvc,1,1.001098433814136
6,5,1,ckd-0202,1,qsvc,1,0.705637054325032
6,5,1,ckd-0203,1,qsvc,1,0.7568978576527324
6,5,1,ckd-0204,1,qsvc,1,0.7775056759984105
6,5,1,ckd-0205,1,qsvc,1,0.9728164568124592
6,5,1,ckd-0211,1,qsvc,1,1.1269763648150084
6,5,1,ckd-0213,1,qsvc,1,1.0132845236766972
6,5,1,ckd-0217,1,qsvc,1,0.9643796240416469
6,5,1,ckd-0232,1,qsvc,1,1.1088021248168076
6,5,1,ckd-0237,1,qsvc,1,0.8355156480890827
6,5,1,ckd-0252,0,qsvc,0,-0.9633044115612169
6,5,1,ckd-0255,0,qsvc,0,-0.8482927028107637
6,5,1,ckd-0262,0,qsvc,0,-0.9835833984235854
6,5,1,ckd-0263,0,qsvc,0,-1.4245869567127496
6,5,1,ckd-0274,0,qsvc,1,0.1534016259544434
6,5,1,ckd-0280,0,qsvc,0,-1.4483349814878324
6,5,1,ckd-0306,0,qsvc,0,-0.9430181265681926
6,5,1,ckd-0317,0,qsvc,0,-1.5488170120888425
6,5,1,ckd-0322,0,qsvc,0,-1.3404947182185385
6,5,1,ckd-0325,0,qsvc,1,0.1534016259544434
6,5,1,ckd-0326,0,qsvc,0,-1.249849077944896
6,5,1,ckd-0327,0,qsvc,0,-1.2371109941894822
6,5,1,ckd-0341,0,qsvc,0,-1.3413347730613134
6,5,1,ckd-0348,0,qsvc,0,-0.6577702676444587
6,5,1,ckd-0363,0,qsvc,0,-1.2501593236354558
6,5,1,ckd-0365,0,qsvc,0,-1.577690736558346
6,5,1,ckd-0366,0,qsvc,1,0.1534016259544434
6,5,1,ckd-0369,0,qsvc,0,-1.5926840379858738
6,5,1,ckd-0371,0,qsvc,0,-1.2687743871189867
6,5,1,ckd-0377,0,qsvc,0,-1.0517536718500624
6,5,1,ckd-0381,0,qsvc,0,-0.9809653085013644
6,5,1,ckd-0386,0,qsvc,0,-0.929225932862782
6,5,1,ckd-0396,0,qsvc,0,-1.5645348006716961
6,5,1,ckd-0399,0,qsvc,0,-1.0275138993992754
6,5,2,ckd-0001,1,classical_rbf_svm,1,0.16199188344611648
6,5,2,ckd-0003,1,classical_rbf_svm,1,1.431636699569547
6,5,2,ckd-0006,1,classical_rbf_svm,1,1.497165002590452
6,5,2,ckd-0008,1,classical_rbf_svm,1,1.513343816961782
6,5,2,ckd-0013,1,classical_rbf_svm,1,1.3114130699292834
6,5,2,ckd-0021,1,classical_rbf_svm,1,1.2603221080806484
6,5,2,ckd-0023,1,classical_rbf_svm,1,1.055327256887986
6,5,2,ckd-0024,1,classical_rbf_svm,1,1.5065553093992283
6,5,2,ckd-0026,1,classical_rbf_svm,1,1.537445719945325
6,5,2,ckd-0034,1,classical_rbf_svm,1,1.582148159713245
6,5,2,ckd-0036,1,classical_rbf_svm,1,1.8186995514557212
6,5,2,ckd-0038,1,classical_rbf_svm,1,1.8392542129526768
6,5,2,ckd-0052,1,classical_rbf_svm,1,1.454830107002068
6,5,2,ckd-0063,1,classical_rbf_svm,1,1.4352381441076925
6,5,2,ckd-0077,1,classical_rbf_svm,1,1.0355373233078726
6,5,2,ckd-0082,1,classical_rbf_svm,1,1.6530740653470217
6,5,2,ckd-0107,1,classical_rbf_svm,1,1.0644251833155083
6,5,2,ckd-0120,1,classical_rbf_svm,1,1.2605681197214385
6,5,2,ckd-0123,1,classical_rbf_svm,1,1.1775405536008472
6,5,2,ckd-0126,1,classical_rbf_svm,1,1.5166059413434225
6,5,2,ckd-0138,1,classical_rbf_svm,1,1.4051076420999649
6,5,2,ckd-0139,1,classical_rbf_svm,1,1.4498447274975135
6,5,2,ckd-0146,1,classical_rbf_svm,1,0.9607207410165571
6,5,2,ckd-0150,1,classical_rbf_svm,1,1.4180684658770097
6,5,2,ckd-0158,1,classical_rbf_svm,1,1.1891674782829234
6,5,2,ckd-0161,1,classical_rbf_svm,1,2.041965516011219
6,5,2,ckd-0163,1,classical_rbf_svm,1,1.746558865651621
6,5,2,ckd-0174,1,classical_rbf_svm,1,0.8224144448720696
6,5,2,ckd-0181,1,classical_rbf_svm,1,1.5064817961044232
6,5,2,ckd-0185,1,classical_rbf_svm,1,1.4343245732893521
6,5,2,ckd-0191,1,classical_rbf_svm,1,1.083372298601409
6,5,2,ckd-0198,1,classical_rbf_svm,1,1.436555275176183
6,5,2,ckd-0199,1,classical_rbf_svm,1,1.164762422423783
6,5,2,ckd-0208,1,classical_rbf_svm,1,1.5977011798128862
6,5,2,ckd-0210,1,classical_rbf_svm,1,0.37058208243026813
6,5,2,ckd-0215,1,classical_rbf_svm,1,0.9078447008094068
6,5,2,ckd-0216,1,classical_rbf_svm,1,1.3791187512331375
6,5,2,ckd-0218,1,classical_rbf_svm,1,1.7221666539243539
6,5,2,ckd-0220,1,classical_rbf_svm,1,1.4884506407327311
6,5,2,ckd-0227,1,classical_rbf_svm,1,1.048016807436983
6,5,2,ckd-0253,0,classical_rbf_svm,0,-1.513869421521947
6,5,2,ckd-0254,0,classical_rbf_svm,0,-1.3584345704663765
6,5,2,ckd-0260,0,classical_rbf_svm,0,-1.3776079364465643
6,5,2,ckd-0265,0,classical_rbf_svm,0,-1.272654636070399
6,5,2,ckd-0269,0,classical_rbf_svm,0,-1.1140362757963167
6,5,2,ckd-0270,0,classical_rbf_svm,0,-1.5072092630017562
6,5,2,ckd-0276,0,classical_rbf_svm,0,-1.285023838759263
6,5,2,ckd-0282,0,classical_rbf_svm,0,-1.288732996188141
6,5,2,ckd-0287,0,classical_rbf_svm,0,-1.2117245252180526
6,5,2,ckd-0310,0,classical_rbf_svm,0,-1.0384501597255607
6,5,2,ckd-0313,0,classical_rbf_svm,0,-1.39771459602621
6,5,2,ckd-0314,0,classical_rbf_svm,0,-0.9955308510334986
6,5,2,ckd-0315,0,classical_rbf_svm,0,-1.2940851837628944
6,5,2,ckd-0324,0,classical_rbf_svm,0,-1.5003205838091522
6,5,2,ckd-0332,0,classical_rbf_svm,0,-1.2031572876112457
6,5,2,ckd-0334,0,classical_rbf_svm,0,-1.1322207360503365
6,5,2,ckd-0339,0,classical_rbf_svm,0,-1.0968434026588727
6,5,2,ckd-0340,0,classical_rbf_svm,0,-0.9939772421198849
6,5,2,ckd-0355,0,classical_rbf_svm,0,-1.167879859496628
6,5,2,ckd-0359,0,classical_rbf_svm,0,-0.7375006237580914
6,5,2,ckd-0364,0,classical_rbf_svm,0,-1.1344756942789698
6,5,2,ckd-0379,0,classical_rbf_svm,0,-1.3418499659830976
6,5,2,ckd-0387,0,classical_rbf_svm,0,-1.3939130652012046
6,5,2,ckd-0388,0,classical_rbf_svm,0,-1.297141893607206
6,5,2,ckd-0001,1,qsvc,1,0.9684410454829674
6,5,2,ckd-0003,1,qsvc,1,0.9726277836894135
6,5,2,ckd-0006,1,qsvc,1,1.0891893023887524
6,5,2,ckd-0008,1,qsvc,1,0.945843033329635
6,5,2,ckd-0013,1,qsvc,1,1.0020714104006212
6,5,2,ckd-0021,1,qsvc,1,0.93732673780407
6,5,2,ckd-0023,1,qsvc,1,0.01271928180452142
6,5,2,ckd-0024,1,qsvc,1,0.9939570264433594
6,5,2,ckd-0026,1,qsvc,1,0.9654798430458533
6,5,2,ckd-0034,1,qsvc,1,1.0083075218336055
6,5,2,ckd-0036,1,qsvc,1,0.9862884605339326
6,5,2,ckd-0038,1,qsvc,1,1.0106125041680023
6,5,2,ckd-0052,1,qsvc,1,1.0218380892924994
6,5,2,ckd-0063,1,qsvc,1,1.0545741906885293
6,5,2,ckd-0077,1,qsvc,1,1.099554743365123
6,5,2,ckd-0082,1,qsvc,1,0.8986052341879543
6,5,2,ckd-0107,1,qsvc,1,1.0196504542313436
6,5,2,ckd-0120,1,qsvc,1,0.9999593528966069
6,5,2,ckd-0123,1,qsvc,0,-1.0482928745123847
6,5,2,ckd-0126,1,qsvc,1,1.059860587406252
6,5,2,ckd-0138,1,qsvc,1,0.9794802523599679
6,5,2,ckd-0139,1,qsvc,1,1.2810206761769831
6,5,2,ckd-0146,1,qsvc,1,0.9583293553708635
6,5,2,ckd-0150,1,qsvc,1,1.0454479921295365
6,5,2,ckd-0158,1,qsvc,1,0.95491557846401
6,5,2,ckd-0161,1,qsvc,1,1.0504727802324423
6,5,2,ckd-0163,1,qsvc,1,1.0850321975768753
6,5,2,ckd-0174,1,qsvc,1,1.1770062669006072
6,5,2,ckd-0181,1,qsvc,1,0.9748833367608273
6,5,2,ckd-0185,1,qsvc,1,0.983880974619578
6,5,2,ckd-0191,1,qsvc,1,0.6598238382502285
6,5,2,ckd-0198,1,qsvc,1,0.9987762576959022
6,5,2,ckd-0199,1,qsvc,1,0.9534383162807967
6,5,2,ckd-0208,1,qsvc,1,1.0105048740933114
6,5,2,ckd-0210,1,qsvc,0,-0.07741138991841101
6,5,2,ckd-0215,1,qsvc,1,1.2012986264959316
6,5,2,ckd-0216,1,qsvc,1,0.94871817524635
6,5,2,ckd-0218,1,qsvc,1,1.085124591998381
6,5,2,ckd-0220,1,qsvc,1,0.9801893631311902
6,5,2,ckd-0227,1,qsvc,1,1.197387993280776
6,5,2,ckd-0253,0,qsvc,0,-1.434402107069348
6,5,2,ckd-0254,0,qsvc,0,-1.3937992916638122
6,5,2,ckd-0260,0,qsvc,0,-1.3216876474722707
6,5,2,ckd-0265,0,qsvc,0,-1.2903217869570405
6,5,2,ckd-0269,0,qsvc,0,-0.6767775007598996
6,5,2,ckd-0270,0,qsvc,0,-1.433246699897945
6,5,2,ckd-0276,0,qsvc,0,-1.2137462503708667
6,5,2,ckd-0282,0,qsvc,0,-1.3296174495012463
6,5,2,ckd-0287,0,qsvc,0,-1.4097053380531537
6,5,2,ckd-0310,0,qsvc,0,-0.7327176728013348
6,5,2,ckd-0313,0,qsvc,0,-1.378223567261743
6,5,2,ckd-0314,0,qsvc,0,-0.20281941018394523
6,5,2,ckd-0315,0,qsvc,0,-1.3265782314201648
6,5,2,ckd-0324,0,qsvc,0,-1.4353415481634397
6,5,2,ckd-0332,0,qsvc,0,-1.2065205673710064
6,5,2,ckd-0334,0,qsvc,0,-0.8824892446894365
6,5,2,ckd-0339,0,qsvc,0,-0.900658282111309
6,5,2,ckd-0340,0,qsvc,0,-1.1683143614864036
6,5,2,ckd-0355,0,qsvc,0,-1.1586432519509757
6,5,2,ckd-0359,0,qsvc,0,-1.1310868873779443
6,5,2,ckd-0364,0,qsvc,0,-0.7237853225534919
6,5,2,ckd-0379,0,qsvc,0,-1.3845737522590142
6,5,2,ckd-0387,0,qsvc,0,-1.249957123317623
6,5,2,ckd-0388,0,qsvc,0,-1.1625516667885885
6,5,3,ckd-0022,1,classical_rbf_svm,1,1.7167996258290912
6,5,3,ckd-0028,1,classical_rbf_svm,1,1.3847115485287036
6,5,3,ckd-0042,1,classical_rbf_svm,1,1.3165717935732666
6,5,3,ckd-0047,1,classical_rbf_svm,1,1.6643804224051575
6,5,3,ckd-0055,1,classical_rbf_svm,1,1.4468763610937172
6,5,3,ckd-0057,1,classical_rbf_svm,1,1.4059091623780224
6,5,3,ckd-0058,1,classical_rbf_svm,1,1.465007156890867
6,5,3,ckd-0066,1,classical_rbf_svm,1,0.8031004821961365
6,5,3,ckd-0074,1,classical_rbf_svm,1,0.9468215387192792
6,5,3,ckd-0076,1,classical_rbf_svm,1,1.5318958050881637
6,5,3,ckd-0079,1,classical_rbf_svm,1,1.4135039531826559
6,5,3,ckd-0088,1,classical_rbf_svm,1,1.2493786931183646
6,5,3,ckd-0089,1,classical_rbf_svm,1,1.1751381349650343
6,5,3,ckd-0091,1,classical_rbf_svm,1,1.4468763610937172
6,5,3,ckd-0094,1,classical_rbf_svm,1,1.2139831218255956
6,5,3,ckd-0095,1,classical_rbf_svm,1,1.6837826260601028
6,5,3,ckd-0097,1,classical_rbf_svm,1,1.7397555291295212
6,5,3,ckd-0105,1,classical_rbf_svm,1,1.465007156890867
6,5,3,ckd-0108,1,classical_rbf_svm,1,1.9382751638015783
6,5,3,ckd-0115,1,classical_rbf_svm,1,1.421444879305808
6,5,3,ckd-0117,1,classical_rbf_svm,1,1.245694169542725
6,5,3,ckd-0122,1,classical_rbf_svm,1,1.0625159680011111
6,5,3,ckd-0127,1,classical_rbf_svm,1,1.9391861234330197
6,5,3,ckd-0131,1,classical_rbf_svm,1,1.1220803862982471
6,5,3,ckd-0140,1,classical_rbf_svm,1,1.6202711035370534
6,5,3,ckd-0155,1,classical_rbf_svm,1,0.9669421882440601
6,5,3,ckd-0156,1,classical_rbf_svm,1,1.329442554995298
6,5,3,ckd-0172,1,classical_rbf_svm,1,1.2284135003089445
6,5,3,ckd-0173,1,classical_rbf_svm,1,1.625959729947129
6,5,3,ckd-0177,1,classical_rbf_svm,1,0.9981914155116332
6,5,3,ckd-0186,1,classical_rbf_svm,1,1.1166970331313288
6,5,3,ckd-0188,1,classical_rbf_svm,1,1.5257937610064045
6,5,3,ckd-0192,1,classical_rbf_svm,1,1.1517641002014722
6,5,3,ckd-0221,1,classical_rbf_svm,1,1.5105059787679493
6,5,3,ckd-0231,1,classical_rbf_svm,1,1.5757840721785077
6,5,3,ckd-0233,1,classical_rbf_svm,1,1.184124313144898
6,5,3,ckd-0242,1,classical_rbf_svm,1,1.6907232996132997
6,5,3,ckd-0246,1,classical_rbf_svm,1,1.0954334422252925
6,5,3,ckd-0248,1,classical_rbf_svm,1,0.6416717184924324
6,5,3,ckd-0249,1,classical_rbf_svm,1,1.6853446687865294
6,5,3,ckd-0258,0,classical_rbf_svm,0,-0.9652670134590098
6,5,3,ckd-0271,0,classical_rbf_svm,0,-1.0736717023351336
6,5,3,ckd-0272,0,classical_rbf_svm,0,-1.034744447978564
6,5,3,ckd-0273,0,classical_rbf_svm,0,-1.2549293781888378
6,5,3,ckd-0281,0,classical_rbf_svm,0,-0.8743051560479371
6,5,3,ckd-0295,0,classical_rbf_svm,0,-0.5424397623819921
6,5,3,ckd-0299,0,classical_rbf_svm,0,-0.9055483117979339
6,5,3,ckd-0305,0,classical_rbf_svm,0,-1.0247113476580931
6,5,3,ckd-0308,0,classical_rbf_svm,0,-0.7038303646682114
6,5,3,ckd-0316,0,classical_rbf_svm,0,-1.2976861851224624
6,5,3,ckd-0318,0,classical_rbf_svm,0,-0.7311657889259942
6,5,3,ckd-0320,0,classical_rbf_svm,1,0.07283474839284321
6,5,3,ckd-0335,0,classical_rbf_svm,0,-1.3871543976222234
6,5,3,ckd-0345,0,classical_rbf_svm,0,-0.77739424422912
6,5,3,ckd-0349,0,classical_rbf_svm,0,-0.7038303646682114
6,5,3,ckd-0350,0,classical_rbf_svm,0,-1.2676730219451828
6,5,3,ckd-0351,0,classical_rbf_svm,0,-1.3930282783789547
6,5,3,ckd-0352,0,classical_rbf_svm,0,-0.8960975364273205
6,5,3,ckd-0361,0,classical_rbf_svm,0,-1.3100634924192454
6,5,3,ckd-0367,0,classical_rbf_svm,0,-1.4701351467761588
6,5,3,ckd-0368,0,classical_rbf_svm,0,-1.143062702615278
6,5,3,ckd-0370,0,classical_rbf_svm,0,-0.8452020700132177
6,5,3,ckd-0393,0,classical_rbf_svm,0,-1.1522704792557847
6,5,3,ckd-0395,0,classical_rbf_svm,0,-0.9342834841969545
6,5,3,ckd-0022,1,qsvc,1,1.0667968279913769
6,5,3,ckd-0028,1,qsvc,1,1.029356543932065
6,5,3,ckd-0042,1,qsvc,1,0.9998546591157664
6,5,3,ckd-0047,1,qsvc,1,1.1353597893840148
6,5,3,ckd-0055,1,qsvc,1,1.3354451027307936
6,5,3,ckd-0057,1,qsvc,1,1.0196703342254883
6,5,3,ckd-0058,1,qsvc,1,1.0773173966443306
6,5,3,ckd-0066,1,qsvc,1,0.026003553072343144
6,5,3,ckd-0074,1,qsvc,1,1.0678981035596864
6,5,3,ckd-0076,1,qsvc,1,0.5714486940308445
6,5,3,ckd-0079,1,qsvc,1,0.5272608357299104
6,5,3,ckd-0088,1,qsvc,1,1.0238322627110548
6,5,3,ckd-0089,1,qsvc,1,0.9909220282029618
6,5,3,ckd-0091,1,qsvc,1,1.3354451027307936
6,5,3,ckd-0094,1,qsvc,1,1.009474598983029
6,5,3,ckd-0095,1,qsvc,1,1.1421732520091779
6,5,3,ckd-0097,1,qsvc,1,1.0130829759310929
6,5,3,ckd-0105,1,qsvc,1,1.0773173966443306
6,5,3,ckd-0108,1,qsvc,1,1.0384299815557574
6,5,3,ckd-0115,1,qsvc,1,1.1676063226075115
6,5,3,ckd-0117,1,qsvc,1,1.3884849474833358
6,5,3,ckd-0122,1,qsvc,1,0.8800756336226899
6,5,3,ckd-0127,1,qsvc,1,1.0117383015616723
6,5,3,ckd-0131,1,qsvc,1,1.017435958263028
6,5,3,ckd-0140,1,qsvc,1,0.9995502392414637
6,5,3,ckd-0155,1,qsvc,1,0.952959093421939
6,5,3,ckd-0156,1,qsvc,1,1.030496807442895
6,5,3,ckd-0172,1,qsvc,1,0.7558447066358747
6,5,3,ckd-0173,1,qsvc,1,1.1447917405450525
6,5,3,ckd-0177,1,qsvc,0,-0.44006642981476396
6,5,3,ckd-0186,1,qsvc,1,1.1485764430537857
6,5,3,ckd-0188,1,qsvc,1,1.0247640331030785
6,5,3,ckd-0192,1,qsvc,1,1.0032653716900963
6,5,3,ckd-0221,1,qsvc,1,1.4926101736237225
6,5,3,ckd-0231,1,qsvc,1,1.02256273402186
6,5,3,ckd-0233,1,qsvc,1,1.2530531707592973
6,5,3,ckd-0242,1,qsvc,1,1.0415708371708263
6,5,3,ckd-0246,1,qsvc,1,0.31625408858248377
6,5,3,ckd-0248,1,qsvc,1,1.0301769884522163
6,5,3,ckd-0249,1,qsvc,1,1.0834017627754635
6,5,3,ckd-0258,0,qsvc,0,-1.2206308662755396
6,5,3,ckd-0271,0,qsvc,0,-0.873276680417627
6,5,3,ckd-0272,0,qsvc,0,-0.7592540845899659
6,5,3,ckd-0273,0,qsvc,0,-1.2986534457379162
6,5,3,ckd-0281,0,qsvc,0,-0.6198497161661799
6,5,3,ckd-0295,0,qsvc,0,-0.5846372736633415
6,5,3,ckd-0299,0,qsvc,0,-1.1073153133585514
6,5,3,ckd-0305,0,qsvc,0,-0.8831596927205801
6,5,3,ckd-0308,0,qsvc,0,-0.8961684958661492
6,5,3,ckd-0316,0,qsvc,0,-1.376556704511029
6,5,3,ckd-0318,0,qsvc,0,-0.8655332739211047
6,5,3,ckd-0320,0,qsvc,1,0.17564506449842532
6,5,3,ckd-0335,0,qsvc,0,-1.6038575396712855
6,5,3,ckd-0345,0,qsvc,0,-0.9073564411512357
6,5,3,ckd-0349,0,qsvc,0,-0.8961684958661492
6,5,3,ckd-0350,0,qsvc,0,-1.1418239638438719
6,5,3,ckd-0351,0,qsvc,0,-1.589571383834468
6,5,3,ckd-0352,0,qsvc,0,-0.6790367011614497
6,5,3,ckd-0361,0,qsvc,0,-1.4140684682785207
6,5,3,ckd-0367,0,qsvc,0,-1.7755471509463416
6,5,3,ckd-0368,0,qsvc,0,-1.1480876102726305
6,5,3,ckd-0370,0,qsvc,0,-1.0967589137572928
6,5,3,ckd-0393,0,qsvc,0,-1.4059910913643314
6,5,3,ckd-0395,0,qsvc,0,-1.173257783362518
6,5,4,ckd-0005,1,classical_rbf_svm,1,1.5907682148297941
6,5,4,ckd-0009,1,classical_rbf_svm,1,1.51141240125414
6,5,4,ckd-0020,1,classical_rbf_svm,1,1.6395068062758016
6,5,4,ckd-0030,1,classical_rbf_svm,1,1.4495905226719086
6,5,4,ckd-0045,1,classical_rbf_svm,1,1.228406874261423
6,5,4,ckd-0049,1,classical_rbf_svm,1,1.2328709647416711
6,5,4,ckd-0051,1,classical_rbf_svm,1,1.6624944822009184
6,5,4,ckd-0053,1,classical_rbf_svm,1,1.8356578693857004
6,5,4,ckd-0062,1,classical_rbf_svm,1,1.548441191344886
6,5,4,ckd-0064,1,classical_rbf_svm,1,1.3996007192123772
6,5,4,ckd-0078,1,classical_rbf_svm,1,1.769727739128185
6,5,4,ckd-0081,1,classical_rbf_svm,1,1.639178359002417
6,5,4,ckd-0085,1,classical_rbf_svm,1,1.0604261253123337
6,5,4,ckd-0093,1,classical_rbf_svm,1,1.3619341638215032
6,5,4,ckd-0096,1,classical_rbf_svm,1,1.1052448545511946
6,5,4,ckd-0099,1,classical_rbf_svm,1,1.0593641985699305
6,5,4,ckd-0119,1,classical_rbf_svm,1,1.4460093593273209
6,5,4,ckd-0121,1,classical_rbf_svm,1,1.3001327000706306
6,5,4,ckd-0130,1,classical_rbf_svm,1,1.153664387802673
6,5,4,ckd-0147,1,classical_rbf_svm,1,1.777495245583224
6,5,4,ckd-0152,1,classical_rbf_svm,1,1.6910415431522408
6,5,4,ckd-0157,1,classical_rbf_svm,1,1.6567720440833718
6,5,4,ckd-0160,1,classical_rbf_svm,1,1.7626295741175375
6,5,4,ckd-0178,1,classical_rbf_svm,1,1.6136353089072601
6,5,4,ckd-0179,1,classical_rbf_svm,1,1.7199485589892238
6,5,4,ckd-0180,1,classical_rbf_svm,1,1.6040442780376116
6,5,4,ckd-0182,1,classical_rbf_svm,1,1.2499722108333182
6,5,4,ckd-0183,1,classical_rbf_svm,1,0.9133719434055023
6,5,4,ckd-0190,1,classical_rbf_svm,1,1.1054852310083467
6,5,4,ckd-0194,1,classical_rbf_svm,1,0.9554762106026194
6,5,4,ckd-0206,1,classical_rbf_svm,1,0.5883136969527767
6,5,4,ckd-0219,1,classical_rbf_svm,1,1.3389920759112406
6,5,4,ckd-0222,1,classical_rbf_svm,1,1.1784038363517064
6,5,4,ckd-0223,1,classical_rbf_svm,1,0.8592670617357536
6,5,4,ckd-0224,1,classical_rbf_svm,1,1.6651997455202427
6,5,4,ckd-0226,1,classical_rbf_svm,1,1.4342606102732418
6,5,4,ckd-0228,1,classical_rbf_svm,1,1.7877918860621462
6,5,4,ckd-0230,1,classical_rbf_svm,1,1.2864342214897087
6,5,4,ckd-0236,1,classical_rbf_svm,1,1.2144803641760378
6,5,4,ckd-0238,1,classical_rbf_svm,1,1.8497695731303758
6,5,4,ckd-0257,0,classical_rbf_svm,0,-1.1196323407943702
6,5,4,ckd-0259,0,classical_rbf_svm,0,-0.9665542914444464
6,5,4,ckd-0284,0,classical_rbf_svm,0,-1.251566238788922
6,5,4,ckd-0285,0,classical_rbf_svm,0,-1.1081881631030468
6,5,4,ckd-0289,0,classical_rbf_svm,0,-1.3903736698118436
6,5,4,ckd-0290,0,classical_rbf_svm,0,-1.2417631885873242
6,5,4,ckd-0292,0,classical_rbf_svm,0,-1.1914226953223226
6,5,4,ckd-0294,0,classical_rbf_svm,0,-1.326932036296229
6,5,4,ckd-0297,0,classical_rbf_svm,0,-1.1061838026469304
6,5,4,ckd-0300,0,classical_rbf_svm,0,-1.2073884550940153
6,5,4,ckd-0302,0,classical_rbf_svm,0,-1.204478909149342
6,5,4,ckd-0304,0,classical_rbf_svm,0,-1.1811944979875961
6,5,4,ckd-0307,0,classical_rbf_svm,0,-1.210121573027687
6,5,4,ckd-0323,0,classical_rbf_svm,0,-1.2538577763891752
6,5,4,ckd-0342,0,classical_rbf_svm,0,-0.8192603904915451
6,5,4,ckd-0353,0,classical_rbf_svm,0,-1.3374750499121024
6,5,4,ckd-0362,0,classical_rbf_svm,0,-0.9307266536160593
6,5,4,ckd-0376,0,classical_rbf_svm,0,-1.3466093054176107
6,5,4,ckd-0383,0,classical_rbf_svm,0,-1.202259201630933
6,5,4,ckd-0384,0,classical_rbf_svm,0,-1.3168062284872115
6,5,4,ckd-0385,0,classical_rbf_svm,0,-1.1384437434318229
6,5,4,ckd-0391,0,classical_rbf_svm,0,-1.2849577552986267
6,5,4,ckd-0397,0,classical_rbf_svm,0,-0.998821400685122
6,5,4,ckd-0398,0,classical_rbf_svm,0,-1.3495172317961717
6,5,4,ckd-0005,1,qsvc,1,1.0332972192120775
6,5,4,ckd-0009,1,qsvc,1,1.0219851051397153
6,5,4,ckd-0020,1,qsvc,1,1.0427082293563734
6,5,4,ckd-0030,1,qsvc,1,0.36034465940641536
6,5,4,ckd-0045,1,qsvc,1,1.0176395556429172
6,5,4,ckd-0049,1,qsvc,1,1.045393975012308
6,5,4,ckd-0051,1,qsvc,1,0.9913831871915344
6,5,4,ckd-0053,1,qsvc,1,1.0797645513804484
6,5,4,ckd-0062,1,qsvc,1,1.2299497024965433
6,5,4,ckd-0064,1,qsvc,1,0.8704951565788818
6,5,4,ckd-0078,1,qsvc,1,1.0503856105067346
6,5,4,ckd-0081,1,qsvc,1,1.0321300271644058
6,5,4,ckd-0085,1,qsvc,1,0.9089619984877828
6,5,4,ckd-0093,1,qsvc,1,1.0322472247762766
6,5,4,ckd-0096,1,qsvc,1,1.2208359986436692
6,5,4,ckd-0099,1,qsvc,1,1.056201838675957
6,5,4,ckd-0119,1,qsvc,1,0.943744746607472
6,5,4,ckd-0121,1,qsvc,1,1.0184937056145167
6,5,4,ckd-0130,1,qsvc,1,0.9413197032799213
6,5,4,ckd-0147,1,qsvc,1,1.032436607917022
6,5,4,ckd-0152,1,qsvc,1,1.1440632513859033
6,5,4,ckd-0157,1,qsvc,1,1.0002029077626742
6,5,4,ckd-0160,1,qsvc,1,0.9852756621160078
6,5,4,ckd-0178,1,qsvc,1,1.036699183835818
6,5,4,ckd-0179,1,qsvc,1,0.9542175804891704
6,5,4,ckd-0180,1,qsvc,1,1.113887130222559
6,5,4,ckd-0182,1,qsvc,1,0.94919040313114
6,5,4,ckd-0183,1,qsvc,1,1.0182001556692857
6,5,4,ckd-0190,1,qsvc,1,1.0187227925073625
6,5,4,ckd-0194,1,qsvc,1,0.9891286139016464
6,5,4,ckd-0206,1,qsvc,1,0.8109236301834003
6,5,4,ckd-0219,1,qsvc,1,1.2552921582339862
6,5,4,ckd-0222,1,qsvc,1,1.0000624981486592
6,5,4,ckd-0223,1,qsvc,1,0.9999159437936636
6,5,4,ckd-0224,1,qsvc,1,1.0104885303348683
6,5,4,ckd-0226,1,qsvc,1,1.0455465161667523
6,5,4,ckd-0228,1,qsvc,1,1.1337702913253869
6,5,4,ckd-0230,1,qsvc,1,1.0104246562737504
6,5,4,ckd-0236,1,qsvc,1,1.1797974399485878
6,5,4,ckd-0238,1,qsvc,1,1.006319546087565
6,5,4,ckd-0257,0,qsvc,0,-1.0895653569384178
6,5,4,ckd-0259,0,qsvc,0,-1.2144816441642665
6,5,4,ckd-0284,0,qsvc,0,-1.2509727831075765
6,5,4,ckd-0285,0,qsvc,0,-0.9338483411388364
6,5,4,ckd-0289,0,qsvc,0,-1.3377258875992348
6,5,4,ckd-0290,0,qsvc,0,-1.2166048831098166
6,5,4,ckd-0292,0,qsvc,0,-1.2411971397239396
6,5,4,ckd-0294,0,qsvc,0,-1.3137547163284333
6,5,4,ckd-0297,0,qsvc,0,-1.0576622514663088
6,5,4,ckd-0300,0,qsvc,0,-1.0977162232165805
6,5,4,ckd-0302,0,qsvc,0,-0.9589377776293803
6,5,4,ckd-0304,0,qsvc,0,-0.8379864779629077
6,5,4,ckd-0307,0,qsvc,0,-1.1058224079308392
6,5,4,ckd-0323,0,qsvc,0,-1.3033670450967003
6,5,4,ckd-0342,0,qsvc,0,-0.45585436880492025
6,5,4,ckd-0353,0,qsvc,0,-1.3190795152098516
6,5,4,ckd-0362,0,qsvc,0,-0.3645212889140014
6,5,4,ckd-0376,0,qsvc,0,-1.3223154207774375
6,5,4,ckd-0383,0,qsvc,0,-1.0722575886676915
6,5,4,ckd-0384,0,qsvc,0,-1.2411339087833175
6,5,4,ckd-0385,0,qsvc,0,-1.2952617145093925
6,5,4,ckd-0391,0,qsvc,0,-1.1070520935725154
6,5,4,ckd-0397,0,qsvc,0,-0.8404498499958729
6,5,4,ckd-0398,0,qsvc,0,-1.2406193313776366
6,5,5,ckd-0004,1,classical_rbf_svm,1,1.021645933970242
6,5,5,ckd-0007,1,classical_rbf_svm,1,1.2959696426771452
6,5,5,ckd-0010,1,classical_rbf_svm,1,1.6148217111408791
6,5,5,ckd-0012,1,classical_rbf_svm,1,1.3389181927291027
6,5,5,ckd-0019,1,classical_rbf_svm,1,0.5819973912947218
6,5,5,ckd-0031,1,classical_rbf_svm,1,0.7946503712841484
6,5,5,ckd-0032,1,classical_rbf_svm,1,1.4140510526972716
6,5,5,ckd-0040,1,classical_rbf_svm,1,1.6874028941109727
6,5,5,ckd-0048,1,classical_rbf_svm,1,1.2478361842493353
6,5,5,ckd-0059,1,classical_rbf_svm,1,1.674783178021191
6,5,5,ckd-0060,1,classical_rbf_svm,1,1.2814197409755774
6,5,5,ckd-0072,1,classical_rbf_svm,1,1.4655667820634943
6,5,5,ckd-0073,1,classical_rbf_svm,1,1.4008419716816158
6,5,5,ckd-0075,1,classical_rbf_svm,1,1.5059849137554555
6,5,5,ckd-0083,1,classical_rbf_svm,1,0.5294278967640511
6,5,5,ckd-0090,1,classical_rbf_svm,1,0.5294278967640511
6,5,5,ckd-0092,1,classical_rbf_svm,1,0.9135128451580664
6,5,5,ckd-0098,1,classical_rbf_svm,1,1.8248180083205712
6,5,5,ckd-0102,1,classical_rbf_svm,1,1.5698203582746821
6,5,5,ckd-0109,1,classical_rbf_svm,1,0.9348655629522654
6,5,5,ckd-0116,1,classical_rbf_svm,1,1.0873228554514722
6,5,5,ckd-0125,1,classical_rbf_svm,1,1.394607473191703
6,5,5,ckd-0128,1,classical_rbf_svm,1,1.2571122185163044
6,5,5,ckd-0132,1,classical_rbf_svm,1,1.345695390991092
6,5,5,ckd-0136,1,classical_rbf_svm,1,1.4678151108507627
6,5,5,ckd-0154,1,classical_rbf_svm,1,1.1543763309752617
6,5,5,ckd-0170,1,classical_rbf_svm,1,1.3053970410931353
6,5,5,ckd-0175,1,classical_rbf_svm,1,0.7694377631389799
6,5,5,ckd-0184,1,classical_rbf_svm,1,1.0160371376164117
6,5,5,ckd-0187,1,classical_rbf_svm,1,1.1020347758609237
6,5,5,ckd-0189,1,classical_rbf_svm,1,0.1118200613687026
6,5,5,ckd-0193,1,classical_rbf_svm,1,0.5729677898274752
6,5,5,ckd-0195,1,classical_rbf_svm,1,1.7010857477817678
6,5,5,ckd-0196,1,classical_rbf_svm,1,1.2352618180062775
6,5,5,ckd-0201,1,classical_rbf_svm,1,1.0372049528095562
6,5,5,ckd-0207,1,classical_rbf_svm,1,1.3143211090476823
6,5,5,ckd-0214,1,classical_rbf_svm,1,1.4067542671983357
6,5,5,ckd-0234,1,classical_rbf_svm,1,1.494293268987904
6,5,5,ckd-0244,1,classical_rbf_svm,1,0.28184367355067463
6,5,5,ckd-0247,1,classical_rbf_svm,1,1.2669584369821705
6,5,5,ckd-0251,0,classical_rbf_svm,0,-1.3984928471038858
6,5,5,ckd-0256,0,classical_rbf_svm,0,-1.1215071067249007
6,5,5,ckd-0266,0,classical_rbf_svm,0,-1.2168630694353952
6,5,5,ckd-0267,0,classical_rbf_svm,0,-0.5447511088571331
6,5,5,ckd-0277,0,classical_rbf_svm,0,-0.9760432872023017
6,5,5,ckd-0279,0,classical_rbf_svm,0,-1.1366989221356802
6,5,5,ckd-0283,0,classical_rbf_svm,0,-1.155334613212077
6,5,5,ckd-0288,0,classical_rbf_svm,0,-0.9722437106088666
6,5,5,ckd-0298,0,classical_rbf_svm,0,-1.3895860286724364
6,5,5,ckd-0301,0,classical_rbf_svm,0,-1.1603256733965805
6,5,5,ckd-0303,0,classical_rbf_svm,0,-1.301543336638324
6,5,5,ckd-0312,0,classical_rbf_svm,0,-1.1612612534951385
6,5,5,ckd-0319,0,classical_rbf_svm,0,-0.975121507336564
6,5,5,ckd-0328,0,classical_rbf_svm,0,-1.034311546599854
6,5,5,ckd-0344,0,classical_rbf_svm,0,-1.2966114357073013
6,5,5,ckd-0357,0,classical_rbf_svm,0,-1.241536474799767
6,5,5,ckd-0358,0,classical_rbf_svm,0,-0.95546704621349
6,5,5,ckd-0372,0,classical_rbf_svm,0,-0.9874475297037619
6,5,5,ckd-0373,0,classical_rbf_svm,0,-1.2162817977830884
6,5,5,ckd-0374,0,classical_rbf_svm,0,-1.219546433556995
6,5,5,ckd-0378,0,classical_rbf_svm,0,-1.1455321380303067
6,5,5,ckd-0382,0,classical_rbf_svm,0,-1.1057880610950517
6,5,5,ckd-0389,0,classical_rbf_svm,0,-1.329577249087702
6,5,5,ckd-0400,0,classical_rbf_svm,0,-1.1587872265265258
6,5,5,ckd-0004,1,qsvc,1,1.135448845855913
6,5,5,ckd-0007,1,qsvc,1,1.415923039367093
6,5,5,ckd-0010,1,qsvc,1,0.9242362763077153
6,5,5,ckd-0012,1,qsvc,1,1.0093456817698647
6,5,5,ckd-0019,1,qsvc,1,1.0195604479793068
6,5,5,ckd-0031,1,qsvc,1,1.0012746417601859
6,5,5,ckd-0032,1,qsvc,1,1.0132058704003488
6,5,5,ckd-0040,1,qsvc,1,1.0140325122909544
6,5,5,ckd-0048,1,qsvc,1,0.40304468409625
6,5,5,ckd-0059,1,qsvc,1,0.9415012437757363
6,5,5,ckd-0060,1,qsvc,1,1.0001561422536662
6,5,5,ckd-0072,1,qsvc,1,0.9919229496619137
6,5,5,ckd-0073,1,qsvc,1,0.955002940206504
6,5,5,ckd-0075,1,qsvc,1,1.00106560020237
6,5,5,ckd-0083,1,qsvc,1,1.0038132800282173
6,5,5,ckd-0090,1,qsvc,1,1.0038132800282173
6,5,5,ckd-0092,1,qsvc,1,0.7087990062683321
6,5,5,ckd-0098,1,qsvc,1,0.9808180876255019
6,5,5,ckd-0102,1,qsvc,1,0.9947472555667974
6,5,5,ckd-0109,1,qsvc,1,1.2163346926961727
6,5,5,ckd-0116,1,qsvc,1,0.37418488648957954
6,5,5,ckd-0125,1,qsvc,1,1.0840975261888472
6,5,5,ckd-0128,1,qsvc,1,1.0100034750304927
6,5,5,ckd-0132,1,qsvc,1,1.5515728786562755
6,5,5,ckd-0136,1,qsvc,1,1.0112934945358045
6,5,5,ckd-0154,1,qsvc,1,0.9806757211578776
6,5,5,ckd-0170,1,qsvc,1,0.8600076955521292
6,5,5,ckd-0175,1,qsvc,1,0.9483132708196538
6,5,5,ckd-0184,1,qsvc,1,1.1324619576232666
6,5,5,ckd-0187,1,qsvc,0,-0.29542277062886513
6,5,5,ckd-0189,1,qsvc,1,0.15829600256558918
6,5,5,ckd-0193,1,qsvc,1,1.1702987290459
6,5,5,ckd-0195,1,qsvc,1,1.0094664349285059
6,5,5,ckd-0196,1,qsvc,1,0.9382024480851358
6,5,5,ckd-0201,1,qsvc,1,1.0582735448555378
6,5,5,ckd-0207,1,qsvc,1,0.7729268820776191
6,5,5,ckd-0214,1,qsvc,1,1.0817310229890145
6,5,5,ckd-0234,1,qsvc,1,1.0001744087038007
6,5,5,ckd-0244,1,qsvc,1,0.920846975797879
6,5,5,ckd-0247,1,qsvc,1,0.9295752050644295
6,5,5,ckd-0251,0,qsvc,0,-1.5240079494124132
6,5,5,ckd-0256,0,qsvc,0,-0.5884060117864068
6,5,5,ckd-0266,0,qsvc,0,-1.3425353976612748
6,5,5,ckd-0267,0,qsvc,0,-0.6797599245448275
6,5,5,ckd-0277,0,qsvc,0,-0.7527369031376959
6,5,5,ckd-0279,0,qsvc,0,-1.296467253517808
6,5,5,ckd-0283,0,qsvc,0,-1.3128445894736553
6,5,5,ckd-0288,0,qsvc,0,-0.7525523484256241
6,5,5,ckd-0298,0,qsvc,0,-1.5940006049541902
6,5,5,ckd-0301,0,qsvc,0,-1.295398503704623
6,5,5,ckd-0303,0,qsvc,0,-1.4648231078528742
6,5,5,ckd-0312,0,qsvc,0,-1.10742253443077
6,5,5,ckd-0319,0,qsvc,0,-0.7266249252775264
6,5,5,ckd-0328,0,qsvc,0,-0.8846734783986973
6,5,5,ckd-0344,0,qsvc,0,-1.3831035043079662
6,5,5,ckd-0357,0,qsvc,0,-1.3290326840832631
6,5,5,ckd-0358,0,qsvc,0,-0.6981759661338759
6,5,5,ckd-0372,0,qsvc,0,-0.7791370656565867
6,5,5,ckd-0373,0,qsvc,0,-1.3192435053934415
6,5,5,ckd-0374,0,qsvc,0,-1.162734560025044
6,5,5,ckd-0378,0,qsvc,0,-1.1698330383450464
6,5,5,ckd-0382,0,qsvc,0,-0.9940058276955929
6,5,5,ckd-0389,0,qsvc,0,-1.4738765167804253
6,5,5,ckd-0400,0,qsvc,0,-1.105642350416276
6,6,1,ckd-0001,1,classical_rbf_svm,0,-0.03217146453915265
6,6,1,ckd-0004,1,classical_rbf_svm,1,1.0007446185616529
6,6,1,ckd-0007,1,classical_rbf_svm,1,1.4461994613668692
6,6,1,ckd-0028,1,classical_rbf_svm,1,1.3095550233479802
6,6,1,ckd-0032,1,classical_rbf_svm,1,1.3285340696312578
6,6,1,ckd-0048,1,classical_rbf_svm,1,1.150808319553974
6,6,1,ckd-0051,1,classical_rbf_svm,1,1.6573937499462017
6,6,1,ckd-0063,1,classical_rbf_svm,1,1.3311542639571803
6,6,1,ckd-0076,1,classical_rbf_svm,1,1.4591848088344057
6,6,1,ckd-0092,1,classical_rbf_svm,1,0.9224142020533213
6,6,1,ckd-0093,1,classical_rbf_svm,1,1.2603882593631677
6,6,1,ckd-0099,1,classical_rbf_svm,1,1.0777996552022273
6,6,1,ckd-0107,1,classical_rbf_svm,1,1.046154204849862
6,6,1,ckd-0114,1,classical_rbf_svm,1,1.6980639544389309
6,6,1,ckd-0116,1,classical_rbf_svm,1,1.1903157943585647
6,6,1,ckd-0120,1,classical_rbf_svm,1,1.358171106172672
6,6,1,ckd-0122,1,classical_rbf_svm,1,0.7971839873357817
6,6,1,ckd-0129,1,classical_rbf_svm,1,1.039209846658333
6,6,1,ckd-0133,1,classical_rbf_svm,1,1.358533220569361
6,6,1,ckd-0138,1,classical_rbf_svm,1,1.3484608034269767
6,6,1,ckd-0141,1,classical_rbf_svm,1,1.358171106172672
6,6,1,ckd-0156,1,classical_rbf_svm,1,1.2173989280674253
6,6,1,ckd-0158,1,classical_rbf_svm,1,1.0267595417981559
6,6,1,ckd-0162,1,classical_rbf_svm,1,1.1577792133431657
6,6,1,ckd-0174,1,classical_rbf_svm,1,0.8027573460752073
6,6,1,ckd-0175,1,classical_rbf_svm,1,1.0887773232662903
6,6,1,ckd-0178,1,classical_rbf_svm,1,1.3372696478927972
6,6,1,ckd-0188,1,classical_rbf_svm,1,1.4458098085618576
6,6,1,ckd-0196,1,classical_rbf_svm,1,1.2203305231902273
6,6,1,ckd-0199,1,classical_rbf_svm,1,1.1361666589920894
6,6,1,ckd-0206,1,classical_rbf_svm,1,0.5063676586638088
6,6,1,ckd-0218,1,classical_rbf_svm,1,1.6704583621716462
6,6,1,ckd-0219,1,classical_rbf_svm,1,1.352595149226083
6,6,1,ckd-0220,1,classical_rbf_svm,1,1.44940250327367
6,6,1,ckd-0223,1,classical_rbf_svm,1,0.8616925635828678
6,6,1,ckd-0233,1,classical_rbf_svm,1,1.050378654694574
6,6,1,ckd-0236,1,classical_rbf_svm,1,1.1708822426434966
6,6,1,ckd-0242,1,classical_rbf_svm,1,1.6012568421093754
6,6,1,ckd-0246,1,classical_rbf_svm,1,1.1036004798851822
6,6,1,ckd-0249,1,classical_rbf_svm,1,1.648668547405567
6,6,1,ckd-0252,0,classical_rbf_svm,0,-1.1000858344176325
6,6,1,ckd-0265,0,classical_rbf_svm,0,-1.2707480268787286
6,6,1,ckd-0270,0,classical_rbf_svm,0,-1.5210092555467865
6,6,1,ckd-0279,0,classical_rbf_svm,0,-1.1211184614796377
6,6,1,ckd-0284,0,classical_rbf_svm,0,-1.259780371357026
6,6,1,ckd-0288,0,classical_rbf_svm,0,-0.9923345993830452
6,6,1,ckd-0303,0,classical_rbf_svm,0,-1.3392147878105976
6,6,1,ckd-0306,0,classical_rbf_svm,0,-1.0872200700009453
6,6,1,ckd-0308,0,classical_rbf_svm,0,-0.8458458087143268
6,6,1,ckd-0320,0,classical_rbf_svm,1,0.07118609968103284
6,6,1,ckd-0334,0,classical_rbf_svm,0,-1.1354975209155327
6,6,1,ckd-0335,0,classical_rbf_svm,0,-1.422934209917366
6,6,1,ckd-0341,0,classical_rbf_svm,0,-1.257998240736318
6,6,1,ckd-0344,0,classical_rbf_svm,0,-1.3917501583510685
6,6,1,ckd-0349,0,classical_rbf_svm,0,-0.8458458087143268
6,6,1,ckd-0350,0,classical_rbf_svm,0,-1.3208724908932268
6,6,1,ckd-0353,0,classical_rbf_svm,0,-1.3625026646366842
6,6,1,ckd-0355,0,classical_rbf_svm,0,-1.1522467921917203
6,6,1,ckd-0366,0,classical_rbf_svm,1,0.07118609968103284
6,6,1,ckd-0368,0,classical_rbf_svm,0,-1.1367777933947902
6,6,1,ckd-0373,0,classical_rbf_svm,0,-1.2532417092411132
6,6,1,ckd-0378,0,classical_rbf_svm,0,-1.1521892887179677
6,6,1,ckd-0387,0,classical_rbf_svm,0,-1.402426499337657
6,6,1,ckd-0397,0,classical_rbf_svm,0,-1.026946546199536
6,6,1,ckd-0001,1,qsvc,1,0.929755027499839
6,6,1,ckd-0004,1,qsvc,1,1.0287015060517326
6,6,1,ckd-0007,1,qsvc,1,1.2424260099784543
6,6,1,ckd-0028,1,qsvc,1,1.0269275709445838
6,6,1,ckd-0032,1,qsvc,1,1.0359422933473674
6,6,1,ckd-0048,1,qsvc,1,0.3881404056956775
6,6,1,ckd-0051,1,qsvc,1,1.0098381196426938
6,6,1,ckd-0063,1,qsvc,1,1.0352543858170693
6,6,1,ckd-0076,1,qsvc,1,0.6609083937432032
6,6,1,ckd-0092,1,qsvc,1,0.801442627212431
6,6,1,ckd-0093,1,qsvc,1,1.0379930117623624
6,6,1,ckd-0099,1,qsvc,1,0.9243135121509298
6,6,1,ckd-0107,1,qsvc,1,0.9590359118800963
6,6,1,ckd-0114,1,qsvc,1,1.0066665123350689
6,6,1,ckd-0116,1,qsvc,1,0.22899218083641626
6,6,1,ckd-0120,1,qsvc,1,0.9111551591865443
6,6,1,ckd-0122,1,qsvc,1,0.8490503599994672
6,6,1,ckd-0129,1,qsvc,1,1.2151976424268582
6,6,1,ckd-0133,1,qsvc,0,-1.1716667064826463
6,6,1,ckd-0138,1,qsvc,1,0.9738403280368174
6,6,1,ckd-0141,1,qsvc,1,0.9111551591865443
6,6,1,ckd-0156,1,qsvc,1,1.0888602945654704
6,6,1,ckd-0158,1,qsvc,1,0.9517905818727422
6,6,1,ckd-0162,1,qsvc,1,0.9974983554152504
6,6,1,ckd-0174,1,qsvc,1,1.2140630484296127
6,6,1,ckd-0175,1,qsvc,1,1.1940213017268242
6,6,1,ckd-0178,1,qsvc,1,1.014349856075992
6,6,1,ckd-0188,1,qsvc,1,1.0372697902652663
6,6,1,ckd-0196,1,qsvc,1,0.9096638080522255
6,6,1,ckd-0199,1,qsvc,1,0.9186051321468269
6,6,1,ckd-0206,1,qsvc,1,0.755725496517726
6,6,1,ckd-0218,1,qsvc,1,1.0870646158130675
6,6,1,ckd-0219,1,qsvc,1,1.275316901458219
6,6,1,ckd-0220,1,qsvc,1,0.9947817519497032
6,6,1,ckd-0223,1,qsvc,1,1.0000115088714494
6,6,1,ckd-0233,1,qsvc,1,1.2336770530422454
6,6,1,ckd-0236,1,qsvc,1,1.128708800852072
6,6,1,ckd-0242,1,qsvc,1,1.0453905135589387
6,6,1,ckd-0246,1,qsvc,1,0.3206453624226842
6,6,1,ckd-0249,1,qsvc,1,1.0814065021267887
6,6,1,ckd-0252,0,qsvc,0,-0.9606999410842428
6,6,1,ckd-0265,0,qsvc,0,-1.4338629901318565
6,6,1,ckd-0270,0,qsvc,0,-1.5353225620499207
6,6,1,ckd-0279,0,qsvc,0,-1.2912926185767462
6,6,1,ckd-0284,0,qsvc,0,-1.3746266971519692
6,6,1,ckd-0288,0,qsvc,0,-0.8461032663247784
6,6,1,ckd-0303,0,qsvc,0,-1.5680608091522146
6,6,1,ckd-0306,0,qsvc,0,-0.9580760179361686
6,6,1,ckd-0308,0,qsvc,0,-0.9670740618311265
6,6,1,ckd-0320,0,qsvc,1,0.327682326684539
6,6,1,ckd-0334,0,qsvc,0,-1.1044197473826745
6,6,1,ckd-0335,0,qsvc,0,-1.5461467736945003
6,6,1,ckd-0341,0,qsvc,0,-1.2668232048055064
6,6,1,ckd-0344,0,qsvc,0,-1.3716617370633553
6,6,1,ckd-0349,0,qsvc,0,-0.9670740618311265
6,6,1,ckd-0350,0,qsvc,0,-0.996483404746424
6,6,1,ckd-0353,0,qsvc,0,-1.5835102709844269
6,6,1,ckd-0355,0,qsvc,0,-1.1411670090509252
6,6,1,ckd-0366,0,qsvc,1,0.327682326684539
6,6,1,ckd-0368,0,qsvc,0,-1.1336085462182637
6,6,1,ckd-0373,0,qsvc,0,-1.3330209562497686
6,6,1,ckd-0378,0,qsvc,0,-1.334800500367983
6,6,1,ckd-0387,0,qsvc,0,-1.438116727323357
6,6,1,ckd-0397,0,qsvc,0,-0.827570886858986
6,6,2,ckd-0014,1,classical_rbf_svm,1,1.8243240547081259
6,6,2,ckd-0019,1,classical_rbf_svm,1,0.627343853271904
6,6,2,ckd-0026,1,classical_rbf_svm,1,1.3476788120592103
6,6,2,ckd-0027,1,classical_rbf_svm,1,2.0275144175203907
6,6,2,ckd-0036,1,classical_rbf_svm,1,1.7505596013430944
6,6,2,ckd-0057,1,classical_rbf_svm,1,1.398736141270872
6,6,2,ckd-0066,1,classical_rbf_svm,1,0.7253709390707553
6,6,2,ckd-0069,1,classical_rbf_svm,1,1.4757754203680524
6,6,2,ckd-0072,1,classical_rbf_svm,1,1.4630745340219498
6,6,2,ckd-0075,1,classical_rbf_svm,1,1.4713735250272233
6,6,2,ckd-0080,1,classical_rbf_svm,1,1.6399367224586268
6,6,2,ckd-0081,1,classical_rbf_svm,1,1.6024918317353078
6,6,2,ckd-0085,1,classical_rbf_svm,1,1.0587727656796297
6,6,2,ckd-0086,1,classical_rbf_svm,1,1.7753046286929357
6,6,2,ckd-0089,1,classical_rbf_svm,1,1.1654824793826961
6,6,2,ckd-0091,1,classical_rbf_svm,1,1.3547883227149087
6,6,2,ckd-0094,1,classical_rbf_svm,1,1.2282556319242293
6,6,2,ckd-0096,1,classical_rbf_svm,1,1.0462521941214722
6,6,2,ckd-0097,1,classical_rbf_svm,1,1.7646177221975374
6,6,2,ckd-0101,1,classical_rbf_svm,1,1.2065633513860896
6,6,2,ckd-0108,1,classical_rbf_svm,1,1.913843140111051
6,6,2,ckd-0111,1,classical_rbf_svm,1,1.352628615725455
6,6,2,ckd-0139,1,classical_rbf_svm,1,1.3428949839990316
6,6,2,ckd-0147,1,classical_rbf_svm,1,1.6519294904678847
6,6,2,ckd-0150,1,classical_rbf_svm,1,1.430862545771265
6,6,2,ckd-0160,1,classical_rbf_svm,1,1.717761978865775
6,6,2,ckd-0166,1,classical_rbf_svm,1,0.9540080938752086
6,6,2,ckd-0172,1,classical_rbf_svm,1,1.2211215294542215
6,6,2,ckd-0187,1,classical_rbf_svm,1,1.1273592411255982
6,6,2,ckd-0190,1,classical_rbf_svm,1,1.0967236967970617
6,6,2,ckd-0191,1,classical_rbf_svm,1,1.0923164418151274
6,6,2,ckd-0192,1,classical_rbf_svm,1,1.167956023197696
6,6,2,ckd-0193,1,classical_rbf_svm,1,0.7338429680864784
6,6,2,ckd-0200,1,classical_rbf_svm,1,1.4296708101465905
6,6,2,ckd-0211,1,classical_rbf_svm,1,1.0163272807190924
6,6,2,ckd-0221,1,classical_rbf_svm,1,1.392183210990009
6,6,2,ckd-0224,1,classical_rbf_svm,1,1.5580748499576247
6,6,2,ckd-0231,1,classical_rbf_svm,1,1.5937028331248406
6,6,2,ckd-0247,1,classical_rbf_svm,1,1.2096955137120537
6,6,2,ckd-0248,1,classical_rbf_svm,1,0.6657188958663606
6,6,2,ckd-0253,0,classical_rbf_svm,0,-1.4821028529431384
6,6,2,ckd-0263,0,classical_rbf_svm,0,-1.1777719754074105
6,6,2,ckd-0267,0,classical_rbf_svm,0,-0.37234159281252466
6,6,2,ckd-0269,0,classical_rbf_svm,0,-1.0949552803472735
6,6,2,ckd-0272,0,classical_rbf_svm,0,-1.0360479155722926
6,6,2,ckd-0273,0,classical_rbf_svm,0,-1.2543734037922218
6,6,2,ckd-0280,0,classical_rbf_svm,0,-1.4248247310327506
6,6,2,ckd-0282,0,classical_rbf_svm,0,-1.2547303639173963
6,6,2,ckd-0289,0,classical_rbf_svm,0,-1.3840131837862157
6,6,2,ckd-0294,0,classical_rbf_svm,0,-1.3010526951469659
6,6,2,ckd-0295,0,classical_rbf_svm,0,-0.6395041689522025
6,6,2,ckd-0297,0,classical_rbf_svm,0,-1.0918240096158764
6,6,2,ckd-0300,0,classical_rbf_svm,0,-1.2145635722154016
6,6,2,ckd-0323,0,classical_rbf_svm,0,-1.218640493961072
6,6,2,ckd-0324,0,classical_rbf_svm,0,-1.4690840102735792
6,6,2,ckd-0325,0,classical_rbf_svm,0,-0.004719193855214687
6,6,2,ckd-0326,0,classical_rbf_svm,0,-1.1560874585639223
6,6,2,ckd-0327,0,classical_rbf_svm,0,-1.0550387193481094
6,6,2,ckd-0357,0,classical_rbf_svm,0,-1.3195372757862749
6,6,2,ckd-0358,0,classical_rbf_svm,0,-0.9787196064272035
6,6,2,ckd-0361,0,classical_rbf_svm,0,-1.3093700961258128
6,6,2,ckd-0362,0,classical_rbf_svm,0,-0.963685871956167
6,6,2,ckd-0396,0,classical_rbf_svm,0,-1.3503522564770043
6,6,2,ckd-0399,0,classical_rbf_svm,0,-1.299579724749455
6,6,2,ckd-0014,1,qsvc,1,0.9506144707566073
6,6,2,ckd-0019,1,qsvc,1,1.0312571482276764
6,6,2,ckd-0026,1,qsvc,1,1.0237577515118976
6,6,2,ckd-0027,1,qsvc,1,0.9941588867610152
6,6,2,ckd-0036,1,qsvc,1,0.9729146035421393
6,6,2,ckd-0057,1,qsvc,1,1.017236361857339
6,6,2,ckd-0066,1,qsvc,1,0.12436233813025865
6,6,2,ckd-0069,1,qsvc,1,1.0827959923175041
6,6,2,ckd-0072,1,qsvc,1,1.0144415815036771
6,6,2,ckd-0075,1,qsvc,1,0.995724050883682
6,6,2,ckd-0080,1,qsvc,1,0.9945456158262842
6,6,2,ckd-0081,1,qsvc,1,1.0533930619475373
6,6,2,ckd-0085,1,qsvc,1,0.8636422617085513
6,6,2,ckd-0086,1,qsvc,1,0.9240049905912328
6,6,2,ckd-0089,1,qsvc,1,0.9960446344813558
6,6,2,ckd-0091,1,qsvc,1,1.3525849183227776
6,6,2,ckd-0094,1,qsvc,1,1.0078148570513552
6,6,2,ckd-0096,1,qsvc,1,1.2387045538777413
6,6,2,ckd-0097,1,qsvc,1,0.998114598739955
6,6,2,ckd-0101,1,qsvc,1,1.3279932918353867
6,6,2,ckd-0108,1,qsvc,1,1.0517130664094458
6,6,2,ckd-0111,1,qsvc,1,1.2461543084103746
6,6,2,ckd-0139,1,qsvc,1,1.299918892869203
6,6,2,ckd-0147,1,qsvc,1,1.0495697065347207
6,6,2,ckd-0150,1,qsvc,1,1.0469331843229226
6,6,2,ckd-0160,1,qsvc,1,0.9833742949518709
6,6,2,ckd-0166,1,qsvc,1,1.0891758442598771
6,6,2,ckd-0172,1,qsvc,1,0.8030505594724086
6,6,2,ckd-0187,1,qsvc,1,0.012065973366720106
6,6,2,ckd-0190,1,qsvc,1,1.0101494218342841
6,6,2,ckd-0191,1,qsvc,1,0.8003480013603741
6,6,2,ckd-0192,1,qsvc,1,1.0114577887237488
6,6,2,ckd-0193,1,qsvc,1,1.3436951637384875
6,6,2,ckd-0200,1,qsvc,1,1.0388076928149919
6,6,2,ckd-0211,1,qsvc,1,1.1623639497394207
6,6,2,ckd-0221,1,qsvc,1,1.4789573464726713
6,6,2,ckd-0224,1,qsvc,1,0.9964276113896848
6,6,2,ckd-0231,1,qsvc,1,1.0215022103047682
6,6,2,ckd-0247,1,qsvc,1,1.0462256024404646
6,6,2,ckd-0248,1,qsvc,1,1.0476864443910445
6,6,2,ckd-0253,0,qsvc,0,-1.7013845582636455
6,6,2,ckd-0263,0,qsvc,0,-1.320074929555974
6,6,2,ckd-0267,0,qsvc,0,-0.40268500682448827
6,6,2,ckd-0269,0,qsvc,0,-0.8531350606350012
6,6,2,ckd-0272,0,qsvc,0,-0.811998890452835
6,6,2,ckd-0273,0,qsvc,0,-1.2829606022472584
6,6,2,ckd-0280,0,qsvc,0,-1.589359949478811
6,6,2,ckd-0282,0,qsvc,0,-1.2954433863913306
6,6,2,ckd-0289,0,qsvc,0,-1.5050515468128531
6,6,2,ckd-0294,0,qsvc,0,-1.4076941812276873
6,6,2,ckd-0295,0,qsvc,0,-0.6977055751833516
6,6,2,ckd-0297,0,qsvc,0,-1.053500562238699
6,6,2,ckd-0300,0,qsvc,0,-1.1144712711788802
6,6,2,ckd-0323,0,qsvc,0,-1.3257083981035303
6,6,2,ckd-0324,0,qsvc,0,-1.6725686742760546
6,6,2,ckd-0325,0,qsvc,1,0.025937196963862652
6,6,2,ckd-0326,0,qsvc,0,-1.0953025166926604
6,6,2,ckd-0327,0,qsvc,0,-1.1661562567442503
6,6,2,ckd-0357,0,qsvc,0,-1.3715437538046458
6,6,2,ckd-0358,0,qsvc,0,-0.6972953315049861
6,6,2,ckd-0361,0,qsvc,0,-1.3906005097305423
6,6,2,ckd-0362,0,qsvc,0,-0.38097598578980696
6,6,2,ckd-0396,0,qsvc,0,-1.436165683648683
6,6,2,ckd-0399,0,qsvc,0,-1.1785145453606267
6,6,3,ckd-0008,1,classical_rbf_svm,1,1.4905937713479456
6,6,3,ckd-0010,1,classical_rbf_svm,1,1.6322384372396996
6,6,3,ckd-0023,1,classical_rbf_svm,1,1.0266018438647622
6,6,3,ckd-0024,1,classical_rbf_svm,1,1.5418608079484333
6,6,3,ckd-0025,1,classical_rbf_svm,1,1.207563473724832
6,6,3,ckd-0029,1,classical_rbf_svm,1,1.238547772435985
6,6,3,ckd-0040,1,classical_rbf_svm,1,1.6277800548555994
6,6,3,ckd-0045,1,classical_rbf_svm,1,1.201086006002257
6,6,3,ckd-0055,1,classical_rbf_svm,1,1.471482269301259
6,6,3,ckd-0062,1,classical_rbf_svm,1,1.5067722812375195
6,6,3,ckd-0073,1,classical_rbf_svm,1,1.356109245758051
6,6,3,ckd-0074,1,classical_rbf_svm,1,0.9607472299344945
6,6,3,ckd-0078,1,classical_rbf_svm,1,1.7334612326481427
6,6,3,ckd-0082,1,classical_rbf_svm,1,1.620365065807312
6,6,3,ckd-0088,1,classical_rbf_svm,1,1.3036079256780975
6,6,3,ckd-0090,1,classical_rbf_svm,1,0.8216323448668079
6,6,3,ckd-0113,1,classical_rbf_svm,1,1.346609844293403
6,6,3,ckd-0119,1,classical_rbf_svm,1,1.362753134859111
6,6,3,ckd-0121,1,classical_rbf_svm,1,1.324063286320999
6,6,3,ckd-0130,1,classical_rbf_svm,1,1.0805411806109912
6,6,3,ckd-0154,1,classical_rbf_svm,1,1.1414511791934263
6,6,3,ckd-0155,1,classical_rbf_svm,1,0.9673649666240234
6,6,3,ckd-0170,1,classical_rbf_svm,1,1.3660655882733885
6,6,3,ckd-0171,1,classical_rbf_svm,1,1.670885962611822
6,6,3,ckd-0179,1,classical_rbf_svm,1,1.6109133690359392
6,6,3,ckd-0183,1,classical_rbf_svm,1,0.8452114320263457
6,6,3,ckd-0186,1,classical_rbf_svm,1,0.9463508782573735
6,6,3,ckd-0195,1,classical_rbf_svm,1,1.6440981980667553
6,6,3,ckd-0197,1,classical_rbf_svm,1,1.099697860320372
6,6,3,ckd-0198,1,classical_rbf_svm,1,1.4197245791332858
6,6,3,ckd-0201,1,classical_rbf_svm,1,1.1167981674602556
6,6,3,ckd-0207,1,classical_rbf_svm,1,1.3347170147390481
6,6,3,ckd-0208,1,classical_rbf_svm,1,1.6391862771401682
6,6,3,ckd-0210,1,classical_rbf_svm,1,0.3941796519520963
6,6,3,ckd-0213,1,classical_rbf_svm,1,1.4474243121045094
6,6,3,ckd-0226,1,classical_rbf_svm,1,1.3811468043215935
6,6,3,ckd-0232,1,classical_rbf_svm,1,1.5266053268453827
6,6,3,ckd-0234,1,classical_rbf_svm,1,1.522430430043998
6,6,3,ckd-0238,1,classical_rbf_svm,1,1.7469198169158866
6,6,3,ckd-0244,1,classical_rbf_svm,1,0.17290962920802266
6,6,3,ckd-0255,0,classical_rbf_svm,0,-1.0989370116755937
6,6,3,ckd-0258,0,classical_rbf_svm,0,-1.1201093776748414
6,6,3,ckd-0262,0,classical_rbf_svm,0,-1.0877071346507776
6,6,3,ckd-0266,0,classical_rbf_svm,0,-1.2189440989144473
6,6,3,ckd-0274,0,classical_rbf_svm,0,-0.02269077811319875
6,6,3,ckd-0277,0,classical_rbf_svm,0,-0.9961096914916959
6,6,3,ckd-0281,0,classical_rbf_svm,0,-0.9778868006754146
6,6,3,ckd-0287,0,classical_rbf_svm,0,-1.169275695207948
6,6,3,ckd-0290,0,classical_rbf_svm,0,-1.2331314487169789
6,6,3,ckd-0298,0,classical_rbf_svm,0,-1.457966560874917
6,6,3,ckd-0302,0,classical_rbf_svm,0,-1.184666596312633
6,6,3,ckd-0313,0,classical_rbf_svm,0,-1.355798939003284
6,6,3,ckd-0316,0,classical_rbf_svm,0,-1.3013944404503968
6,6,3,ckd-0332,0,classical_rbf_svm,0,-1.1953242655095044
6,6,3,ckd-0348,0,classical_rbf_svm,0,-1.1094363307301722
6,6,3,ckd-0359,0,classical_rbf_svm,0,-0.7568785288331145
6,6,3,ckd-0367,0,classical_rbf_svm,0,-1.460346222244734
6,6,3,ckd-0369,0,classical_rbf_svm,0,-1.4262057304422884
6,6,3,ckd-0370,0,classical_rbf_svm,0,-1.0113655180641898
6,6,3,ckd-0382,0,classical_rbf_svm,0,-1.142905450983164
6,6,3,ckd-0383,0,classical_rbf_svm,0,-1.196781260718554
6,6,3,ckd-0391,0,classical_rbf_svm,0,-1.2901181253947374
6,6,3,ckd-0393,0,classical_rbf_svm,0,-1.2802915858156156
6,6,3,ckd-0400,0,classical_rbf_svm,0,-1.1845071876373492
6,6,3,ckd-0008,1,qsvc,1,0.9569448338304456
6,6,3,ckd-0010,1,qsvc,1,0.9443575534121686
6,6,3,ckd-0023,1,qsvc,1,0.4418283398407938
6,6,3,ckd-0024,1,qsvc,1,0.979268840755576
6,6,3,ckd-0025,1,qsvc,1,1.0446992147452643
6,6,3,ckd-0029,1,qsvc,1,1.0599428253762089
6,6,3,ckd-0040,1,qsvc,1,1.0097469990780283
6,6,3,ckd-0045,1,qsvc,1,1.01751835349608
6,6,3,ckd-0055,1,qsvc,1,1.132676725888238
6,6,3,ckd-0062,1,qsvc,1,1.0727298858874692
6,6,3,ckd-0073,1,qsvc,1,0.9784735035666643
6,6,3,ckd-0074,1,qsvc,1,1.0286688154958599
6,6,3,ckd-0078,1,qsvc,1,1.087241995539525
6,6,3,ckd-0082,1,qsvc,1,0.9230692566291385
6,6,3,ckd-0088,1,qsvc,1,0.9978954267719733
6,6,3,ckd-0090,1,qsvc,1,1.0002706425977357
6,6,3,ckd-0113,1,qsvc,1,1.0836000737218519
6,6,3,ckd-0119,1,qsvc,1,0.9656276213476993
6,6,3,ckd-0121,1,qsvc,1,1.0343931280317382
6,6,3,ckd-0130,1,qsvc,1,1.0148461335805226
6,6,3,ckd-0154,1,qsvc,1,0.9698189180667345
6,6,3,ckd-0155,1,qsvc,1,0.9773285832111851
6,6,3,ckd-0170,1,qsvc,1,0.8783194916628665
6,6,3,ckd-0171,1,qsvc,1,0.9389397242767209
6,6,3,ckd-0179,1,qsvc,1,0.9643621130822109
6,6,3,ckd-0183,1,qsvc,1,1.0127434909129096
6,6,3,ckd-0186,1,qsvc,1,1.0353101223515289
6,6,3,ckd-0195,1,qsvc,1,0.9919001749946668
6,6,3,ckd-0197,1,qsvc,1,0.978972396309173
6,6,3,ckd-0198,1,qsvc,1,0.995774603900671
6,6,3,ckd-0201,1,qsvc,1,1.0848472084838563
6,6,3,ckd-0207,1,qsvc,1,0.5899475870974633
6,6,3,ckd-0208,1,qsvc,1,0.9922885816627613
6,6,3,ckd-0210,1,qsvc,1,0.2950761609268996
6,6,3,ckd-0213,1,qsvc,1,1.0128409361319153
6,6,3,ckd-0226,1,qsvc,1,1.0384825830724214
6,6,3,ckd-0232,1,qsvc,1,1.1104000621608372
6,6,3,ckd-0234,1,qsvc,1,0.9999604927723034
6,6,3,ckd-0238,1,qsvc,1,0.9924772517985352
6,6,3,ckd-0244,1,qsvc,1,0.9295688185742431
6,6,3,ckd-0255,0,qsvc,0,-0.8970131222935864
6,6,3,ckd-0258,0,qsvc,0,-1.239413221285726
6,6,3,ckd-0262,0,qsvc,0,-0.9414837551655979
6,6,3,ckd-0266,0,qsvc,0,-1.2692719389727056
6,6,3,ckd-0274,0,qsvc,1,0.04651668240930518
6,6,3,ckd-0277,0,qsvc,0,-0.8320515472761503
6,6,3,ckd-0281,0,qsvc,0,-0.45979292284768647
6,6,3,ckd-0287,0,qsvc,0,-1.3152127920223995
6,6,3,ckd-0290,0,qsvc,0,-1.2329609267298678
6,6,3,ckd-0298,0,qsvc,0,-1.4075162839932345
6,6,3,ckd-0302,0,qsvc,0,-0.5286294967043417
6,6,3,ckd-0313,0,qsvc,0,-1.4637634119750267
6,6,3,ckd-0316,0,qsvc,0,-1.2827685331215806
6,6,3,ckd-0332,0,qsvc,0,-1.2151314918791534
6,6,3,ckd-0348,0,qsvc,0,-0.23405071926577548
6,6,3,ckd-0359,0,qsvc,0,-0.9040937724202738
6,6,3,ckd-0367,0,qsvc,0,-1.5582892630674765
6,6,3,ckd-0369,0,qsvc,0,-1.5226470128696796
6,6,3,ckd-0370,0,qsvc,0,-1.1181232058818573
6,6,3,ckd-0382,0,qsvc,0,-0.6132215919701147
6,6,3,ckd-0383,0,qsvc,0,-1.1682865952969474
6,6,3,ckd-0391,0,qsvc,0,-1.1470881656908436
6,6,3,ckd-0393,0,qsvc,0,-1.4225415707907199
6,6,3,ckd-0400,0,qsvc,0,-1.1491396078510532
6,6,4,ckd-0003,1,classical_rbf_svm,1,1.4580794714299692
6,6,4,ckd-0005,1,classical_rbf_svm,1,1.5807215709470808
6,6,4,ckd-0018,1,classical_rbf_svm,1,0.9148681051395445
6,6,4,ckd-0030,1,classical_rbf_svm,1,1.4294824401123258
6,6,4,ckd-0031,1,classical_rbf_svm,1,0.9075567591197115
6,6,4,ckd-0038,1,classical_rbf_svm,1,1.8231291652425974
6,6,4,ckd-0042,1,classical_rbf_svm,1,1.3006622499436147
6,6,4,ckd-0047,1,classical_rbf_svm,1,1.615448519415223
6,6,4,ckd-0049,1,classical_rbf_svm,1,1.2438432701079059
6,6,4,ckd-0052,1,classical_rbf_svm,1,1.5139816616445378
6,6,4,ckd-0053,1,classical_rbf_svm,1,1.7767291890597323
6,6,4,ckd-0058,1,classical_rbf_svm,1,1.4387453502471763
6,6,4,ckd-0059,1,classical_rbf_svm,1,1.7443682679677637
6,6,4,ckd-0064,1,classical_rbf_svm,1,1.4537805954766911
6,6,4,ckd-0077,1,classical_rbf_svm,1,1.0534973628436899
6,6,4,ckd-0098,1,classical_rbf_svm,1,1.9539347335216273
6,6,4,ckd-0102,1,classical_rbf_svm,1,1.6014000499197025
6,6,4,ckd-0105,1,classical_rbf_svm,1,1.4387453502471763
6,6,4,ckd-0109,1,classical_rbf_svm,1,1.1462932198024327
6,6,4,ckd-0112,1,classical_rbf_svm,1,1.3284020423192744
6,6,4,ckd-0127,1,classical_rbf_svm,1,1.9242512671502583
6,6,4,ckd-0128,1,classical_rbf_svm,1,1.2877429902600872
6,6,4,ckd-0131,1,classical_rbf_svm,1,1.1579296710824485
6,6,4,ckd-0132,1,classical_rbf_svm,1,1.498145952114167
6,6,4,ckd-0136,1,classical_rbf_svm,1,1.6740096350331735
6,6,4,ckd-0140,1,classical_rbf_svm,1,1.6123886504448626
6,6,4,ckd-0153,1,classical_rbf_svm,1,1.6757564610942448
6,6,4,ckd-0157,1,classical_rbf_svm,1,1.6072528558874373
6,6,4,ckd-0161,1,classical_rbf_svm,1,1.9593788975756035
6,6,4,ckd-0173,1,classical_rbf_svm,1,1.640353401389552
6,6,4,ckd-0180,1,classical_rbf_svm,1,1.585941333900747
6,6,4,ckd-0182,1,classical_rbf_svm,1,1.2891047317007995
6,6,4,ckd-0189,1,classical_rbf_svm,1,0.2807010578676985
6,6,4,ckd-0202,1,classical_rbf_svm,1,1.339289053716678
6,6,4,ckd-0205,1,classical_rbf_svm,1,1.1014495806566629
6,6,4,ckd-0214,1,classical_rbf_svm,1,1.3983962453434193
6,6,4,ckd-0227,1,classical_rbf_svm,1,1.0859650043711424
6,6,4,ckd-0228,1,classical_rbf_svm,1,1.807542273075284
6,6,4,ckd-0230,1,classical_rbf_svm,1,1.2921435205629832
6,6,4,ckd-0237,1,classical_rbf_svm,1,1.5985492120322422
6,6,4,ckd-0254,0,classical_rbf_svm,0,-1.3079668040077892
6,6,4,ckd-0257,0,classical_rbf_svm,0,-1.1120829805423245
6,6,4,ckd-0259,0,classical_rbf_svm,0,-0.9653881310394741
6,6,4,ckd-0285,0,classical_rbf_svm,0,-1.1042610739697287
6,6,4,ckd-0299,0,classical_rbf_svm,0,-1.0566543115333158
6,6,4,ckd-0304,0,classical_rbf_svm,0,-1.1243052833321268
6,6,4,ckd-0305,0,classical_rbf_svm,0,-1.036931707716297
6,6,4,ckd-0312,0,classical_rbf_svm,0,-1.2157083258112982
6,6,4,ckd-0314,0,classical_rbf_svm,0,-0.951364173788674
6,6,4,ckd-0315,0,classical_rbf_svm,0,-1.2397207234401475
6,6,4,ckd-0319,0,classical_rbf_svm,0,-0.9878455302376059
6,6,4,ckd-0322,0,classical_rbf_svm,0,-1.1558608532839445
6,6,4,ckd-0328,0,classical_rbf_svm,0,-1.072092585103926
6,6,4,ckd-0339,0,classical_rbf_svm,0,-1.0089403870938065
6,6,4,ckd-0342,0,classical_rbf_svm,0,-0.8210371977219784
6,6,4,ckd-0351,0,classical_rbf_svm,0,-1.3650857474414804
6,6,4,ckd-0352,0,classical_rbf_svm,0,-0.889062008310112
6,6,4,ckd-0364,0,classical_rbf_svm,0,-1.0974199977465284
6,6,4,ckd-0371,0,classical_rbf_svm,0,-1.2529519372966176
6,6,4,ckd-0374,0,classical_rbf_svm,0,-1.284512531152977
6,6,4,ckd-0376,0,classical_rbf_svm,0,-1.3279988903315414
6,6,4,ckd-0381,0,classical_rbf_svm,0,-1.0843048427716768
6,6,4,ckd-0388,0,classical_rbf_svm,0,-1.2687451328308428
6,6,4,ckd-0389,0,classical_rbf_svm,0,-1.320465031061107
6,6,4,ckd-0003,1,qsvc,1,0.9604559077727738
6,6,4,ckd-0005,1,qsvc,1,1.0369237991716438
6,6,4,ckd-0018,1,qsvc,1,0.9834953600120822
6,6,4,ckd-0030,1,qsvc,1,0.4193948304533431
6,6,4,ckd-0031,1,qsvc,1,1.0349832754986852
6,6,4,ckd-0038,1,qsvc,1,1.0266327734801368
6,6,4,ckd-0042,1,qsvc,1,1.0000143516999926
6,6,4,ckd-0047,1,qsvc,1,1.110436835723042
6,6,4,ckd-0049,1,qsvc,1,1.0697250400583385
6,6,4,ckd-0052,1,qsvc,1,1.020286291768855
6,6,4,ckd-0053,1,qsvc,1,1.0735607597197487
6,6,4,ckd-0058,1,qsvc,1,1.0773986874429409
6,6,4,ckd-0059,1,qsvc,1,0.9618228542622327
6,6,4,ckd-0064,1,qsvc,1,0.9183578453891409
6,6,4,ckd-0077,1,qsvc,1,1.1233643502183732
6,6,4,ckd-0098,1,qsvc,1,0.9863768351461023
6,6,4,ckd-0102,1,qsvc,1,1.0311892225270713
6,6,4,ckd-0105,1,qsvc,1,1.0773986874429409
6,6,4,ckd-0109,1,qsvc,1,1.2725492006106778
6,6,4,ckd-0112,1,qsvc,1,1.0433754806180096
6,6,4,ckd-0127,1,qsvc,1,1.0108143183289013
6,6,4,ckd-0128,1,qsvc,1,1.0066663150426554
6,6,4,ckd-0131,1,qsvc,1,1.0580838314916876
6,6,4,ckd-0132,1,qsvc,1,1.4402541031985368
6,6,4,ckd-0136,1,qsvc,1,1.0220939045540738
6,6,4,ckd-0140,1,qsvc,1,1.0349927514655681
6,6,4,ckd-0153,1,qsvc,1,1.075545633352122
6,6,4,ckd-0157,1,qsvc,1,0.9997078321743733
6,6,4,ckd-0161,1,qsvc,1,1.0646266130223307
6,6,4,ckd-0173,1,qsvc,1,1.036691393351511
6,6,4,ckd-0180,1,qsvc,1,1.1273537969716168
6,6,4,ckd-0182,1,qsvc,1,0.957071973419164
6,6,4,ckd-0189,1,qsvc,1,0.21641899366722206
6,6,4,ckd-0202,1,qsvc,1,1.021353639077261
6,6,4,ckd-0205,1,qsvc,1,1.0051681699822252
6,6,4,ckd-0214,1,qsvc,1,1.0606121730275822
6,6,4,ckd-0227,1,qsvc,1,1.2157553422717486
6,6,4,ckd-0228,1,qsvc,1,1.0879315387957376
6,6,4,ckd-0230,1,qsvc,1,1.0325399909502888
6,6,4,ckd-0237,1,qsvc,1,1.0553084367119965
6,6,4,ckd-0254,0,qsvc,0,-1.4090321717536476
6,6,4,ckd-0257,0,qsvc,0,-1.034019384587208
6,6,4,ckd-0259,0,qsvc,0,-1.1921573991373617
6,6,4,ckd-0285,0,qsvc,0,-0.9459786978399775
6,6,4,ckd-0299,0,qsvc,0,-1.0895036055699934
6,6,4,ckd-0304,0,qsvc,0,-0.5759687601339639
6,6,4,ckd-0305,0,qsvc,0,-0.7367434886124394
6,6,4,ckd-0312,0,qsvc,0,-1.0312868369402137
6,6,4,ckd-0314,0,qsvc,0,-0.12914267181381445
6,6,4,ckd-0315,0,qsvc,0,-1.3320535669075753
6,6,4,ckd-0319,0,qsvc,0,-0.7414000893521476
6,6,4,ckd-0322,0,qsvc,0,-1.1896577582772818
6,6,4,ckd-0328,0,qsvc,0,-0.7806463064836638
6,6,4,ckd-0339,0,qsvc,0,-0.8733471168987487
6,6,4,ckd-0342,0,qsvc,0,-0.3520631307117602
6,6,4,ckd-0351,0,qsvc,0,-1.4482522625241079
6,6,4,ckd-0352,0,qsvc,0,-0.6033872911494359
6,6,4,ckd-0364,0,qsvc,0,-0.7980007723324135
6,6,4,ckd-0371,0,qsvc,0,-0.9017817663252926
6,6,4,ckd-0374,0,qsvc,0,-1.1172351432730712
6,6,4,ckd-0376,0,qsvc,0,-1.2919398695003044
6,6,4,ckd-0381,0,qsvc,0,-0.8460326874012077
6,6,4,ckd-0388,0,qsvc,0,-1.2246909618606359
6,6,4,ckd-0389,0,qsvc,0,-1.344554746441128
6,6,5,ckd-0002,1,classical_rbf_svm,1,1.1928572710203253
6,6,5,ckd-0006,1,classical_rbf_svm,1,1.574421530184356
6,6,5,ckd-0009,1,classical_rbf_svm,1,1.4877212248451945
6,6,5,ckd-0012,1,classical_rbf_svm,1,1.297029419622379
6,6,5,ckd-0013,1,classical_rbf_svm,1,1.2934498450162646
6,6,5,ckd-0015,1,classical_rbf_svm,1,0.9670889455411149
6,6,5,ckd-0020,1,classical_rbf_svm,1,1.6154713421889477
6,6,5,ckd-0021,1,classical_rbf_svm,1,1.2283545265972706
6,6,5,ckd-0022,1,classical_rbf_svm,1,1.7649115117561267
6,6,5,ckd-0033,1,classical_rbf_svm,1,1.684278422969327
6,6,5,ckd-0034,1,classical_rbf_svm,1,1.520625633573236
6,6,5,ckd-0060,1,classical_rbf_svm,1,1.4061152387616556
6,6,5,ckd-0068,1,classical_rbf_svm,1,1.3510293532639839
6,6,5,ckd-0079,1,classical_rbf_svm,1,1.40670970757771
6,6,5,ckd-0083,1,classical_rbf_svm,1,0.5805981905519155
6,6,5,ckd-0095,1,classical_rbf_svm,1,1.6480189360724204
6,6,5,ckd-0106,1,classical_rbf_svm,1,0.025181288465289886
6,6,5,ckd-0115,1,classical_rbf_svm,1,1.43069881577979
6,6,5,ckd-0117,1,classical_rbf_svm,1,1.2441738433546408
6,6,5,ckd-0123,1,classical_rbf_svm,1,1.1804747642338742
6,6,5,ckd-0125,1,classical_rbf_svm,1,1.5104720190976293
6,6,5,ckd-0126,1,classical_rbf_svm,1,1.3583183887637507
6,6,5,ckd-0134,1,classical_rbf_svm,1,1.2328409795320847
6,6,5,ckd-0146,1,classical_rbf_svm,1,0.9501855118410837
6,6,5,ckd-0152,1,classical_rbf_svm,1,1.7764688888205804
6,6,5,ckd-0163,1,classical_rbf_svm,1,1.7319378156030258
6,6,5,ckd-0167,1,classical_rbf_svm,1,0.5805981905519155
6,6,5,ckd-0169,1,classical_rbf_svm,1,1.2586402349585737
6,6,5,ckd-0176,1,classical_rbf_svm,1,1.1481456097456713
6,6,5,ckd-0177,1,classical_rbf_svm,1,1.0099901179680928
6,6,5,ckd-0181,1,classical_rbf_svm,1,1.4989665508277126
6,6,5,ckd-0184,1,classical_rbf_svm,1,1.0348262223223856
6,6,5,ckd-0185,1,classical_rbf_svm,1,1.420673348431189
6,6,5,ckd-0194,1,classical_rbf_svm,1,0.9344474319785968
6,6,5,ckd-0203,1,classical_rbf_svm,1,1.4110303110828535
6,6,5,ckd-0204,1,classical_rbf_svm,1,1.5888578938590179
6,6,5,ckd-0215,1,classical_rbf_svm,1,0.9212458478488754
6,6,5,ckd-0216,1,classical_rbf_svm,1,1.4078080556578398
6,6,5,ckd-0217,1,classical_rbf_svm,1,1.1890317125193548
6,6,5,ckd-0222,1,classical_rbf_svm,1,1.3518345590139131
6,6,5,ckd-0251,0,classical_rbf_svm,0,-1.4836866926406844
6,6,5,ckd-0256,0,classical_rbf_svm,0,-1.1808109483866809
6,6,5,ckd-0260,0,classical_rbf_svm,0,-1.3005891820004418
6,6,5,ckd-0271,0,classical_rbf_svm,0,-1.0628893990904191
6,6,5,ckd-0276,0,classical_rbf_svm,0,-1.1855765207578917
6,6,5,ckd-0283,0,classical_rbf_svm,0,-1.1341967532088684
6,6,5,ckd-0292,0,classical_rbf_svm,0,-1.1682630996788874
6,6,5,ckd-0301,0,classical_rbf_svm,0,-1.1303328600420284
6,6,5,ckd-0307,0,classical_rbf_svm,0,-1.2458399926231811
6,6,5,ckd-0310,0,classical_rbf_svm,0,-0.9147241308090414
6,6,5,ckd-0317,0,classical_rbf_svm,0,-1.3607806523548693
6,6,5,ckd-0318,0,classical_rbf_svm,0,-0.8514166576793522
6,6,5,ckd-0340,0,classical_rbf_svm,0,-1.0010870046949925
6,6,5,ckd-0345,0,classical_rbf_svm,0,-0.9248373259061738
6,6,5,ckd-0363,0,classical_rbf_svm,0,-1.0834497821471794
6,6,5,ckd-0365,0,classical_rbf_svm,0,-1.4261935673851958
6,6,5,ckd-0372,0,classical_rbf_svm,0,-1.009765241239108
6,6,5,ckd-0377,0,classical_rbf_svm,0,-1.1347072602613566
6,6,5,ckd-0379,0,classical_rbf_svm,0,-1.2852860070548826
6,6,5,ckd-0384,0,classical_rbf_svm,0,-1.3396120468246782
6,6,5,ckd-0385,0,classical_rbf_svm,0,-1.1007460006096736
6,6,5,ckd-0386,0,classical_rbf_svm,0,-1.150368740632055
6,6,5,ckd-0395,0,classical_rbf_svm,0,-1.0878360953722992
6,6,5,ckd-0398,0,classical_rbf_svm,0,-1.3459152154573832
6,6,5,ckd-0002,1,qsvc,1,0.4553808331813075
6,6,5,ckd-0006,1,qsvc,1,1.1014462136251046
6,6,5,ckd-0009,1,qsvc,1,1.0406774783102999
6,6,5,ckd-0012,1,qsvc,1,0.9940178681190802
6,6,5,ckd-0013,1,qsvc,1,1.0183481642251198
6,6,5,ckd-0015,1,qsvc,1,0.9054040100626007
6,6,5,ckd-0020,1,qsvc,1,1.0238162547702447
6,6,5,ckd-0021,1,qsvc,1,0.9525815767474592
6,6,5,ckd-0022,1,qsvc,1,1.0831698753168815
6,6,5,ckd-0033,1,qsvc,1,1.0074055628747323
6,6,5,ckd-0034,1,qsvc,1,1.0216614487433158
6,6,5,ckd-0060,1,qsvc,1,1.0176612094041981
6,6,5,ckd-0068,1,qsvc,1,0.9589056208204829
6,6,5,ckd-0079,1,qsvc,1,0.5770078420921381
6,6,5,ckd-0083,1,qsvc,1,1.000232102286063
6,6,5,ckd-0095,1,qsvc,1,1.1129598907547567
6,6,5,ckd-0106,1,qsvc,1,1.0844950744581534
6,6,5,ckd-0115,1,qsvc,1,1.150559374655486
6,6,5,ckd-0117,1,qsvc,1,1.30095201048732
6,6,5,ckd-0123,1,qsvc,0,-1.0337741547237018
6,6,5,ckd-0125,1,qsvc,1,1.0760315135786507
6,6,5,ckd-0126,1,qsvc,1,1.0809214870670374
6,6,5,ckd-0134,1,qsvc,1,1.3065120280007836
6,6,5,ckd-0146,1,qsvc,1,0.9791954790668685
6,6,5,ckd-0152,1,qsvc,1,1.112695458759775
6,6,5,ckd-0163,1,qsvc,1,0.9728043956954651
6,6,5,ckd-0167,1,qsvc,1,1.000232102286063
6,6,5,ckd-0169,1,qsvc,1,1.0840011966288574
6,6,5,ckd-0176,1,qsvc,1,0.9998647833810008
6,6,5,ckd-0177,1,qsvc,0,-0.17361577921409
6,6,5,ckd-0181,1,qsvc,1,0.9906975825153946
6,6,5,ckd-0184,1,qsvc,1,1.202055444315333
6,6,5,ckd-0185,1,qsvc,1,0.9832851585290785
6,6,5,ckd-0194,1,qsvc,1,0.9964511889996733
6,6,5,ckd-0203,1,qsvc,1,1.01013244244759
6,6,5,ckd-0204,1,qsvc,1,0.8601350762516592
6,6,5,ckd-0215,1,qsvc,1,1.2499323939024565
6,6,5,ckd-0216,1,qsvc,1,0.975358366087441
6,6,5,ckd-0217,1,qsvc,1,1.086144739775601
6,6,5,ckd-0222,1,qsvc,1,1.060326646002069
6,6,5,ckd-0251,0,qsvc,0,-1.531934960094149
6,6,5,ckd-0256,0,qsvc,0,-0.5955125795370526
6,6,5,ckd-0260,0,qsvc,0,-1.2769583835199836
6,6,5,ckd-0271,0,qsvc,0,-1.092026750940812
6,6,5,ckd-0276,0,qsvc,0,-1.197768495955035
6,6,5,ckd-0283,0,qsvc,0,-1.2574870190099172
6,6,5,ckd-0292,0,qsvc,0,-1.2922291077760388
6,6,5,ckd-0301,0,qsvc,0,-1.272727485075572
6,6,5,ckd-0307,0,qsvc,0,-1.081335241255532
6,6,5,ckd-0310,0,qsvc,0,-0.745504929348858
6,6,5,ckd-0317,0,qsvc,0,-1.249765826514195
6,6,5,ckd-0318,0,qsvc,0,-1.1611236252264276
6,6,5,ckd-0340,0,qsvc,0,-1.0160919087312932
6,6,5,ckd-0345,0,qsvc,0,-1.1531524303721175
6,6,5,ckd-0363,0,qsvc,0,-1.20541057103639
6,6,5,ckd-0365,0,qsvc,0,-1.5546061477201742
6,6,5,ckd-0372,0,qsvc,0,-0.8551737944187521
6,6,5,ckd-0377,0,qsvc,0,-1.036670222819081
6,6,5,ckd-0379,0,qsvc,0,-1.4414685520929746
6,6,5,ckd-0384,0,qsvc,0,-1.1404820396906303
6,6,5,ckd-0385,0,qsvc,0,-1.263937602886385
6,6,5,ckd-0386,0,qsvc,0,-0.8209528640667838
6,6,5,ckd-0395,0,qsvc,0,-1.2140193974667002
6,6,5,ckd-0398,0,qsvc,0,-1.1826190166603683
6,7,1,ckd-0001,1,classical_rbf_svm,1,0.051591979148771894
6,7,1,ckd-0006,1,classical_rbf_svm,1,1.4374308620274034
6,7,1,ckd-0012,1,classical_rbf_svm,1,1.2923668513580924
6,7,1,ckd-0013,1,classical_rbf_svm,1,1.3182579952780107
6,7,1,ckd-0015,1,classical_rbf_svm,1,0.9529681963872723
6,7,1,ckd-0029,1,classical_rbf_svm,1,1.1516120575331947
6,7,1,ckd-0036,1,classical_rbf_svm,1,1.7179107152744786
6,7,1,ckd-0040,1,classical_rbf_svm,1,1.6254246936455163
6,7,1,ckd-0051,1,classical_rbf_svm,1,1.629243153689304
6,7,1,ckd-0060,1,classical_rbf_svm,1,1.333784682235085
6,7,1,ckd-0086,1,classical_rbf_svm,1,1.7269886436136122
6,7,1,ckd-0088,1,classical_rbf_svm,1,1.310648136535084
6,7,1,ckd-0090,1,classical_rbf_svm,1,0.8282677729393166
6,7,1,ckd-0091,1,classical_rbf_svm,1,1.5013551159818874
6,7,1,ckd-0107,1,classical_rbf_svm,1,1.0378218165003048
6,7,1,ckd-0108,1,classical_rbf_svm,1,1.8955037745008694
6,7,1,ckd-0113,1,classical_rbf_svm,1,1.3747556984471725
6,7,1,ckd-0122,1,classical_rbf_svm,1,0.7816999464355461
6,7,1,ckd-0123,1,classical_rbf_svm,1,1.1257434569762834
6,7,1,ckd-0139,1,classical_rbf_svm,1,1.5572045874553058
6,7,1,ckd-0147,1,classical_rbf_svm,1,1.7759875200849284
6,7,1,ckd-0155,1,classical_rbf_svm,1,0.9416237898088013
6,7,1,ckd-0166,1,classical_rbf_svm,1,0.9577622619082885
6,7,1,ckd-0170,1,classical_rbf_svm,1,1.328602222222392
6,7,1,ckd-0175,1,classical_rbf_svm,1,0.9720627280641092
6,7,1,ckd-0180,1,classical_rbf_svm,1,1.557503368292902
6,7,1,ckd-0183,1,classical_rbf_svm,1,0.8905918266276297
6,7,1,ckd-0184,1,classical_rbf_svm,1,1.3523084860848358
6,7,1,ckd-0190,1,classical_rbf_svm,1,1.0626674296218792
6,7,1,ckd-0192,1,classical_rbf_svm,1,1.1244574144894948
6,7,1,ckd-0195,1,classical_rbf_svm,1,1.6485457845995493
6,7,1,ckd-0201,1,classical_rbf_svm,1,1.069587053091821
6,7,1,ckd-0203,1,classical_rbf_svm,1,1.3514225598746812
6,7,1,ckd-0208,1,classical_rbf_svm,1,1.7116761926162132
6,7,1,ckd-0211,1,classical_rbf_svm,1,1.0109810002515818
6,7,1,ckd-0220,1,classical_rbf_svm,1,1.4529228494907818
6,7,1,ckd-0222,1,classical_rbf_svm,1,1.1516120575331947
6,7,1,ckd-0230,1,classical_rbf_svm,1,1.2401305987445252
6,7,1,ckd-0231,1,classical_rbf_svm,1,1.6398569769334446
6,7,1,ckd-0244,1,classical_rbf_svm,1,0.08736835769352647
6,7,1,ckd-0251,0,classical_rbf_svm,0,-1.5139864877619993
6,7,1,ckd-0254,0,classical_rbf_svm,0,-1.3439603451010451
6,7,1,ckd-0262,0,classical_rbf_svm,0,-1.093623342822157
6,7,1,ckd-0263,0,classical_rbf_svm,0,-1.2395703482864344
6,7,1,ckd-0279,0,classical_rbf_svm,0,-1.1445216666016864
6,7,1,ckd-0295,0,classical_rbf_svm,0,-0.71487716583695
6,7,1,ckd-0297,0,classical_rbf_svm,0,-1.110607804840384
6,7,1,ckd-0298,0,classical_rbf_svm,0,-1.5016803548444422
6,7,1,ckd-0304,0,classical_rbf_svm,0,-1.1866598754595703
6,7,1,ckd-0306,0,classical_rbf_svm,0,-1.0831036360448638
6,7,1,ckd-0316,0,classical_rbf_svm,0,-1.344028489272394
6,7,1,ckd-0327,0,classical_rbf_svm,0,-1.1081920176454365
6,7,1,ckd-0328,0,classical_rbf_svm,0,-1.0924780948892217
6,7,1,ckd-0351,0,classical_rbf_svm,0,-1.4078568465572867
6,7,1,ckd-0365,0,classical_rbf_svm,0,-1.4623090448741984
6,7,1,ckd-0372,0,classical_rbf_svm,0,-1.015574693870041
6,7,1,ckd-0379,0,classical_rbf_svm,0,-1.3287160343183761
6,7,1,ckd-0381,0,classical_rbf_svm,0,-1.1083635890396004
6,7,1,ckd-0386,0,classical_rbf_svm,0,-1.1561168084327291
6,7,1,ckd-0387,0,classical_rbf_svm,0,-1.3827838851279175
6,7,1,ckd-0396,0,classical_rbf_svm,0,-1.3998387457295611
6,7,1,ckd-0397,0,classical_rbf_svm,0,-1.0251610237928674
6,7,1,ckd-0398,0,classical_rbf_svm,0,-1.3766568638361583
6,7,1,ckd-0399,0,classical_rbf_svm,0,-1.3393670877994714
6,7,1,ckd-0001,1,qsvc,1,0.9893980728836755
6,7,1,ckd-0006,1,qsvc,1,1.0608323450581425
6,7,1,ckd-0012,1,qsvc,1,0.9978824734401124
6,7,1,ckd-0013,1,qsvc,1,1.0224099673958098
6,7,1,ckd-0015,1,qsvc,1,0.9041641634006072
6,7,1,ckd-0029,1,qsvc,1,1.0246426713235475
6,7,1,ckd-0036,1,qsvc,1,0.9830417642193519
6,7,1,ckd-0040,1,qsvc,1,1.0914600727983519
6,7,1,ckd-0051,1,qsvc,1,0.9636635677088834
6,7,1,ckd-0060,1,qsvc,1,1.0001089547278652
6,7,1,ckd-0086,1,qsvc,1,0.9134077179955387
6,7,1,ckd-0088,1,qsvc,1,1.0033440920200778
6,7,1,ckd-0090,1,qsvc,1,1.0022778339083547
6,7,1,ckd-0091,1,qsvc,1,1.39427167642534
6,7,1,ckd-0107,1,qsvc,1,1.0338505191412346
6,7,1,ckd-0108,1,qsvc,1,1.0482832230052452
6,7,1,ckd-0113,1,qsvc,1,1.047995043073988
6,7,1,ckd-0122,1,qsvc,1,0.9134048716143369
6,7,1,ckd-0123,1,qsvc,0,-0.8560305630686051
6,7,1,ckd-0139,1,qsvc,1,1.3133710098403792
6,7,1,ckd-0147,1,qsvc,1,1.0646045751709072
6,7,1,ckd-0155,1,qsvc,1,0.9266637845323484
6,7,1,ckd-0166,1,qsvc,1,1.000077296403978
6,7,1,ckd-0170,1,qsvc,1,0.8649995015190887
6,7,1,ckd-0175,1,qsvc,1,0.8864939451651868
6,7,1,ckd-0180,1,qsvc,1,1.1984325801825295
6,7,1,ckd-0183,1,qsvc,1,0.8540648934825226
6,7,1,ckd-0184,1,qsvc,1,1.1476662789321685
6,7,1,ckd-0190,1,qsvc,1,0.9927135162068497
6,7,1,ckd-0192,1,qsvc,1,1.010089010323377
6,7,1,ckd-0195,1,qsvc,1,1.077056153389619
6,7,1,ckd-0201,1,qsvc,1,1.0862974970741157
6,7,1,ckd-0203,1,qsvc,1,0.9762944492031471
6,7,1,ckd-0208,1,qsvc,1,0.9614412312039384
6,7,1,ckd-0211,1,qsvc,1,1.127045955284976
6,7,1,ckd-0220,1,qsvc,1,0.9691544358659315
6,7,1,ckd-0222,1,qsvc,1,1.0246426713235475
6,7,1,ckd-0230,1,qsvc,1,1.0327979529833085
6,7,1,ckd-0231,1,qsvc,1,0.9950053885906727
6,7,1,ckd-0244,1,qsvc,1,0.9099170697147398
6,7,1,ckd-0251,0,qsvc,0,-1.4870404264491999
6,7,1,ckd-0254,0,qsvc,0,-1.4261069058058529
6,7,1,ckd-0262,0,qsvc,0,-0.7951915254512378
6,7,1,ckd-0263,0,qsvc,0,-1.1888672337503525
6,7,1,ckd-0279,0,qsvc,0,-1.1799612372805623
6,7,1,ckd-0295,0,qsvc,0,-0.8983266011670492
6,7,1,ckd-0297,0,qsvc,0,-0.8491384032754472
6,7,1,ckd-0298,0,qsvc,0,-1.5811429552097431
6,7,1,ckd-0304,0,qsvc,0,-0.7495409717634982
6,7,1,ckd-0306,0,qsvc,0,-0.7672828899454431
6,7,1,ckd-0316,0,qsvc,0,-1.260041784317734
6,7,1,ckd-0327,0,qsvc,0,-1.0446465423401394
6,7,1,ckd-0328,0,qsvc,0,-0.9956479654329293
6,7,1,ckd-0351,0,qsvc,0,-1.4612536298734522
6,7,1,ckd-0365,0,qsvc,0,-1.5169518620198832
6,7,1,ckd-0372,0,qsvc,0,-0.8032060897956592
6,7,1,ckd-0379,0,qsvc,0,-1.4037391731228879
6,7,1,ckd-0381,0,qsvc,0,-0.8663186290248615
6,7,1,ckd-0386,0,qsvc,0,-0.6697688743062569
6,7,1,ckd-0387,0,qsvc,0,-1.394059023987134
6,7,1,ckd-0396,0,qsvc,0,-1.2377901001413392
6,7,1,ckd-0397,0,qsvc,0,-0.7604219509349412
6,7,1,ckd-0398,0,qsvc,0,-1.138335652336161
6,7,1,ckd-0399,0,qsvc,0,-1.0554006677061234
6,7,2,ckd-0002,1,classical_rbf_svm,1,1.1638034121847265
6,7,2,ckd-0004,1,classical_rbf_svm,1,1.0129388537770805
6,7,2,ckd-0032,1,classical_rbf_svm,1,1.3522849122412355
6,7,2,ckd-0038,1,classical_rbf_svm,1,1.8285063962597399
6,7,2,ckd-0047,1,classical_rbf_svm,1,1.6243653954488044
6,7,2,ckd-0057,1,classical_rbf_svm,1,1.384628081479584
6,7,2,ckd-0058,1,classical_rbf_svm,1,1.527436058250129
6,7,2,ckd-0064,1,classical_rbf_svm,1,1.4028358556444382
6,7,2,ckd-0069,1,classical_rbf_svm,1,1.4969184879665711
6,7,2,ckd-0073,1,classical_rbf_svm,1,1.3408915347370964
6,7,2,ckd-0078,1,classical_rbf_svm,1,1.702867205740437
6,7,2,ckd-0080,1,classical_rbf_svm,1,1.6846134634142114
6,7,2,ckd-0081,1,classical_rbf_svm,1,1.6267847736930992
6,7,2,ckd-0085,1,classical_rbf_svm,1,1.0535306634978936
6,7,2,ckd-0096,1,classical_rbf_svm,1,1.076360938449474
6,7,2,ckd-0101,1,classical_rbf_svm,1,1.1944643303376623
6,7,2,ckd-0105,1,classical_rbf_svm,1,1.527436058250129
6,7,2,ckd-0117,1,classical_rbf_svm,1,1.1944643303376623
6,7,2,ckd-0120,1,classical_rbf_svm,1,1.3173941110657175
6,7,2,ckd-0121,1,classical_rbf_svm,1,1.3306115571910837
6,7,2,ckd-0131,1,classical_rbf_svm,1,1.1353591790159518
6,7,2,ckd-0134,1,classical_rbf_svm,1,1.1894140818606587
6,7,2,ckd-0141,1,classical_rbf_svm,1,1.3173941110657175
6,7,2,ckd-0163,1,classical_rbf_svm,1,1.7197420720509666
6,7,2,ckd-0174,1,classical_rbf_svm,1,0.8780193039390587
6,7,2,ckd-0176,1,classical_rbf_svm,1,1.3173941110657175
6,7,2,ckd-0185,1,classical_rbf_svm,1,1.4289016020736658
6,7,2,ckd-0189,1,classical_rbf_svm,1,0.3438268906091986
6,7,2,ckd-0191,1,classical_rbf_svm,1,1.0819945979491956
6,7,2,ckd-0197,1,classical_rbf_svm,1,1.1062652792291778
6,7,2,ckd-0206,1,classical_rbf_svm,1,0.7045285237961241
6,7,2,ckd-0207,1,classical_rbf_svm,1,1.297538086282316
6,7,2,ckd-0216,1,classical_rbf_svm,1,1.3391604849758254
6,7,2,ckd-0221,1,classical_rbf_svm,1,1.465741158476336
6,7,2,ckd-0224,1,classical_rbf_svm,1,1.6016936744978088
6,7,2,ckd-0227,1,classical_rbf_svm,1,1.0668714060207853
6,7,2,ckd-0232,1,classical_rbf_svm,1,1.5806481197976492
6,7,2,ckd-0233,1,classical_rbf_svm,1,1.076360938449474
6,7,2,ckd-0236,1,classical_rbf_svm,1,1.1918990891741408
6,7,2,ckd-0238,1,classical_rbf_svm,1,1.7703475365370607
6,7,2,ckd-0265,0,classical_rbf_svm,0,-1.2074954029531555
6,7,2,ckd-0273,0,classical_rbf_svm,0,-1.2423301068990606
6,7,2,ckd-0280,0,classical_rbf_svm,0,-1.4235041971555429
6,7,2,ckd-0282,0,classical_rbf_svm,0,-1.250888757774299
6,7,2,ckd-0288,0,classical_rbf_svm,0,-0.9674481025318499
6,7,2,ckd-0290,0,classical_rbf_svm,0,-1.210385185809534
6,7,2,ckd-0299,0,classical_rbf_svm,0,-0.9880070612201214
6,7,2,ckd-0300,0,classical_rbf_svm,0,-1.2105494097826899
6,7,2,ckd-0302,0,classical_rbf_svm,0,-1.2198223690902208
6,7,2,ckd-0307,0,classical_rbf_svm,0,-1.2132036653009028
6,7,2,ckd-0317,0,classical_rbf_svm,0,-1.3234501714296742
6,7,2,ckd-0319,0,classical_rbf_svm,0,-1.0071590453670436
6,7,2,ckd-0320,0,classical_rbf_svm,1,0.01200727852589123
6,7,2,ckd-0340,0,classical_rbf_svm,0,-0.9284107057223975
6,7,2,ckd-0345,0,classical_rbf_svm,0,-0.876759909917708
6,7,2,ckd-0359,0,classical_rbf_svm,0,-0.6608432641857626
6,7,2,ckd-0363,0,classical_rbf_svm,0,-1.1055491324820008
6,7,2,ckd-0364,0,classical_rbf_svm,0,-1.1614683285874925
6,7,2,ckd-0366,0,classical_rbf_svm,1,0.01200727852589123
6,7,2,ckd-0373,0,classical_rbf_svm,0,-1.2066444906581952
6,7,2,ckd-0376,0,classical_rbf_svm,0,-1.301973094886871
6,7,2,ckd-0388,0,classical_rbf_svm,0,-1.2835763371589821
6,7,2,ckd-0393,0,classical_rbf_svm,0,-1.2224902582331691
6,7,2,ckd-0395,0,classical_rbf_svm,0,-1.0193639147989595
6,7,2,ckd-0002,1,qsvc,1,0.5541685296188559
6,7,2,ckd-0004,1,qsvc,1,1.0318600565524294
6,7,2,ckd-0032,1,qsvc,1,0.9888546417302976
6,7,2,ckd-0038,1,qsvc,1,1.0299141661292648
6,7,2,ckd-0047,1,qsvc,1,1.1064095752679688
6,7,2,ckd-0057,1,qsvc,1,1.0122755234079668
6,7,2,ckd-0058,1,qsvc,1,1.0438269996437552
6,7,2,ckd-0064,1,qsvc,1,0.9288221734720294
6,7,2,ckd-0069,1,qsvc,1,1.0168383503363791
6,7,2,ckd-0073,1,qsvc,1,0.9454750745033598
6,7,2,ckd-0078,1,qsvc,1,1.0482835525421255
6,7,2,ckd-0080,1,qsvc,1,0.9808165806142062
6,7,2,ckd-0081,1,qsvc,1,1.0524502724488394
6,7,2,ckd-0085,1,qsvc,1,0.8281220426260169
6,7,2,ckd-0096,1,qsvc,1,1.0829019286493502
6,7,2,ckd-0101,1,qsvc,1,1.2141115576245471
6,7,2,ckd-0105,1,qsvc,1,1.0438269996437552
6,7,2,ckd-0117,1,qsvc,1,1.2141115576245471
6,7,2,ckd-0120,1,qsvc,1,0.8038805806926201
6,7,2,ckd-0121,1,qsvc,1,1.0209402482695678
6,7,2,ckd-0131,1,qsvc,1,0.976001474407364
6,7,2,ckd-0134,1,qsvc,1,1.2364088468534002
6,7,2,ckd-0141,1,qsvc,1,0.8038805806926201
6,7,2,ckd-0163,1,qsvc,1,1.1055361192552435
6,7,2,ckd-0174,1,qsvc,1,1.0721870944602916
6,7,2,ckd-0176,1,qsvc,1,0.8038805806926201
6,7,2,ckd-0185,1,qsvc,1,0.9857192533767771
6,7,2,ckd-0189,1,qsvc,1,0.41340882081110064
6,7,2,ckd-0191,1,qsvc,1,0.7986377928228969
6,7,2,ckd-0197,1,qsvc,1,0.979175860451706
6,7,2,ckd-0206,1,qsvc,1,0.8401385282359631
6,7,2,ckd-0207,1,qsvc,1,0.6797911449002421
6,7,2,ckd-0216,1,qsvc,1,0.9253711747108937
6,7,2,ckd-0221,1,qsvc,1,1.311663137264124
6,7,2,ckd-0224,1,qsvc,1,0.9839539689322672
6,7,2,ckd-0227,1,qsvc,1,1.2364244848553416
6,7,2,ckd-0232,1,qsvc,1,1.135996833585069
6,7,2,ckd-0233,1,qsvc,1,1.0829019286493502
6,7,2,ckd-0236,1,qsvc,1,1.1320785880944333
6,7,2,ckd-0238,1,qsvc,1,0.9871324067659013
6,7,2,ckd-0265,0,qsvc,0,-1.3652559724983977
6,7,2,ckd-0273,0,qsvc,0,-1.2848336555075277
6,7,2,ckd-0280,0,qsvc,0,-1.4446318966502725
6,7,2,ckd-0282,0,qsvc,0,-1.2329811161701865
6,7,2,ckd-0288,0,qsvc,0,-0.8882915969125288
6,7,2,ckd-0290,0,qsvc,0,-1.2891425080062255
6,7,2,ckd-0299,0,qsvc,0,-1.149968614141624
6,7,2,ckd-0300,0,qsvc,0,-1.317630235277059
6,7,2,ckd-0302,0,qsvc,0,-0.8147826551923768
6,7,2,ckd-0307,0,qsvc,0,-1.319109874197812
6,7,2,ckd-0317,0,qsvc,0,-1.547262960616104
6,7,2,ckd-0319,0,qsvc,0,-0.8073440039036061
6,7,2,ckd-0320,0,qsvc,0,-0.027736428440354066
6,7,2,ckd-0340,0,qsvc,0,-1.073153001511315
6,7,2,ckd-0345,0,qsvc,0,-1.042375642078909
6,7,2,ckd-0359,0,qsvc,0,-0.8921276711438165
6,7,2,ckd-0363,0,qsvc,0,-1.080471061855767
6,7,2,ckd-0364,0,qsvc,0,-0.7219893578904094
6,7,2,ckd-0366,0,qsvc,0,-0.027736428440354066
6,7,2,ckd-0373,0,qsvc,0,-1.3121730757040355
6,7,2,ckd-0376,0,qsvc,0,-1.5423784243948928
6,7,2,ckd-0388,0,qsvc,0,-1.2403277505553567
6,7,2,ckd-0393,0,qsvc,0,-1.4786934807386856
6,7,2,ckd-0395,0,qsvc,0,-1.2527068900995149
6,7,3,ckd-0003,1,classical_rbf_svm,1,1.4826153809898086
6,7,3,ckd-0005,1,classical_rbf_svm,1,1.617651276909686
6,7,3,ckd-0007,1,classical_rbf_svm,1,1.4770220529615887
6,7,3,ckd-0008,1,classical_rbf_svm,1,1.633184344322137
6,7,3,ckd-0009,1,classical_rbf_svm,1,1.5378176147762397
6,7,3,ckd-0010,1,classical_rbf_svm,1,1.6789611508601339
6,7,3,ckd-0020,1,classical_rbf_svm,1,1.6957649183889227
6,7,3,ckd-0024,1,classical_rbf_svm,1,1.5398944235661411
6,7,3,ckd-0026,1,classical_rbf_svm,1,1.5147518205141828
6,7,3,ckd-0027,1,classical_rbf_svm,1,2.0182324199438875
6,7,3,ckd-0028,1,classical_rbf_svm,1,1.4785134796237847
6,7,3,ckd-0031,1,classical_rbf_svm,1,0.9537158065315481
6,7,3,ckd-0034,1,classical_rbf_svm,1,1.6388572769587593
6,7,3,ckd-0042,1,classical_rbf_svm,1,1.3455314913535596
6,7,3,ckd-0048,1,classical_rbf_svm,1,1.3053632781928348
6,7,3,ckd-0053,1,classical_rbf_svm,1,1.8236849092419125
6,7,3,ckd-0055,1,classical_rbf_svm,1,1.5640829569164123
6,7,3,ckd-0077,1,classical_rbf_svm,1,1.062049392452757
6,7,3,ckd-0083,1,classical_rbf_svm,1,0.7829909280032453
6,7,3,ckd-0097,1,classical_rbf_svm,1,1.8346643535674896
6,7,3,ckd-0109,1,classical_rbf_svm,1,1.1925050008283036
6,7,3,ckd-0111,1,classical_rbf_svm,1,1.3730619043415606
6,7,3,ckd-0112,1,classical_rbf_svm,1,1.340452633584984
6,7,3,ckd-0114,1,classical_rbf_svm,1,1.7570664079573537
6,7,3,ckd-0116,1,classical_rbf_svm,1,1.194897129324415
6,7,3,ckd-0133,1,classical_rbf_svm,1,1.4178823184603608
6,7,3,ckd-0146,1,classical_rbf_svm,1,0.9710194544729049
6,7,3,ckd-0150,1,classical_rbf_svm,1,1.4832422640591751
6,7,3,ckd-0158,1,classical_rbf_svm,1,1.2575305693289325
6,7,3,ckd-0162,1,classical_rbf_svm,1,1.4591950012284554
6,7,3,ckd-0171,1,classical_rbf_svm,1,1.7639905625092216
6,7,3,ckd-0196,1,classical_rbf_svm,1,1.3288813439073217
6,7,3,ckd-0199,1,classical_rbf_svm,1,1.21478120795906
6,7,3,ckd-0200,1,classical_rbf_svm,1,1.4841874957562373
6,7,3,ckd-0202,1,classical_rbf_svm,1,1.3325656920877593
6,7,3,ckd-0217,1,classical_rbf_svm,1,1.382902961175399
6,7,3,ckd-0226,1,classical_rbf_svm,1,1.445819477911953
6,7,3,ckd-0228,1,classical_rbf_svm,1,1.8435872006619454
6,7,3,ckd-0237,1,classical_rbf_svm,1,1.5947607905801755
6,7,3,ckd-0249,1,classical_rbf_svm,1,1.7946589193438567
6,7,3,ckd-0256,0,classical_rbf_svm,0,-1.1780071527559595
6,7,3,ckd-0266,0,classical_rbf_svm,0,-1.2243635312880383
6,7,3,ckd-0272,0,classical_rbf_svm,0,-1.0359614457148316
6,7,3,ckd-0274,0,classical_rbf_svm,0,-0.07554768020971747
6,7,3,ckd-0283,0,classical_rbf_svm,0,-1.1337596748454288
6,7,3,ckd-0287,0,classical_rbf_svm,0,-1.153780978421734
6,7,3,ckd-0292,0,classical_rbf_svm,0,-1.1823291685433954
6,7,3,ckd-0301,0,classical_rbf_svm,0,-1.1358416244765532
6,7,3,ckd-0312,0,classical_rbf_svm,0,-1.2176998837411936
6,7,3,ckd-0313,0,classical_rbf_svm,0,-1.361829646815191
6,7,3,ckd-0326,0,classical_rbf_svm,0,-1.1904098919377466
6,7,3,ckd-0335,0,classical_rbf_svm,0,-1.382241293275055
6,7,3,ckd-0341,0,classical_rbf_svm,0,-1.2391423688212435
6,7,3,ckd-0350,0,classical_rbf_svm,0,-1.2962108316265497
6,7,3,ckd-0352,0,classical_rbf_svm,0,-0.922284646535681
6,7,3,ckd-0355,0,classical_rbf_svm,0,-1.132736969461683
6,7,3,ckd-0358,0,classical_rbf_svm,0,-0.9776830305282712
6,7,3,ckd-0367,0,classical_rbf_svm,0,-1.477691134591379
6,7,3,ckd-0368,0,classical_rbf_svm,0,-1.125721106154161
6,7,3,ckd-0369,0,classical_rbf_svm,0,-1.4413787544487753
6,7,3,ckd-0371,0,classical_rbf_svm,0,-1.2932402697512986
6,7,3,ckd-0385,0,classical_rbf_svm,0,-1.1134573128813106
6,7,3,ckd-0391,0,classical_rbf_svm,0,-1.317491336865407
6,7,3,ckd-0400,0,classical_rbf_svm,0,-1.2056542980404705
6,7,3,ckd-0003,1,qsvc,1,0.9648487646636893
6,7,3,ckd-0005,1,qsvc,1,1.1419095614873003
6,7,3,ckd-0007,1,qsvc,1,1.4751669373708527
6,7,3,ckd-0008,1,qsvc,1,0.966624690086097
6,7,3,ckd-0009,1,qsvc,1,1.019529294946141
6,7,3,ckd-0010,1,qsvc,1,0.9544326193414402
6,7,3,ckd-0020,1,qsvc,1,1.0155102124545077
6,7,3,ckd-0024,1,qsvc,1,0.957492786545063
6,7,3,ckd-0026,1,qsvc,1,1.0264983702030728
6,7,3,ckd-0027,1,qsvc,1,0.9976051695878112
6,7,3,ckd-0028,1,qsvc,1,1.0412747054413736
6,7,3,ckd-0031,1,qsvc,1,1.111852545480862
6,7,3,ckd-0034,1,qsvc,1,1.0042754853466245
6,7,3,ckd-0042,1,qsvc,1,0.9262950476882932
6,7,3,ckd-0048,1,qsvc,1,0.3824370034324168
6,7,3,ckd-0053,1,qsvc,1,1.0696000328828064
6,7,3,ckd-0055,1,qsvc,1,1.3394856549651868
6,7,3,ckd-0077,1,qsvc,1,1.165168798810293
6,7,3,ckd-0083,1,qsvc,1,0.9999019866824805
6,7,3,ckd-0097,1,qsvc,1,1.015502799511319
6,7,3,ckd-0109,1,qsvc,1,1.390082558189443
6,7,3,ckd-0111,1,qsvc,1,1.2650304349995138
6,7,3,ckd-0112,1,qsvc,1,1.0539856401813985
6,7,3,ckd-0114,1,qsvc,1,1.0159657427107103
6,7,3,ckd-0116,1,qsvc,1,0.2263733515738321
6,7,3,ckd-0133,1,qsvc,0,-0.9600124089238041
6,7,3,ckd-0146,1,qsvc,1,0.9976143434191146
6,7,3,ckd-0150,1,qsvc,1,1.0290465481694258
6,7,3,ckd-0158,1,qsvc,1,0.997360779146474
6,7,3,ckd-0162,1,qsvc,1,1.0420879074234275
6,7,3,ckd-0171,1,qsvc,1,0.9443345368350058
6,7,3,ckd-0196,1,qsvc,1,0.9405444560626798
6,7,3,ckd-0199,1,qsvc,1,0.9452335327951462
6,7,3,ckd-0200,1,qsvc,1,0.992184963958373
6,7,3,ckd-0202,1,qsvc,1,0.9724202825992481
6,7,3,ckd-0217,1,qsvc,1,1.157868406213459
6,7,3,ckd-0226,1,qsvc,1,1.0832137970182003
6,7,3,ckd-0228,1,qsvc,1,1.1236206228821892
6,7,3,ckd-0237,1,qsvc,1,1.0030681291356998
6,7,3,ckd-0249,1,qsvc,1,1.086713144562767
6,7,3,ckd-0256,0,qsvc,0,-0.5881672444317626
6,7,3,ckd-0266,0,qsvc,0,-1.4268104631672682
6,7,3,ckd-0272,0,qsvc,0,-0.8581063986917626
6,7,3,ckd-0274,0,qsvc,1,0.0072330856185300885
6,7,3,ckd-0283,0,qsvc,0,-1.3938249413778094
6,7,3,ckd-0287,0,qsvc,0,-1.4155661702464997
6,7,3,ckd-0292,0,qsvc,0,-1.182688738865541
6,7,3,ckd-0301,0,qsvc,0,-1.3818382085532206
6,7,3,ckd-0312,0,qsvc,0,-1.2362970107983702
6,7,3,ckd-0313,0,qsvc,0,-1.5659765996675175
6,7,3,ckd-0326,0,qsvc,0,-1.2371719415828126
6,7,3,ckd-0335,0,qsvc,0,-1.5214385862622182
6,7,3,ckd-0341,0,qsvc,0,-1.2524959654347207
6,7,3,ckd-0350,0,qsvc,0,-0.9229540795928507
6,7,3,ckd-0352,0,qsvc,0,-0.5903910350960756
6,7,3,ckd-0355,0,qsvc,0,-1.0725570298043485
6,7,3,ckd-0358,0,qsvc,0,-0.7504336049732866
6,7,3,ckd-0367,0,qsvc,0,-1.629718231935711
6,7,3,ckd-0368,0,qsvc,0,-1.1309147720935515
6,7,3,ckd-0369,0,qsvc,0,-1.5944335963201612
6,7,3,ckd-0371,0,qsvc,0,-1.318446506160389
6,7,3,ckd-0385,0,qsvc,0,-1.3312546525421993
6,7,3,ckd-0391,0,qsvc,0,-1.0632385980756758
6,7,3,ckd-0400,0,qsvc,0,-1.0343845220491166
6,7,4,ckd-0018,1,classical_rbf_svm,1,0.6662073050493853
6,7,4,ckd-0019,1,classical_rbf_svm,1,0.6927794060789131
6,7,4,ckd-0021,1,classical_rbf_svm,1,1.212850481734961
6,7,4,ckd-0022,1,classical_rbf_svm,1,1.6557119572263224
6,7,4,ckd-0025,1,classical_rbf_svm,1,1.1915339685885462
6,7,4,ckd-0052,1,classical_rbf_svm,1,1.4058531733066972
6,7,4,ckd-0059,1,classical_rbf_svm,1,1.6293889585179517
6,7,4,ckd-0063,1,classical_rbf_svm,1,1.4057829719033161
6,7,4,ckd-0072,1,classical_rbf_svm,1,1.4219554864499973
6,7,4,ckd-0075,1,classical_rbf_svm,1,1.433533422189801
6,7,4,ckd-0079,1,classical_rbf_svm,1,1.3523241576353133
6,7,4,ckd-0089,1,classical_rbf_svm,1,1.1906112542941236
6,7,4,ckd-0093,1,classical_rbf_svm,1,1.3180429932041537
6,7,4,ckd-0095,1,classical_rbf_svm,1,1.6407881144705885
6,7,4,ckd-0098,1,classical_rbf_svm,1,1.7644085913349135
6,7,4,ckd-0099,1,classical_rbf_svm,1,0.9986377651827991
6,7,4,ckd-0115,1,classical_rbf_svm,1,1.389724211948553
6,7,4,ckd-0125,1,classical_rbf_svm,1,1.466188861609555
6,7,4,ckd-0126,1,classical_rbf_svm,1,1.1892726067630885
6,7,4,ckd-0127,1,classical_rbf_svm,1,1.7424521194240947
6,7,4,ckd-0129,1,classical_rbf_svm,1,1.0516090952441834
6,7,4,ckd-0130,1,classical_rbf_svm,1,0.7377049944387006
6,7,4,ckd-0140,1,classical_rbf_svm,1,1.5387574990567512
6,7,4,ckd-0154,1,classical_rbf_svm,1,1.1135033595311394
6,7,4,ckd-0156,1,classical_rbf_svm,1,1.266776155222587
6,7,4,ckd-0160,1,classical_rbf_svm,1,1.6091167485995006
6,7,4,ckd-0167,1,classical_rbf_svm,1,0.44161079408102744
6,7,4,ckd-0169,1,classical_rbf_svm,1,1.250631793348221
6,7,4,ckd-0172,1,classical_rbf_svm,1,1.150176013976788
6,7,4,ckd-0181,1,classical_rbf_svm,1,1.4456336843863933
6,7,4,ckd-0188,1,classical_rbf_svm,1,1.4850826510672923
6,7,4,ckd-0193,1,classical_rbf_svm,1,0.6559261044079194
6,7,4,ckd-0194,1,classical_rbf_svm,1,0.8969890457236165
6,7,4,ckd-0198,1,classical_rbf_svm,1,1.3455986992733644
6,7,4,ckd-0214,1,classical_rbf_svm,1,1.3520028452698118
6,7,4,ckd-0219,1,classical_rbf_svm,1,1.2785900327836353
6,7,4,ckd-0234,1,classical_rbf_svm,1,1.4048654855986704
6,7,4,ckd-0242,1,classical_rbf_svm,1,1.5878228219396957
6,7,4,ckd-0246,1,classical_rbf_svm,1,1.0265472422451472
6,7,4,ckd-0248,1,classical_rbf_svm,1,0.3339508807669944
6,7,4,ckd-0255,0,classical_rbf_svm,0,-1.1380171290049437
6,7,4,ckd-0257,0,classical_rbf_svm,0,-1.1146701085610224
6,7,4,ckd-0267,0,classical_rbf_svm,0,-0.3560628466525273
6,7,4,ckd-0270,0,classical_rbf_svm,0,-1.479960872049069
6,7,4,ckd-0271,0,classical_rbf_svm,0,-1.0721773615344024
6,7,4,ckd-0294,0,classical_rbf_svm,0,-1.2588611810254917
6,7,4,ckd-0303,0,classical_rbf_svm,0,-1.2485333475584504
6,7,4,ckd-0305,0,classical_rbf_svm,0,-1.042024099564167
6,7,4,ckd-0308,0,classical_rbf_svm,0,-0.7849598488414853
6,7,4,ckd-0310,0,classical_rbf_svm,0,-0.9280828499155196
6,7,4,ckd-0314,0,classical_rbf_svm,0,-0.949668508040018
6,7,4,ckd-0315,0,classical_rbf_svm,0,-1.2521928819042005
6,7,4,ckd-0322,0,classical_rbf_svm,0,-1.0977902792335053
6,7,4,ckd-0325,0,classical_rbf_svm,0,-0.11554512778027992
6,7,4,ckd-0332,0,classical_rbf_svm,0,-1.2086806805571284
6,7,4,ckd-0342,0,classical_rbf_svm,0,-0.8247821479092041
6,7,4,ckd-0348,0,classical_rbf_svm,0,-1.1123802121892719
6,7,4,ckd-0349,0,classical_rbf_svm,0,-0.7849598488414853
6,7,4,ckd-0357,0,classical_rbf_svm,0,-1.2976102751178005
6,7,4,ckd-0361,0,classical_rbf_svm,0,-1.3058900879225444
6,7,4,ckd-0370,0,classical_rbf_svm,0,-0.9300712664851323
6,7,4,ckd-0374,0,classical_rbf_svm,0,-1.290426355520516
6,7,4,ckd-0378,0,classical_rbf_svm,0,-1.099324147951973
6,7,4,ckd-0389,0,classical_rbf_svm,0,-1.2616945242860085
6,7,4,ckd-0018,1,qsvc,1,1.0632116437270491
6,7,4,ckd-0019,1,qsvc,1,1.0188818247246005
6,7,4,ckd-0021,1,qsvc,1,0.9438615479477894
6,7,4,ckd-0022,1,qsvc,1,1.0538197737704849
6,7,4,ckd-0025,1,qsvc,1,1.098977814496831
6,7,4,ckd-0052,1,qsvc,1,1.0251083003589214
6,7,4,ckd-0059,1,qsvc,1,0.974083185809133
6,7,4,ckd-0063,1,qsvc,1,0.9978842499718922
6,7,4,ckd-0072,1,qsvc,1,0.9871491459933187
6,7,4,ckd-0075,1,qsvc,1,0.9911049683270696
6,7,4,ckd-0079,1,qsvc,1,0.3839447156516248
6,7,4,ckd-0089,1,qsvc,1,0.9799848051376931
6,7,4,ckd-0093,1,qsvc,1,1.0651221598959821
6,7,4,ckd-0095,1,qsvc,1,1.1037186563150425
6,7,4,ckd-0098,1,qsvc,1,0.9934085841791607
6,7,4,ckd-0099,1,qsvc,1,0.9579959619665807
6,7,4,ckd-0115,1,qsvc,1,1.1848085815940197
6,7,4,ckd-0125,1,qsvc,1,1.048964109698986
6,7,4,ckd-0126,1,qsvc,1,1.0437210977718447
6,7,4,ckd-0127,1,qsvc,1,1.021267720265676
6,7,4,ckd-0129,1,qsvc,1,1.2457300535542557
6,7,4,ckd-0130,1,qsvc,1,0.949186049406174
6,7,4,ckd-0140,1,qsvc,1,1.0051218984771189
6,7,4,ckd-0154,1,qsvc,1,0.9543906381512345
6,7,4,ckd-0156,1,qsvc,1,1.0392197767677673
6,7,4,ckd-0160,1,qsvc,1,0.9836665256221638
6,7,4,ckd-0167,1,qsvc,1,1.0000094799041612
6,7,4,ckd-0169,1,qsvc,1,1.1288699982778023
6,7,4,ckd-0172,1,qsvc,1,0.7529170077186574
6,7,4,ckd-0181,1,qsvc,1,0.9756233994014901
6,7,4,ckd-0188,1,qsvc,1,1.0007841721046546
6,7,4,ckd-0193,1,qsvc,1,1.427551617029815
6,7,4,ckd-0194,1,qsvc,1,0.9740986170779043
6,7,4,ckd-0198,1,qsvc,1,0.9926633926424029
6,7,4,ckd-0214,1,qsvc,1,1.0680445806170034
6,7,4,ckd-0219,1,qsvc,1,1.1680401125573452
6,7,4,ckd-0234,1,qsvc,1,0.9997641558076158
6,7,4,ckd-0242,1,qsvc,1,1.0281403984958675
6,7,4,ckd-0246,1,qsvc,1,0.3452917366187067
6,7,4,ckd-0248,1,qsvc,1,0.9777373670679229
6,7,4,ckd-0255,0,qsvc,0,-0.7479457910053066
6,7,4,ckd-0257,0,qsvc,0,-0.9497059535376206
6,7,4,ckd-0267,0,qsvc,0,-0.186140349142364
6,7,4,ckd-0270,0,qsvc,0,-1.4845914642595757
6,7,4,ckd-0271,0,qsvc,0,-0.8395532841547589
6,7,4,ckd-0294,0,qsvc,0,-1.5325128942375135
6,7,4,ckd-0303,0,qsvc,0,-1.523323473234396
6,7,4,ckd-0305,0,qsvc,0,-0.703805523904054
6,7,4,ckd-0308,0,qsvc,0,-0.9158790333080019
6,7,4,ckd-0310,0,qsvc,0,-0.7863624347719885
6,7,4,ckd-0314,0,qsvc,0,-0.6005839957104074
6,7,4,ckd-0315,0,qsvc,0,-1.2830669615630437
6,7,4,ckd-0322,0,qsvc,0,-1.3347028932152663
6,7,4,ckd-0325,0,qsvc,1,0.18516664645057546
6,7,4,ckd-0332,0,qsvc,0,-0.9749509490939995
6,7,4,ckd-0342,0,qsvc,0,-0.2567280006740197
6,7,4,ckd-0348,0,qsvc,0,-0.6477907928539993
6,7,4,ckd-0349,0,qsvc,0,-0.9158790333080019
6,7,4,ckd-0357,0,qsvc,0,-1.230410156627494
6,7,4,ckd-0361,0,qsvc,0,-1.2686293446052868
6,7,4,ckd-0370,0,qsvc,0,-1.1529834258982348
6,7,4,ckd-0374,0,qsvc,0,-1.093878395792803
6,7,4,ckd-0378,0,qsvc,0,-1.2809671146706787
6,7,4,ckd-0389,0,qsvc,0,-1.5654135569477905
6,7,5,ckd-0014,1,classical_rbf_svm,1,1.8373514290573443
6,7,5,ckd-0023,1,classical_rbf_svm,1,1.0641270212727822
6,7,5,ckd-0030,1,classical_rbf_svm,1,1.283356642717199
6,7,5,ckd-0033,1,classical_rbf_svm,1,1.713950137599583
6,7,5,ckd-0045,1,classical_rbf_svm,1,1.2177346116030296
6,7,5,ckd-0049,1,classical_rbf_svm,1,1.1978134002293412
6,7,5,ckd-0062,1,classical_rbf_svm,1,1.3449607552730765
6,7,5,ckd-0066,1,classical_rbf_svm,1,0.7044160809855532
6,7,5,ckd-0068,1,classical_rbf_svm,1,1.4168972384070342
6,7,5,ckd-0074,1,classical_rbf_svm,1,0.9501962341219016
6,7,5,ckd-0076,1,classical_rbf_svm,1,1.46331371267435
6,7,5,ckd-0082,1,classical_rbf_svm,1,1.6275890822106227
6,7,5,ckd-0092,1,classical_rbf_svm,1,0.9532110518736079
6,7,5,ckd-0094,1,classical_rbf_svm,1,1.231747091724269
6,7,5,ckd-0102,1,classical_rbf_svm,1,1.5693175617309505
6,7,5,ckd-0106,1,classical_rbf_svm,0,-0.014236135970938979
6,7,5,ckd-0119,1,classical_rbf_svm,1,1.3688612337660455
6,7,5,ckd-0128,1,classical_rbf_svm,1,1.2520041638210515
6,7,5,ckd-0132,1,classical_rbf_svm,1,1.3911309354722419
6,7,5,ckd-0136,1,classical_rbf_svm,1,1.5916314928869366
6,7,5,ckd-0138,1,classical_rbf_svm,1,1.4013448943082998
6,7,5,ckd-0152,1,classical_rbf_svm,1,1.741362747932865
6,7,5,ckd-0153,1,classical_rbf_svm,1,1.5941208286220627
6,7,5,ckd-0157,1,classical_rbf_svm,1,1.5997695888399064
6,7,5,ckd-0161,1,classical_rbf_svm,1,1.9848212102507952
6,7,5,ckd-0173,1,classical_rbf_svm,1,1.5810000359379504
6,7,5,ckd-0177,1,classical_rbf_svm,1,1.0087562910310126
6,7,5,ckd-0178,1,classical_rbf_svm,1,1.506670167397883
6,7,5,ckd-0179,1,classical_rbf_svm,1,1.733845160328924
6,7,5,ckd-0182,1,classical_rbf_svm,1,1.2701422791676182
6,7,5,ckd-0186,1,classical_rbf_svm,1,1.0787474365292191
6,7,5,ckd-0187,1,classical_rbf_svm,1,1.1709764991202876
6,7,5,ckd-0204,1,classical_rbf_svm,1,1.5119269824669899
6,7,5,ckd-0205,1,classical_rbf_svm,1,1.0801172063151614
6,7,5,ckd-0210,1,classical_rbf_svm,1,0.3368226380198359
6,7,5,ckd-0213,1,classical_rbf_svm,1,1.4656590767268196
6,7,5,ckd-0215,1,classical_rbf_svm,1,0.801484754438835
6,7,5,ckd-0218,1,classical_rbf_svm,1,1.6406851951010553
6,7,5,ckd-0223,1,classical_rbf_svm,1,0.8840495237687659
6,7,5,ckd-0247,1,classical_rbf_svm,1,1.2133219267612165
6,7,5,ckd-0252,0,classical_rbf_svm,0,-1.0860832512323841
6,7,5,ckd-0253,0,classical_rbf_svm,0,-1.475088189206787
6,7,5,ckd-0258,0,classical_rbf_svm,0,-1.1170795291066336
6,7,5,ckd-0259,0,classical_rbf_svm,0,-0.9820824901767878
6,7,5,ckd-0260,0,classical_rbf_svm,0,-1.3544134437802438
6,7,5,ckd-0269,0,classical_rbf_svm,0,-1.0723044370151245
6,7,5,ckd-0276,0,classical_rbf_svm,0,-1.2587937757574688
6,7,5,ckd-0277,0,classical_rbf_svm,0,-0.9971385686643085
6,7,5,ckd-0281,0,classical_rbf_svm,0,-0.8939989472659008
6,7,5,ckd-0284,0,classical_rbf_svm,0,-1.2639685830801723
6,7,5,ckd-0285,0,classical_rbf_svm,0,-1.1055125381688864
6,7,5,ckd-0289,0,classical_rbf_svm,0,-1.3773506316664537
6,7,5,ckd-0318,0,classical_rbf_svm,0,-0.9068855519105684
6,7,5,ckd-0323,0,classical_rbf_svm,0,-1.2698066714140568
6,7,5,ckd-0324,0,classical_rbf_svm,0,-1.4598112938681171
6,7,5,ckd-0334,0,classical_rbf_svm,0,-1.1447287212843134
6,7,5,ckd-0339,0,classical_rbf_svm,0,-1.1006467034609257
6,7,5,ckd-0344,0,classical_rbf_svm,0,-1.347757448529793
6,7,5,ckd-0353,0,classical_rbf_svm,0,-1.3347918436613058
6,7,5,ckd-0362,0,classical_rbf_svm,0,-0.8628008296809085
6,7,5,ckd-0377,0,classical_rbf_svm,0,-1.1052463433744406
6,7,5,ckd-0382,0,classical_rbf_svm,0,-1.1240564366242296
6,7,5,ckd-0383,0,classical_rbf_svm,0,-1.1953669827347881
6,7,5,ckd-0384,0,classical_rbf_svm,0,-1.2951791817990763
6,7,5,ckd-0014,1,qsvc,1,0.9060668522304012
6,7,5,ckd-0023,1,qsvc,1,0.26123601541367136
6,7,5,ckd-0030,1,qsvc,1,0.2986597757298174
6,7,5,ckd-0033,1,qsvc,1,1.0074109526231445
6,7,5,ckd-0045,1,qsvc,1,1.0081105546104885
6,7,5,ckd-0049,1,qsvc,1,1.055136592574861
6,7,5,ckd-0062,1,qsvc,1,1.2020599939146586
6,7,5,ckd-0066,1,qsvc,1,0.1470567181173026
6,7,5,ckd-0068,1,qsvc,1,0.9699836721401256
6,7,5,ckd-0074,1,qsvc,1,1.053514416335287
6,7,5,ckd-0076,1,qsvc,1,0.6002655338638474
6,7,5,ckd-0082,1,qsvc,1,0.9117003129699196
6,7,5,ckd-0092,1,qsvc,1,0.801421980340353
6,7,5,ckd-0094,1,qsvc,1,1.0105337736317561
6,7,5,ckd-0102,1,qsvc,1,0.9994324214720861
6,7,5,ckd-0106,1,qsvc,1,0.9066189905241064
6,7,5,ckd-0119,1,qsvc,1,0.9216376805586396
6,7,5,ckd-0128,1,qsvc,1,1.00255876568725
6,7,5,ckd-0132,1,qsvc,1,1.2645942322889479
6,7,5,ckd-0136,1,qsvc,1,1.0292028767304606
6,7,5,ckd-0138,1,qsvc,1,0.9799357025087098
6,7,5,ckd-0152,1,qsvc,1,1.1269414620467413
6,7,5,ckd-0153,1,qsvc,1,1.0203640740808633
6,7,5,ckd-0157,1,qsvc,1,0.9999424018056963
6,7,5,ckd-0161,1,qsvc,1,1.0396573427296578
6,7,5,ckd-0173,1,qsvc,1,0.9302213141033604
6,7,5,ckd-0177,1,qsvc,0,-0.46039563807003014
6,7,5,ckd-0178,1,qsvc,1,1.0264364634251806
6,7,5,ckd-0179,1,qsvc,1,0.9485910898516442
6,7,5,ckd-0182,1,qsvc,1,0.9320233144505384
6,7,5,ckd-0186,1,qsvc,1,0.9263969775721934
6,7,5,ckd-0187,1,qsvc,0,-0.5462842671741176
6,7,5,ckd-0204,1,qsvc,1,0.8949365400473905
6,7,5,ckd-0205,1,qsvc,1,0.9980655803450764
6,7,5,ckd-0210,1,qsvc,0,-0.4437862141766308
6,7,5,ckd-0213,1,qsvc,1,1.013761739807603
6,7,5,ckd-0215,1,qsvc,1,1.1716316886157878
6,7,5,ckd-0218,1,qsvc,1,1.042973328784169
6,7,5,ckd-0223,1,qsvc,1,1.028352403293161
6,7,5,ckd-0247,1,qsvc,1,0.9440784255106065
6,7,5,ckd-0252,0,qsvc,0,-0.9594625817432211
6,7,5,ckd-0253,0,qsvc,0,-1.6115755789343185
6,7,5,ckd-0258,0,qsvc,0,-1.3070475674353852
6,7,5,ckd-0259,0,qsvc,0,-1.3063922933971894
6,7,5,ckd-0260,0,qsvc,0,-1.224670366830762
6,7,5,ckd-0269,0,qsvc,0,-0.7493637638779872
6,7,5,ckd-0276,0,qsvc,0,-1.1517592622033686
6,7,5,ckd-0277,0,qsvc,0,-0.8019982304037973
6,7,5,ckd-0281,0,qsvc,0,-0.23358243544298818
6,7,5,ckd-0284,0,qsvc,0,-1.1628517156384919
6,7,5,ckd-0285,0,qsvc,0,-0.9904859244171741
6,7,5,ckd-0289,0,qsvc,0,-1.4052981914164548
6,7,5,ckd-0318,0,qsvc,0,-1.0848657245262077
6,7,5,ckd-0323,0,qsvc,0,-1.2045082127657816
6,7,5,ckd-0324,0,qsvc,0,-1.5913139719770601
6,7,5,ckd-0334,0,qsvc,0,-0.9662463147077182
6,7,5,ckd-0339,0,qsvc,0,-1.043833747265543
6,7,5,ckd-0344,0,qsvc,0,-1.3730897605320465
6,7,5,ckd-0353,0,qsvc,0,-1.2685999097370702
6,7,5,ckd-0362,0,qsvc,0,-0.18693412372545504
6,7,5,ckd-0377,0,qsvc,0,-0.9946686279058833
6,7,5,ckd-0382,0,qsvc,0,-0.9872283420933107
6,7,5,ckd-0383,0,qsvc,0,-1.1421975795432302
6,7,5,ckd-0384,0,qsvc,0,-1.2210127869087408
6,8,1,ckd-0004,1,classical_rbf_svm,1,1.0302450989024838
6,8,1,ckd-0015,1,classical_rbf_svm,1,0.9712206967542448
6,8,1,ckd-0024,1,classical_rbf_svm,1,1.5377968855254576
6,8,1,ckd-0036,1,classical_rbf_svm,1,1.6915071108438522
6,8,1,ckd-0038,1,classical_rbf_svm,1,1.7305624057031346
6,8,1,ckd-0040,1,classical_rbf_svm,1,1.5752538182237545
6,8,1,ckd-0051,1,classical_rbf_svm,1,1.6487210169964723
6,8,1,ckd-0052,1,classical_rbf_svm,1,1.4336427313138236
6,8,1,ckd-0055,1,classical_rbf_svm,1,1.5000116710417934
6,8,1,ckd-0073,1,classical_rbf_svm,1,1.3365253127785852
6,8,1,ckd-0075,1,classical_rbf_svm,1,1.4686848913115331
6,8,1,ckd-0078,1,classical_rbf_svm,1,1.6618851675298636
6,8,1,ckd-0089,1,classical_rbf_svm,1,1.1912832591244136
6,8,1,ckd-0090,1,classical_rbf_svm,1,0.8017314245695999
6,8,1,ckd-0094,1,classical_rbf_svm,1,1.21357282495396
6,8,1,ckd-0096,1,classical_rbf_svm,1,1.0718267743719725
6,8,1,ckd-0101,1,classical_rbf_svm,1,1.183814266722093
6,8,1,ckd-0116,1,classical_rbf_svm,1,1.192919425353949
6,8,1,ckd-0119,1,classical_rbf_svm,1,1.375789886242531
6,8,1,ckd-0132,1,classical_rbf_svm,1,1.5167925555512907
6,8,1,ckd-0147,1,classical_rbf_svm,1,1.6395680126109757
6,8,1,ckd-0156,1,classical_rbf_svm,1,1.2312461921457407
6,8,1,ckd-0161,1,classical_rbf_svm,1,1.8242542181347376
6,8,1,ckd-0166,1,classical_rbf_svm,1,0.7626625529452662
6,8,1,ckd-0185,1,classical_rbf_svm,1,1.4188976061497385
6,8,1,ckd-0192,1,classical_rbf_svm,1,1.150645133012644
6,8,1,ckd-0197,1,classical_rbf_svm,1,1.0945936002133796
6,8,1,ckd-0204,1,classical_rbf_svm,1,1.4317019804673121
6,8,1,ckd-0207,1,classical_rbf_svm,1,1.3560336704447171
6,8,1,ckd-0215,1,classical_rbf_svm,1,0.822022151058716
6,8,1,ckd-0216,1,classical_rbf_svm,1,1.378557832208552
6,8,1,ckd-0223,1,classical_rbf_svm,1,0.7626625529452662
6,8,1,ckd-0224,1,classical_rbf_svm,1,1.510438164259679
6,8,1,ckd-0226,1,classical_rbf_svm,1,1.363354986807233
6,8,1,ckd-0230,1,classical_rbf_svm,1,1.2449292375576753
6,8,1,ckd-0236,1,classical_rbf_svm,1,1.2085808050553943
6,8,1,ckd-0237,1,classical_rbf_svm,1,1.4980538927486302
6,8,1,ckd-0244,1,classical_rbf_svm,1,0.23815400982824075
6,8,1,ckd-0246,1,classical_rbf_svm,1,1.1328639826461187
6,8,1,ckd-0247,1,classical_rbf_svm,1,1.2070253614339566
6,8,1,ckd-0254,0,classical_rbf_svm,0,-1.3019142603166056
6,8,1,ckd-0255,0,classical_rbf_svm,0,-1.1307698911261608
6,8,1,ckd-0271,0,classical_rbf_svm,0,-1.0688933622259156
6,8,1,ckd-0273,0,classical_rbf_svm,0,-1.2468015839282427
6,8,1,ckd-0279,0,classical_rbf_svm,0,-1.1017024476166988
6,8,1,ckd-0283,0,classical_rbf_svm,0,-1.121832456163253
6,8,1,ckd-0284,0,classical_rbf_svm,0,-1.1874173085826603
6,8,1,ckd-0302,0,classical_rbf_svm,0,-1.1512514588701914
6,8,1,ckd-0303,0,classical_rbf_svm,0,-1.3136408778891195
6,8,1,ckd-0304,0,classical_rbf_svm,0,-1.1658216935822807
6,8,1,ckd-0305,0,classical_rbf_svm,0,-1.056239765122244
6,8,1,ckd-0310,0,classical_rbf_svm,0,-0.9146415862222163
6,8,1,ckd-0312,0,classical_rbf_svm,0,-1.230145537767048
6,8,1,ckd-0318,0,classical_rbf_svm,0,-0.8312605032820518
6,8,1,ckd-0320,0,classical_rbf_svm,0,-0.046518695264269105
6,8,1,ckd-0322,0,classical_rbf_svm,0,-1.1588619301457892
6,8,1,ckd-0326,0,classical_rbf_svm,0,-1.1895440871166012
6,8,1,ckd-0344,0,classical_rbf_svm,0,-1.3613007056449997
6,8,1,ckd-0353,0,classical_rbf_svm,0,-1.3330099557461312
6,8,1,ckd-0373,0,classical_rbf_svm,0,-1.2345489573877213
6,8,1,ckd-0379,0,classical_rbf_svm,0,-1.2894039196378797
6,8,1,ckd-0385,0,classical_rbf_svm,0,-1.086245054789237
6,8,1,ckd-0389,0,classical_rbf_svm,0,-1.3280926629192513
6,8,1,ckd-0397,0,classical_rbf_svm,0,-1.0258252118086544
6,8,1,ckd-0004,1,qsvc,1,1.1010260180978908
6,8,1,ckd-0015,1,qsvc,1,0.8950409264369769
6,8,1,ckd-0024,1,qsvc,1,0.9549981357369954
6,8,1,ckd-0036,1,qsvc,1,0.9763156252550397
6,8,1,ckd-0038,1,qsvc,1,1.0417894142295483
6,8,1,ckd-0040,1,qsvc,1,1.0162064265795387
6,8,1,ckd-0051,1,qsvc,1,1.0160385110326264
6,8,1,ckd-0052,1,qsvc,1,1.0147488824666935
6,8,1,ckd-0055,1,qsvc,1,1.1239085447071375
6,8,1,ckd-0073,1,qsvc,1,0.9348654829999998
6,8,1,ckd-0075,1,qsvc,1,0.97566423633735
6,8,1,ckd-0078,1,qsvc,1,1.062062735691585
6,8,1,ckd-0089,1,qsvc,1,1.0078661191460907
6,8,1,ckd-0090,1,qsvc,1,0.9998464555437288
6,8,1,ckd-0094,1,qsvc,1,1.0123777909599092
6,8,1,ckd-0096,1,qsvc,1,1.1404513072596414
6,8,1,ckd-0101,1,qsvc,1,1.3496020210975714
6,8,1,ckd-0116,1,qsvc,1,0.29528232601523263
6,8,1,ckd-0119,1,qsvc,1,0.9312991386006617
6,8,1,ckd-0132,1,qsvc,1,1.586605464764175
6,8,1,ckd-0147,1,qsvc,1,1.0023368247954814
6,8,1,ckd-0156,1,qsvc,1,1.0106884421199613
6,8,1,ckd-0161,1,qsvc,1,1.0877780306220532
6,8,1,ckd-0166,1,qsvc,1,1.1124917362332478
6,8,1,ckd-0185,1,qsvc,1,0.9844794643247332
6,8,1,ckd-0192,1,qsvc,1,1.0102138901835804
6,8,1,ckd-0197,1,qsvc,1,0.9929570294377741
6,8,1,ckd-0204,1,qsvc,1,0.8923144309892885
6,8,1,ckd-0207,1,qsvc,1,0.6549806585184865
6,8,1,ckd-0215,1,qsvc,1,1.176653545109966
6,8,1,ckd-0216,1,qsvc,1,0.9997089403879333
6,8,1,ckd-0223,1,qsvc,1,1.1124917362332478
6,8,1,ckd-0224,1,qsvc,1,0.9959256977699585
6,8,1,ckd-0226,1,qsvc,1,1.0565176409089436
6,8,1,ckd-0230,1,qsvc,1,1.0167036402495904
6,8,1,ckd-0236,1,qsvc,1,1.1820848219351547
6,8,1,ckd-0237,1,qsvc,1,1.0468300238227857
6,8,1,ckd-0244,1,qsvc,1,0.9253414634804799
6,8,1,ckd-0246,1,qsvc,1,0.32077180828680346
6,8,1,ckd-0247,1,qsvc,1,1.0642034595431644
6,8,1,ckd-0254,0,qsvc,0,-1.495216531359991
6,8,1,ckd-0255,0,qsvc,0,-0.9231690457709691
6,8,1,ckd-0271,0,qsvc,0,-1.0230555169810822
6,8,1,ckd-0273,0,qsvc,0,-1.3795690187774874
6,8,1,ckd-0279,0,qsvc,0,-1.338012898715039
6,8,1,ckd-0283,0,qsvc,0,-1.3593910423537687
6,8,1,ckd-0284,0,qsvc,0,-1.3251890835736269
6,8,1,ckd-0302,0,qsvc,0,-0.9814786861541467
6,8,1,ckd-0303,0,qsvc,0,-1.5077124366767183
6,8,1,ckd-0304,0,qsvc,0,-0.8504761371090976
6,8,1,ckd-0305,0,qsvc,0,-0.9699116631369553
6,8,1,ckd-0310,0,qsvc,0,-0.8001081130781658
6,8,1,ckd-0312,0,qsvc,0,-1.2429945359429577
6,8,1,ckd-0318,0,qsvc,0,-1.0375604048471667
6,8,1,ckd-0320,0,qsvc,0,-0.011493739411472692
6,8,1,ckd-0322,0,qsvc,0,-1.3623104141889126
6,8,1,ckd-0326,0,qsvc,0,-1.2714081072850443
6,8,1,ckd-0344,0,qsvc,0,-1.4093480364266642
6,8,1,ckd-0353,0,qsvc,0,-1.5133015800052874
6,8,1,ckd-0373,0,qsvc,0,-1.2207690038223513
6,8,1,ckd-0379,0,qsvc,0,-1.4737712958779248
6,8,1,ckd-0385,0,qsvc,0,-1.3065162740140452
6,8,1,ckd-0389,0,qsvc,0,-1.5193247645344858
6,8,1,ckd-0397,0,qsvc,0,-0.847458791543495
6,8,2,ckd-0001,1,classical_rbf_svm,1,0.1357381887658532
6,8,2,ckd-0007,1,classical_rbf_svm,1,1.4472885508491085
6,8,2,ckd-0008,1,classical_rbf_svm,1,1.5349505392387717
6,8,2,ckd-0012,1,classical_rbf_svm,1,1.334226897779651
6,8,2,ckd-0018,1,classical_rbf_svm,1,0.9244033871745592
6,8,2,ckd-0019,1,classical_rbf_svm,1,0.5816785765264341
6,8,2,ckd-0020,1,classical_rbf_svm,1,1.675896208249207
6,8,2,ckd-0023,1,classical_rbf_svm,1,1.062572947364524
6,8,2,ckd-0026,1,classical_rbf_svm,1,1.3950331060752745
6,8,2,ckd-0032,1,classical_rbf_svm,1,1.4000599237164302
6,8,2,ckd-0064,1,classical_rbf_svm,1,1.439309522768468
6,8,2,ckd-0068,1,classical_rbf_svm,1,1.3832518172828223
6,8,2,ckd-0085,1,classical_rbf_svm,1,1.059174550817158
6,8,2,ckd-0086,1,classical_rbf_svm,1,1.7828201936660948
6,8,2,ckd-0091,1,classical_rbf_svm,1,1.5439797609510282
6,8,2,ckd-0093,1,classical_rbf_svm,1,1.3570257291875651
6,8,2,ckd-0105,1,classical_rbf_svm,1,1.3686594834111285
6,8,2,ckd-0106,1,classical_rbf_svm,1,0.13893216977691092
6,8,2,ckd-0123,1,classical_rbf_svm,1,1.1671821964698759
6,8,2,ckd-0125,1,classical_rbf_svm,1,1.5747339536685159
6,8,2,ckd-0130,1,classical_rbf_svm,1,1.0879016585164054
6,8,2,ckd-0134,1,classical_rbf_svm,1,1.2518669769082071
6,8,2,ckd-0136,1,classical_rbf_svm,1,1.6203313335234615
6,8,2,ckd-0146,1,classical_rbf_svm,1,0.952751074971703
6,8,2,ckd-0153,1,classical_rbf_svm,1,1.7014244910170224
6,8,2,ckd-0157,1,classical_rbf_svm,1,1.621437599177474
6,8,2,ckd-0169,1,classical_rbf_svm,1,1.2684996383602878
6,8,2,ckd-0170,1,classical_rbf_svm,1,1.409113826073414
6,8,2,ckd-0176,1,classical_rbf_svm,1,1.3274278875608638
6,8,2,ckd-0178,1,classical_rbf_svm,1,1.5550647432915081
6,8,2,ckd-0181,1,classical_rbf_svm,1,1.5579518622483288
6,8,2,ckd-0182,1,classical_rbf_svm,1,1.2462558637576202
6,8,2,ckd-0202,1,classical_rbf_svm,1,1.308156453248512
6,8,2,ckd-0206,1,classical_rbf_svm,1,0.5247142030114259
6,8,2,ckd-0210,1,classical_rbf_svm,1,0.34461585502792735
6,8,2,ckd-0211,1,classical_rbf_svm,1,0.9934065972448842
6,8,2,ckd-0213,1,classical_rbf_svm,1,1.4548474329961363
6,8,2,ckd-0217,1,classical_rbf_svm,1,1.3521511861554554
6,8,2,ckd-0222,1,classical_rbf_svm,1,1.1323207985808987
6,8,2,ckd-0249,1,classical_rbf_svm,1,1.7752828301941714
6,8,2,ckd-0257,0,classical_rbf_svm,0,-1.1164017024807125
6,8,2,ckd-0258,0,classical_rbf_svm,0,-1.1100483309333717
6,8,2,ckd-0259,0,classical_rbf_svm,0,-0.9565649810977733
6,8,2,ckd-0262,0,classical_rbf_svm,0,-1.0866787094376837
6,8,2,ckd-0270,0,classical_rbf_svm,0,-1.4766829227617828
6,8,2,ckd-0280,0,classical_rbf_svm,0,-1.4245281109194687
6,8,2,ckd-0288,0,classical_rbf_svm,0,-1.0018575617515135
6,8,2,ckd-0294,0,classical_rbf_svm,0,-1.3265984938661988
6,8,2,ckd-0295,0,classical_rbf_svm,0,-0.6922128261306121
6,8,2,ckd-0297,0,classical_rbf_svm,0,-1.0999615849121307
6,8,2,ckd-0298,0,classical_rbf_svm,0,-1.4699874514100029
6,8,2,ckd-0299,0,classical_rbf_svm,0,-1.052645241358309
6,8,2,ckd-0315,0,classical_rbf_svm,0,-1.2562939032612186
6,8,2,ckd-0327,0,classical_rbf_svm,0,-1.0839841020104437
6,8,2,ckd-0332,0,classical_rbf_svm,0,-1.2044221676166638
6,8,2,ckd-0342,0,classical_rbf_svm,0,-0.8249271953007972
6,8,2,ckd-0350,0,classical_rbf_svm,0,-1.2894383778735685
6,8,2,ckd-0361,0,classical_rbf_svm,0,-1.3106280149377403
6,8,2,ckd-0366,0,classical_rbf_svm,0,-0.0456645518130262
6,8,2,ckd-0367,0,classical_rbf_svm,0,-1.4720790636524081
6,8,2,ckd-0369,0,classical_rbf_svm,0,-1.4370546934257358
6,8,2,ckd-0382,0,classical_rbf_svm,0,-1.1634282077112537
6,8,2,ckd-0387,0,classical_rbf_svm,0,-1.3660508694882711
6,8,2,ckd-0391,0,classical_rbf_svm,0,-1.309717354743296
6,8,2,ckd-0001,1,qsvc,1,0.9669011781502195
6,8,2,ckd-0007,1,qsvc,1,1.2698893386066126
6,8,2,ckd-0008,1,qsvc,1,0.9231699186936368
6,8,2,ckd-0012,1,qsvc,1,0.9965342810556862
6,8,2,ckd-0018,1,qsvc,1,0.9837332911614718
6,8,2,ckd-0019,1,qsvc,1,1.013600173167592
6,8,2,ckd-0020,1,qsvc,1,1.0349994606427682
6,8,2,ckd-0023,1,qsvc,1,0.31596018673226733
6,8,2,ckd-0026,1,qsvc,1,0.9499076517361164
6,8,2,ckd-0032,1,qsvc,1,1.0479263150047746
6,8,2,ckd-0064,1,qsvc,1,0.9020773173687657
6,8,2,ckd-0068,1,qsvc,1,0.9706830076925437
6,8,2,ckd-0085,1,qsvc,1,0.8677453644519808
6,8,2,ckd-0086,1,qsvc,1,0.9146067943967328
6,8,2,ckd-0091,1,qsvc,1,1.3442259840627317
6,8,2,ckd-0093,1,qsvc,1,1.0375465399972756
6,8,2,ckd-0105,1,qsvc,1,1.0449252135988139
6,8,2,ckd-0106,1,qsvc,1,1.0681523814183107
6,8,2,ckd-0123,1,qsvc,0,-0.9172401535167551
6,8,2,ckd-0125,1,qsvc,1,1.0673001267009916
6,8,2,ckd-0130,1,qsvc,1,0.9381012802230642
6,8,2,ckd-0134,1,qsvc,1,1.341007820982238
6,8,2,ckd-0136,1,qsvc,1,1.0134010400166413
6,8,2,ckd-0146,1,qsvc,1,0.9803264278911756
6,8,2,ckd-0153,1,qsvc,1,1.0695235919265391
6,8,2,ckd-0157,1,qsvc,1,1.0001008865098557
6,8,2,ckd-0169,1,qsvc,1,1.1265904098673327
6,8,2,ckd-0170,1,qsvc,1,0.8936755943699298
6,8,2,ckd-0176,1,qsvc,1,1.0003121054919337
6,8,2,ckd-0178,1,qsvc,1,0.9767488593246111
6,8,2,ckd-0181,1,qsvc,1,0.9877829461301484
6,8,2,ckd-0182,1,qsvc,1,0.934214588721495
6,8,2,ckd-0202,1,qsvc,1,1.024987042970206
6,8,2,ckd-0206,1,qsvc,1,0.827544079696219
6,8,2,ckd-0210,1,qsvc,1,0.08535000120099501
6,8,2,ckd-0211,1,qsvc,1,1.1615746605688244
6,8,2,ckd-0213,1,qsvc,1,1.0138546051443007
6,8,2,ckd-0217,1,qsvc,1,1.0846490558826973
6,8,2,ckd-0222,1,qsvc,1,1.0006330703241009
6,8,2,ckd-0249,1,qsvc,1,1.065466752069257
6,8,2,ckd-0257,0,qsvc,0,-1.0421357156131663
6,8,2,ckd-0258,0,qsvc,0,-1.3051787170129103
6,8,2,ckd-0259,0,qsvc,0,-1.1416629789813588
6,8,2,ckd-0262,0,qsvc,0,-0.9651341417644637
6,8,2,ckd-0270,0,qsvc,0,-1.5311118151528758
6,8,2,ckd-0280,0,qsvc,0,-1.4674700579095734
6,8,2,ckd-0288,0,qsvc,0,-0.8114888409157224
6,8,2,ckd-0294,0,qsvc,0,-1.46603693796614
6,8,2,ckd-0295,0,qsvc,0,-0.7925965002256068
6,8,2,ckd-0297,0,qsvc,0,-1.0207811290778006
6,8,2,ckd-0298,0,qsvc,0,-1.5881681100914433
6,8,2,ckd-0299,0,qsvc,0,-1.189012475234524
6,8,2,ckd-0315,0,qsvc,0,-1.3145280830358173
6,8,2,ckd-0327,0,qsvc,0,-1.1654379013898495
6,8,2,ckd-0332,0,qsvc,0,-1.2008781177163101
6,8,2,ckd-0342,0,qsvc,0,-0.4351966493247117
6,8,2,ckd-0350,0,qsvc,0,-1.0023004708513599
6,8,2,ckd-0361,0,qsvc,0,-1.373561300486134
6,8,2,ckd-0366,0,qsvc,0,-0.08909915476976649
6,8,2,ckd-0367,0,qsvc,0,-1.5933101427215768
6,8,2,ckd-0369,0,qsvc,0,-1.5608744723756793
6,8,2,ckd-0382,0,qsvc,0,-1.023658189371529
6,8,2,ckd-0387,0,qsvc,0,-1.3743619034028531
6,8,2,ckd-0391,0,qsvc,0,-1.1033604312906564
6,8,3,ckd-0010,1,classical_rbf_svm,1,1.6555176190010519
6,8,3,ckd-0013,1,classical_rbf_svm,1,1.3418745224082214
6,8,3,ckd-0022,1,classical_rbf_svm,1,1.7826436573341735
6,8,3,ckd-0025,1,classical_rbf_svm,1,1.260399021458626
6,8,3,ckd-0027,1,classical_rbf_svm,1,2.027573379962482
6,8,3,ckd-0030,1,classical_rbf_svm,1,1.3092490218770598
6,8,3,ckd-0033,1,classical_rbf_svm,1,1.7348899997538354
6,8,3,ckd-0045,1,classical_rbf_svm,1,1.1970415985852414
6,8,3,ckd-0053,1,classical_rbf_svm,1,1.834717541312774
6,8,3,ckd-0060,1,classical_rbf_svm,1,1.419488083749446
6,8,3,ckd-0062,1,classical_rbf_svm,1,1.4320138730315106
6,8,3,ckd-0066,1,classical_rbf_svm,1,0.79287077354834
6,8,3,ckd-0069,1,classical_rbf_svm,1,1.54337197542156
6,8,3,ckd-0077,1,classical_rbf_svm,1,1.0015467852087874
6,8,3,ckd-0080,1,classical_rbf_svm,1,1.6312980908688515
6,8,3,ckd-0081,1,classical_rbf_svm,1,1.6388955266892222
6,8,3,ckd-0109,1,classical_rbf_svm,1,1.2420533988082656
6,8,3,ckd-0113,1,classical_rbf_svm,1,1.4406770685633516
6,8,3,ckd-0117,1,classical_rbf_svm,1,1.2438639305251051
6,8,3,ckd-0121,1,classical_rbf_svm,1,1.344929748103505
6,8,3,ckd-0126,1,classical_rbf_svm,1,1.50680184566847
6,8,3,ckd-0131,1,classical_rbf_svm,1,1.138046245279258
6,8,3,ckd-0141,1,classical_rbf_svm,1,1.2690132002831953
6,8,3,ckd-0155,1,classical_rbf_svm,1,0.9646122505070391
6,8,3,ckd-0158,1,classical_rbf_svm,1,1.2397216310663697
6,8,3,ckd-0172,1,classical_rbf_svm,1,1.252800721382239
6,8,3,ckd-0175,1,classical_rbf_svm,1,1.085308025543633
6,8,3,ckd-0179,1,classical_rbf_svm,1,1.7164220588679369
6,8,3,ckd-0180,1,classical_rbf_svm,1,1.5164240932433337
6,8,3,ckd-0191,1,classical_rbf_svm,1,1.0878907862284026
6,8,3,ckd-0201,1,classical_rbf_svm,1,1.207023885701327
6,8,3,ckd-0203,1,classical_rbf_svm,1,1.4403706484705132
6,8,3,ckd-0205,1,classical_rbf_svm,1,1.0683188092346527
6,8,3,ckd-0208,1,classical_rbf_svm,1,1.5855233780049431
6,8,3,ckd-0219,1,classical_rbf_svm,1,1.4002190620429102
6,8,3,ckd-0220,1,classical_rbf_svm,1,1.4779786258984076
6,8,3,ckd-0227,1,classical_rbf_svm,1,1.073482359329047
6,8,3,ckd-0231,1,classical_rbf_svm,1,1.5910233231194577
6,8,3,ckd-0232,1,classical_rbf_svm,1,1.633824622878811
6,8,3,ckd-0234,1,classical_rbf_svm,1,1.6093844917318565
6,8,3,ckd-0252,0,classical_rbf_svm,0,-1.0856429052857115
6,8,3,ckd-0260,0,classical_rbf_svm,0,-1.2912123564983213
6,8,3,ckd-0263,0,classical_rbf_svm,0,-1.1584877813118508
6,8,3,ckd-0265,0,classical_rbf_svm,0,-1.2479437736360177
6,8,3,ckd-0267,0,classical_rbf_svm,0,-0.35310999567931
6,8,3,ckd-0274,0,classical_rbf_svm,0,-0.016684417392327067
6,8,3,ckd-0290,0,classical_rbf_svm,0,-1.1744061051961059
6,8,3,ckd-0292,0,classical_rbf_svm,0,-1.1667819014233451
6,8,3,ckd-0301,0,classical_rbf_svm,0,-1.0900091192165218
6,8,3,ckd-0306,0,classical_rbf_svm,0,-1.0056266340644613
6,8,3,ckd-0319,0,classical_rbf_svm,0,-0.9883533407403895
6,8,3,ckd-0339,0,classical_rbf_svm,0,-1.0323306553783744
6,8,3,ckd-0341,0,classical_rbf_svm,0,-1.225650497085371
6,8,3,ckd-0352,0,classical_rbf_svm,0,-0.8869891748127883
6,8,3,ckd-0355,0,classical_rbf_svm,0,-1.1168839258720618
6,8,3,ckd-0358,0,classical_rbf_svm,0,-0.9606038859960329
6,8,3,ckd-0363,0,classical_rbf_svm,0,-1.0849315216488873
6,8,3,ckd-0365,0,classical_rbf_svm,0,-1.4215016562475058
6,8,3,ckd-0368,0,classical_rbf_svm,0,-1.1103198385097213
6,8,3,ckd-0370,0,classical_rbf_svm,0,-0.9562050534159827
6,8,3,ckd-0386,0,classical_rbf_svm,0,-1.1536660012525264
6,8,3,ckd-0395,0,classical_rbf_svm,0,-1.037547187334997
6,8,3,ckd-0398,0,classical_rbf_svm,0,-1.3430727528663686
6,8,3,ckd-0400,0,classical_rbf_svm,0,-1.2089252411668836
6,8,3,ckd-0010,1,qsvc,1,0.9319721267476131
6,8,3,ckd-0013,1,qsvc,1,1.0105110241996396
6,8,3,ckd-0022,1,qsvc,1,1.1126768913621428
6,8,3,ckd-0025,1,qsvc,1,1.0823627132699862
6,8,3,ckd-0027,1,qsvc,1,0.9974124186687904
6,8,3,ckd-0030,1,qsvc,1,0.5291841482626959
6,8,3,ckd-0033,1,qsvc,1,1.002480049044467
6,8,3,ckd-0045,1,qsvc,1,1.0037323631402861
6,8,3,ckd-0053,1,qsvc,1,1.0419848238984843
6,8,3,ckd-0060,1,qsvc,1,1.0064779653747973
6,8,3,ckd-0062,1,qsvc,1,1.0871449290401467
6,8,3,ckd-0066,1,qsvc,1,0.041772586600824946
6,8,3,ckd-0069,1,qsvc,1,1.0383741141452572
6,8,3,ckd-0077,1,qsvc,1,1.1805614551712023
6,8,3,ckd-0080,1,qsvc,1,0.9953587123090623
6,8,3,ckd-0081,1,qsvc,1,1.0758193884171625
6,8,3,ckd-0109,1,qsvc,1,1.4765893659754386
6,8,3,ckd-0113,1,qsvc,1,1.0838352375519302
6,8,3,ckd-0117,1,qsvc,1,1.4422767001364303
6,8,3,ckd-0121,1,qsvc,1,1.0289340661306021
6,8,3,ckd-0126,1,qsvc,1,1.061875944430361
6,8,3,ckd-0131,1,qsvc,1,1.0349393938823124
6,8,3,ckd-0141,1,qsvc,1,0.8278846447271067
6,8,3,ckd-0155,1,qsvc,1,0.9622867923490064
6,8,3,ckd-0158,1,qsvc,1,1.015815990579848
6,8,3,ckd-0172,1,qsvc,1,0.7937848280274714
6,8,3,ckd-0175,1,qsvc,1,1.265320227159277
6,8,3,ckd-0179,1,qsvc,1,0.9831717400685094
6,8,3,ckd-0180,1,qsvc,1,1.1346574273207524
6,8,3,ckd-0191,1,qsvc,1,0.8270477293021005
6,8,3,ckd-0201,1,qsvc,1,1.0428521349132684
6,8,3,ckd-0203,1,qsvc,1,0.9827799575938405
6,8,3,ckd-0205,1,qsvc,1,1.024682509124285
6,8,3,ckd-0208,1,qsvc,1,1.002119542463915
6,8,3,ckd-0219,1,qsvc,1,1.2876252286594754
6,8,3,ckd-0220,1,qsvc,1,0.9857788348689098
6,8,3,ckd-0227,1,qsvc,1,1.224297618279547
6,8,3,ckd-0231,1,qsvc,1,1.0164428648164905
6,8,3,ckd-0232,1,qsvc,1,1.1542830550968761
6,8,3,ckd-0234,1,qsvc,1,1.0001035149180826
6,8,3,ckd-0252,0,qsvc,0,-0.9128350099979748
6,8,3,ckd-0260,0,qsvc,0,-1.45631062815148
6,8,3,ckd-0263,0,qsvc,0,-1.3877098425147798
6,8,3,ckd-0265,0,qsvc,0,-1.379136477824193
6,8,3,ckd-0267,0,qsvc,0,-0.3361774486499657
6,8,3,ckd-0274,0,qsvc,1,0.12079219034727828
6,8,3,ckd-0290,0,qsvc,0,-1.2493313961941612
6,8,3,ckd-0292,0,qsvc,0,-1.2632602014535728
6,8,3,ckd-0301,0,qsvc,0,-1.32984158082925
6,8,3,ckd-0306,0,qsvc,0,-0.8468647825689125
6,8,3,ckd-0319,0,qsvc,0,-0.7312969096781886
6,8,3,ckd-0339,0,qsvc,0,-0.8969575999236953
6,8,3,ckd-0341,0,qsvc,0,-1.317520955714376
6,8,3,ckd-0352,0,qsvc,0,-0.4887050041916333
6,8,3,ckd-0355,0,qsvc,0,-1.1478323123390126
6,8,3,ckd-0358,0,qsvc,0,-0.7669894186250031
6,8,3,ckd-0363,0,qsvc,0,-1.1423729277932986
6,8,3,ckd-0365,0,qsvc,0,-1.692886884450123
6,8,3,ckd-0368,0,qsvc,0,-1.013627705668739
6,8,3,ckd-0370,0,qsvc,0,-1.204579436302883
6,8,3,ckd-0386,0,qsvc,0,-0.8417143244438307
6,8,3,ckd-0395,0,qsvc,0,-1.2819191900737348
6,8,3,ckd-0398,0,qsvc,0,-1.3961244917502365
6,8,3,ckd-0400,0,qsvc,0,-1.1403481482641045
6,8,4,ckd-0002,1,classical_rbf_svm,1,1.2194707434292864
6,8,4,ckd-0006,1,classical_rbf_svm,1,1.5960167994891652
6,8,4,ckd-0014,1,classical_rbf_svm,1,1.7331052369096893
6,8,4,ckd-0028,1,classical_rbf_svm,1,1.4824102540802884
6,8,4,ckd-0031,1,classical_rbf_svm,1,0.9196425151333433
6,8,4,ckd-0042,1,classical_rbf_svm,1,1.2794037101469482
6,8,4,ckd-0048,1,classical_rbf_svm,1,1.281725430642896
6,8,4,ckd-0059,1,classical_rbf_svm,1,1.7390196485678704
6,8,4,ckd-0063,1,classical_rbf_svm,1,1.511052020165067
6,8,4,ckd-0076,1,classical_rbf_svm,1,1.4980929133086773
6,8,4,ckd-0082,1,classical_rbf_svm,1,1.6798862059132689
6,8,4,ckd-0083,1,classical_rbf_svm,1,0.5361179395293544
6,8,4,ckd-0088,1,classical_rbf_svm,1,1.3321873960879773
6,8,4,ckd-0097,1,classical_rbf_svm,1,1.7696012719775989
6,8,4,ckd-0098,1,classical_rbf_svm,1,1.8980733645587309
6,8,4,ckd-0099,1,classical_rbf_svm,1,1.106787457916173
6,8,4,ckd-0115,1,classical_rbf_svm,1,1.4048198878015135
6,8,4,ckd-0122,1,classical_rbf_svm,1,1.0920566733394708
6,8,4,ckd-0127,1,classical_rbf_svm,1,1.8041088541237094
6,8,4,ckd-0138,1,classical_rbf_svm,1,1.4631602529146885
6,8,4,ckd-0139,1,classical_rbf_svm,1,1.4767885693415639
6,8,4,ckd-0140,1,classical_rbf_svm,1,1.5752039443528774
6,8,4,ckd-0150,1,classical_rbf_svm,1,1.417755367775782
6,8,4,ckd-0152,1,classical_rbf_svm,1,1.7720574900860822
6,8,4,ckd-0160,1,classical_rbf_svm,1,1.7260621377486804
6,8,4,ckd-0167,1,classical_rbf_svm,1,0.5361179395293544
6,8,4,ckd-0171,1,classical_rbf_svm,1,1.7177722862687796
6,8,4,ckd-0173,1,classical_rbf_svm,1,1.6287560387030091
6,8,4,ckd-0174,1,classical_rbf_svm,1,0.8193322513003161
6,8,4,ckd-0184,1,classical_rbf_svm,1,1.0643052413500205
6,8,4,ckd-0186,1,classical_rbf_svm,1,0.9796370479077915
6,8,4,ckd-0188,1,classical_rbf_svm,1,1.5596219342562674
6,8,4,ckd-0189,1,classical_rbf_svm,1,0.20835010990975456
6,8,4,ckd-0196,1,classical_rbf_svm,1,1.2867479141085936
6,8,4,ckd-0198,1,classical_rbf_svm,1,1.4676787598668684
6,8,4,ckd-0200,1,classical_rbf_svm,1,1.4676691920570983
6,8,4,ckd-0218,1,classical_rbf_svm,1,1.7901257554763816
6,8,4,ckd-0221,1,classical_rbf_svm,1,1.4547276305560324
6,8,4,ckd-0228,1,classical_rbf_svm,1,1.79231491452318
6,8,4,ckd-0233,1,classical_rbf_svm,1,1.0001313844001816
6,8,4,ckd-0253,0,classical_rbf_svm,0,-1.482313652779815
6,8,4,ckd-0269,0,classical_rbf_svm,0,-1.038983308072802
6,8,4,ckd-0281,0,classical_rbf_svm,0,-0.9317214906968506
6,8,4,ckd-0282,0,classical_rbf_svm,0,-1.2710716698451865
6,8,4,ckd-0285,0,classical_rbf_svm,0,-1.1074707823232992
6,8,4,ckd-0287,0,classical_rbf_svm,0,-1.1891901979612323
6,8,4,ckd-0289,0,classical_rbf_svm,0,-1.3808111541044563
6,8,4,ckd-0300,0,classical_rbf_svm,0,-1.171756379495374
6,8,4,ckd-0307,0,classical_rbf_svm,0,-1.1735609738634456
6,8,4,ckd-0314,0,classical_rbf_svm,0,-0.9449792970274936
6,8,4,ckd-0316,0,classical_rbf_svm,0,-1.2968509842725555
6,8,4,ckd-0317,0,classical_rbf_svm,0,-1.3374894036540144
6,8,4,ckd-0324,0,classical_rbf_svm,0,-1.470929684442999
6,8,4,ckd-0328,0,classical_rbf_svm,0,-1.0793032847301554
6,8,4,ckd-0335,0,classical_rbf_svm,0,-1.3992405424578678
6,8,4,ckd-0351,0,classical_rbf_svm,0,-1.3946440269725713
6,8,4,ckd-0364,0,classical_rbf_svm,0,-1.1333462956290012
6,8,4,ckd-0371,0,classical_rbf_svm,0,-1.2421152375914226
6,8,4,ckd-0374,0,classical_rbf_svm,0,-1.2701055925429565
6,8,4,ckd-0377,0,classical_rbf_svm,0,-1.112151367685843
6,8,4,ckd-0381,0,classical_rbf_svm,0,-1.0259343221180086
6,8,4,ckd-0384,0,classical_rbf_svm,0,-1.3048004829176598
6,8,4,ckd-0388,0,classical_rbf_svm,0,-1.2749353624749085
6,8,4,ckd-0399,0,classical_rbf_svm,0,-1.2806011245083866
6,8,4,ckd-0002,1,qsvc,1,0.3559279210780448
6,8,4,ckd-0006,1,qsvc,1,1.047728664784651
6,8,4,ckd-0014,1,qsvc,1,0.9468804789245598
6,8,4,ckd-0028,1,qsvc,1,1.039145000307753
6,8,4,ckd-0031,1,qsvc,1,0.9995159086692184
6,8,4,ckd-0042,1,qsvc,1,1.0000516259967005
6,8,4,ckd-0048,1,qsvc,1,0.5426708363499355
6,8,4,ckd-0059,1,qsvc,1,0.9337779396997719
6,8,4,ckd-0063,1,qsvc,1,1.0019233491531256
6,8,4,ckd-0076,1,qsvc,1,0.6291265694106585
6,8,4,ckd-0082,1,qsvc,1,0.9179362096490479
6,8,4,ckd-0083,1,qsvc,1,1.007202755344507
6,8,4,ckd-0088,1,qsvc,1,1.0056418233822084
6,8,4,ckd-0097,1,qsvc,1,1.0029994570343328
6,8,4,ckd-0098,1,qsvc,1,0.9898444298958389
6,8,4,ckd-0099,1,qsvc,1,1.0657063285175485
6,8,4,ckd-0115,1,qsvc,1,1.102018617123666
6,8,4,ckd-0122,1,qsvc,1,0.8959280621185226
6,8,4,ckd-0127,1,qsvc,1,1.0108375085720338
6,8,4,ckd-0138,1,qsvc,1,0.9818330763246169
6,8,4,ckd-0139,1,qsvc,1,1.3053065045721008
6,8,4,ckd-0140,1,qsvc,1,0.9996906764251929
6,8,4,ckd-0150,1,qsvc,1,1.1089281608319332
6,8,4,ckd-0152,1,qsvc,1,1.0864121150737447
6,8,4,ckd-0160,1,qsvc,1,0.9846713901039259
6,8,4,ckd-0167,1,qsvc,1,1.007202755344507
6,8,4,ckd-0171,1,qsvc,1,0.917671828396947
6,8,4,ckd-0173,1,qsvc,1,0.993525828513669
6,8,4,ckd-0174,1,qsvc,1,1.1700592857626504
6,8,4,ckd-0184,1,qsvc,1,1.1788031196884916
6,8,4,ckd-0186,1,qsvc,1,1.018205870340587
6,8,4,ckd-0188,1,qsvc,1,1.057370413504916
6,8,4,ckd-0189,1,qsvc,1,0.10515680467467137
6,8,4,ckd-0196,1,qsvc,1,0.9238887538259815
6,8,4,ckd-0198,1,qsvc,1,1.0001422783719738
6,8,4,ckd-0200,1,qsvc,1,1.042485120742657
6,8,4,ckd-0218,1,qsvc,1,1.0676532722471277
6,8,4,ckd-0221,1,qsvc,1,1.3908133268627982
6,8,4,ckd-0228,1,qsvc,1,1.0853349261034637
6,8,4,ckd-0233,1,qsvc,1,1.1695883737051262
6,8,4,ckd-0253,0,qsvc,0,-1.609491637997622
6,8,4,ckd-0269,0,qsvc,0,-0.6251969774038514
6,8,4,ckd-0281,0,qsvc,0,-0.42186928740180896
6,8,4,ckd-0282,0,qsvc,0,-1.3684726920408625
6,8,4,ckd-0285,0,qsvc,0,-0.9477764857409966
6,8,4,ckd-0287,0,qsvc,0,-1.3631271957629107
6,8,4,ckd-0289,0,qsvc,0,-1.380098920510937
6,8,4,ckd-0300,0,qsvc,0,-1.0023928330444516
6,8,4,ckd-0307,0,qsvc,0,-1.000961489533895
6,8,4,ckd-0314,0,qsvc,0,-0.21701213689266152
6,8,4,ckd-0316,0,qsvc,0,-1.2698667479722596
6,8,4,ckd-0317,0,qsvc,0,-1.315495168381283
6,8,4,ckd-0324,0,qsvc,0,-1.602949645153351
6,8,4,ckd-0328,0,qsvc,0,-1.0373486478520788
6,8,4,ckd-0335,0,qsvc,0,-1.5505769089010557
6,8,4,ckd-0351,0,qsvc,0,-1.4688595994050408
6,8,4,ckd-0364,0,qsvc,0,-0.8561464175057344
6,8,4,ckd-0371,0,qsvc,0,-0.9970415845857264
6,8,4,ckd-0374,0,qsvc,0,-1.285053431125701
6,8,4,ckd-0377,0,qsvc,0,-0.976218183734367
6,8,4,ckd-0381,0,qsvc,0,-0.8297484254799262
6,8,4,ckd-0384,0,qsvc,0,-1.2140494440903966
6,8,4,ckd-0388,0,qsvc,0,-1.2252791995956347
6,8,4,ckd-0399,0,qsvc,0,-1.0513678811331002
6,8,5,ckd-0003,1,classical_rbf_svm,1,1.3805501188648845
6,8,5,ckd-0005,1,classical_rbf_svm,1,1.4977414436938168
6,8,5,ckd-0009,1,classical_rbf_svm,1,1.4269626805403919
6,8,5,ckd-0021,1,classical_rbf_svm,1,1.1953067685989387
6,8,5,ckd-0029,1,classical_rbf_svm,1,1.286559717375869
6,8,5,ckd-0034,1,classical_rbf_svm,1,1.4493245236078787
6,8,5,ckd-0047,1,classical_rbf_svm,1,1.5964047144770341
6,8,5,ckd-0049,1,classical_rbf_svm,1,1.1291761650736494
6,8,5,ckd-0057,1,classical_rbf_svm,1,1.3436943498492
6,8,5,ckd-0058,1,classical_rbf_svm,1,1.5081667565702608
6,8,5,ckd-0072,1,classical_rbf_svm,1,1.3690658491365872
6,8,5,ckd-0074,1,classical_rbf_svm,1,0.9125787901658108
6,8,5,ckd-0079,1,classical_rbf_svm,1,1.310304808969915
6,8,5,ckd-0092,1,classical_rbf_svm,1,0.9972988149118777
6,8,5,ckd-0095,1,classical_rbf_svm,1,1.6311705503536182
6,8,5,ckd-0102,1,classical_rbf_svm,1,1.4942987543740236
6,8,5,ckd-0107,1,classical_rbf_svm,1,0.9632654274152193
6,8,5,ckd-0108,1,classical_rbf_svm,1,1.849753779493819
6,8,5,ckd-0111,1,classical_rbf_svm,1,1.2755381011721818
6,8,5,ckd-0112,1,classical_rbf_svm,1,1.2544706404623565
6,8,5,ckd-0114,1,classical_rbf_svm,1,1.7704441004490192
6,8,5,ckd-0120,1,classical_rbf_svm,1,1.2488905822849803
6,8,5,ckd-0128,1,classical_rbf_svm,1,1.2097899473577718
6,8,5,ckd-0129,1,classical_rbf_svm,1,1.0309137664877648
6,8,5,ckd-0133,1,classical_rbf_svm,1,1.222051344270779
6,8,5,ckd-0154,1,classical_rbf_svm,1,1.1001913400382763
6,8,5,ckd-0162,1,classical_rbf_svm,1,1.4039111780586082
6,8,5,ckd-0163,1,classical_rbf_svm,1,1.6698623976258635
6,8,5,ckd-0177,1,classical_rbf_svm,1,0.9927496761706646
6,8,5,ckd-0183,1,classical_rbf_svm,1,0.9197663665812454
6,8,5,ckd-0187,1,classical_rbf_svm,1,1.1250976810296769
6,8,5,ckd-0190,1,classical_rbf_svm,1,1.0813609336233807
6,8,5,ckd-0193,1,classical_rbf_svm,1,0.7490670016514447
6,8,5,ckd-0194,1,classical_rbf_svm,1,0.9050270901666593
6,8,5,ckd-0195,1,classical_rbf_svm,1,1.6504575101781906
6,8,5,ckd-0199,1,classical_rbf_svm,1,1.1256161868605659
6,8,5,ckd-0214,1,classical_rbf_svm,1,1.3255527729525776
6,8,5,ckd-0238,1,classical_rbf_svm,1,1.8010551730442144
6,8,5,ckd-0242,1,classical_rbf_svm,1,1.5279088727907773
6,8,5,ckd-0248,1,classical_rbf_svm,1,0.6494856789307382
6,8,5,ckd-0251,0,classical_rbf_svm,0,-1.4875211262451766
6,8,5,ckd-0256,0,classical_rbf_svm,0,-1.1175695728111386
6,8,5,ckd-0266,0,classical_rbf_svm,0,-1.1274560712684636
6,8,5,ckd-0272,0,classical_rbf_svm,0,-1.0443783980973933
6,8,5,ckd-0276,0,classical_rbf_svm,0,-1.228083330048558
6,8,5,ckd-0277,0,classical_rbf_svm,0,-1.0107071724338788
6,8,5,ckd-0308,0,classical_rbf_svm,0,-0.7704128610761681
6,8,5,ckd-0313,0,classical_rbf_svm,0,-1.3054929635978536
6,8,5,ckd-0323,0,classical_rbf_svm,0,-1.2198221005418093
6,8,5,ckd-0325,0,classical_rbf_svm,0,-0.0010874428517689827
6,8,5,ckd-0334,0,classical_rbf_svm,0,-1.1559895246192702
6,8,5,ckd-0340,0,classical_rbf_svm,0,-0.8743496964541143
6,8,5,ckd-0345,0,classical_rbf_svm,0,-0.8627128873586846
6,8,5,ckd-0348,0,classical_rbf_svm,0,-1.1680425043105545
6,8,5,ckd-0349,0,classical_rbf_svm,0,-0.7704128610761681
6,8,5,ckd-0357,0,classical_rbf_svm,0,-1.3517549213285838
6,8,5,ckd-0359,0,classical_rbf_svm,0,-0.6220730409198801
6,8,5,ckd-0362,0,classical_rbf_svm,0,-0.8510857221377272
6,8,5,ckd-0372,0,classical_rbf_svm,0,-1.0424863309701267
6,8,5,ckd-0376,0,classical_rbf_svm,0,-1.2853511069343146
6,8,5,ckd-0378,0,classical_rbf_svm,0,-1.0350153600584528
6,8,5,ckd-0383,0,classical_rbf_svm,0,-1.21735704340609
6,8,5,ckd-0393,0,classical_rbf_svm,0,-1.2108115093527467
6,8,5,ckd-0396,0,classical_rbf_svm,0,-1.3326589550932888
6,8,5,ckd-0003,1,qsvc,1,0.9511218801764909
6,8,5,ckd-0005,1,qsvc,1,1.0534176329990173
6,8,5,ckd-0009,1,qsvc,1,1.0345985114414777
6,8,5,ckd-0021,1,qsvc,1,0.958774914319416
6,8,5,ckd-0029,1,qsvc,1,1.0655770551325154
6,8,5,ckd-0034,1,qsvc,1,1.0367803853321886
6,8,5,ckd-0047,1,qsvc,1,1.1196211581711153
6,8,5,ckd-0049,1,qsvc,1,0.9975967772232281
6,8,5,ckd-0057,1,qsvc,1,1.018012011244927
6,8,5,ckd-0058,1,qsvc,1,1.055379448373654
6,8,5,ckd-0072,1,qsvc,1,1.0168329060355712
6,8,5,ckd-0074,1,qsvc,1,1.0390446755614757
6,8,5,ckd-0079,1,qsvc,1,0.301695441631452
6,8,5,ckd-0092,1,qsvc,1,0.7886358961924683
6,8,5,ckd-0095,1,qsvc,1,1.1211055863666664
6,8,5,ckd-0102,1,qsvc,1,1.0024018206812166
6,8,5,ckd-0107,1,qsvc,1,1.0274365608872191
6,8,5,ckd-0108,1,qsvc,1,1.042028081082256
6,8,5,ckd-0111,1,qsvc,1,1.1901693640161009
6,8,5,ckd-0112,1,qsvc,1,1.0532642718598035
6,8,5,ckd-0114,1,qsvc,1,1.0413945116961396
6,8,5,ckd-0120,1,qsvc,1,1.000184353769368
6,8,5,ckd-0128,1,qsvc,1,1.005593182141377
6,8,5,ckd-0129,1,qsvc,1,1.2362036792109152
6,8,5,ckd-0133,1,qsvc,0,-1.164791919405899
6,8,5,ckd-0154,1,qsvc,1,0.9659855230254808
6,8,5,ckd-0162,1,qsvc,1,1.077489470553819
6,8,5,ckd-0163,1,qsvc,1,1.1103896621335063
6,8,5,ckd-0177,1,qsvc,0,-0.09616974230726738
6,8,5,ckd-0183,1,qsvc,1,1.0553206161816668
6,8,5,ckd-0187,1,qsvc,0,-0.08951613124625846
6,8,5,ckd-0190,1,qsvc,1,1.0384856248469496
6,8,5,ckd-0193,1,qsvc,1,1.2892962216844215
6,8,5,ckd-0194,1,qsvc,1,0.9928367884141591
6,8,5,ckd-0195,1,qsvc,1,1.0602710342057526
6,8,5,ckd-0199,1,qsvc,1,0.9360960659796187
6,8,5,ckd-0214,1,qsvc,1,1.075845874647196
6,8,5,ckd-0238,1,qsvc,1,1.0065431773504474
6,8,5,ckd-0242,1,qsvc,1,1.0635114570627258
6,8,5,ckd-0248,1,qsvc,1,1.041055319505578
6,8,5,ckd-0251,0,qsvc,0,-1.5402250405042128
6,8,5,ckd-0256,0,qsvc,0,-0.5777032074443132
6,8,5,ckd-0266,0,qsvc,0,-1.2401294665490776
6,8,5,ckd-0272,0,qsvc,0,-0.8827775382515736
6,8,5,ckd-0276,0,qsvc,0,-1.2776238298086549
6,8,5,ckd-0277,0,qsvc,0,-0.8172503382297253
6,8,5,ckd-0308,0,qsvc,0,-1.0685312635400774
6,8,5,ckd-0313,0,qsvc,0,-1.4015391377820863
6,8,5,ckd-0323,0,qsvc,0,-1.3467972949702776
6,8,5,ckd-0325,0,qsvc,0,-0.08091569415006206
6,8,5,ckd-0334,0,qsvc,0,-1.0659229769840572
6,8,5,ckd-0340,0,qsvc,0,-0.9851873931582634
6,8,5,ckd-0345,0,qsvc,0,-1.1049579509007752
6,8,5,ckd-0348,0,qsvc,0,-0.743428408569275
6,8,5,ckd-0349,0,qsvc,0,-1.0685312635400774
6,8,5,ckd-0357,0,qsvc,0,-1.2617926139729758
6,8,5,ckd-0359,0,qsvc,0,-0.9799360889883005
6,8,5,ckd-0362,0,qsvc,0,-0.2838563092039329
6,8,5,ckd-0372,0,qsvc,0,-0.808454336686086
6,8,5,ckd-0376,0,qsvc,0,-1.390302834489916
6,8,5,ckd-0378,0,qsvc,0,-1.0435941402141409
6,8,5,ckd-0383,0,qsvc,0,-1.1345966234043598
6,8,5,ckd-0393,0,qsvc,0,-1.3988293801850418
6,8,5,ckd-0396,0,qsvc,0,-1.425517981589194
6,9,1,ckd-0007,1,classical_rbf_svm,1,1.4584292863371218
6,9,1,ckd-0018,1,classical_rbf_svm,1,0.9350807876530582
6,9,1,ckd-0021,1,classical_rbf_svm,1,1.2859812056893238
6,9,1,ckd-0023,1,classical_rbf_svm,1,1.0954980587006637
6,9,1,ckd-0036,1,classical_rbf_svm,1,1.9085115776505686
6,9,1,ckd-0047,1,classical_rbf_svm,1,1.6856883845154482
6,9,1,ckd-0049,1,classical_rbf_svm,1,1.2493674840155313
6,9,1,ckd-0052,1,classical_rbf_svm,1,1.5278651683511446
6,9,1,ckd-0055,1,classical_rbf_svm,1,1.5631943435976399
6,9,1,ckd-0059,1,classical_rbf_svm,1,1.7857343283404858
6,9,1,ckd-0068,1,classical_rbf_svm,1,1.4167755745837307
6,9,1,ckd-0069,1,classical_rbf_svm,1,1.6142657074347748
6,9,1,ckd-0073,1,classical_rbf_svm,1,1.4294955865461312
6,9,1,ckd-0075,1,classical_rbf_svm,1,1.5116338879035567
6,9,1,ckd-0076,1,classical_rbf_svm,1,1.4965752895217121
6,9,1,ckd-0078,1,classical_rbf_svm,1,1.7936374926451752
6,9,1,ckd-0082,1,classical_rbf_svm,1,1.683108015096872
6,9,1,ckd-0101,1,classical_rbf_svm,1,1.290793838059012
6,9,1,ckd-0102,1,classical_rbf_svm,1,1.6257409857551202
6,9,1,ckd-0114,1,classical_rbf_svm,1,1.7702328434664198
6,9,1,ckd-0115,1,classical_rbf_svm,1,1.466044143865756
6,9,1,ckd-0116,1,classical_rbf_svm,1,1.177467820880967
6,9,1,ckd-0120,1,classical_rbf_svm,1,1.314021388754807
6,9,1,ckd-0123,1,classical_rbf_svm,1,1.2005552604286995
6,9,1,ckd-0130,1,classical_rbf_svm,1,1.1131952395503388
6,9,1,ckd-0140,1,classical_rbf_svm,1,1.6342968129550497
6,9,1,ckd-0161,1,classical_rbf_svm,1,2.021011500039062
6,9,1,ckd-0163,1,classical_rbf_svm,1,1.7567174216969228
6,9,1,ckd-0169,1,classical_rbf_svm,1,1.3228126718218594
6,9,1,ckd-0172,1,classical_rbf_svm,1,1.259708012939727
6,9,1,ckd-0173,1,classical_rbf_svm,1,1.656229372532873
6,9,1,ckd-0181,1,classical_rbf_svm,1,1.5534192125706352
6,9,1,ckd-0191,1,classical_rbf_svm,1,1.1174648854845146
6,9,1,ckd-0201,1,classical_rbf_svm,1,1.2637743530336158
6,9,1,ckd-0208,1,classical_rbf_svm,1,1.654342043884229
6,9,1,ckd-0217,1,classical_rbf_svm,1,1.365315824309453
6,9,1,ckd-0227,1,classical_rbf_svm,1,1.0848450229994209
6,9,1,ckd-0228,1,classical_rbf_svm,1,1.8738073061307747
6,9,1,ckd-0232,1,classical_rbf_svm,1,1.6506925117949973
6,9,1,ckd-0236,1,classical_rbf_svm,1,1.226507293592192
6,9,1,ckd-0251,0,classical_rbf_svm,0,-1.4784671646976362
6,9,1,ckd-0253,0,classical_rbf_svm,0,-1.483764771506177
6,9,1,ckd-0257,0,classical_rbf_svm,0,-1.1179467574738773
6,9,1,ckd-0258,0,classical_rbf_svm,0,-1.1145829353565966
6,9,1,ckd-0262,0,classical_rbf_svm,0,-1.089151355230837
6,9,1,ckd-0269,0,classical_rbf_svm,0,-1.1006941373490817
6,9,1,ckd-0281,0,classical_rbf_svm,0,-0.984178824969938
6,9,1,ckd-0288,0,classical_rbf_svm,0,-0.9999932084659845
6,9,1,ckd-0289,0,classical_rbf_svm,0,-1.3867693570890234
6,9,1,ckd-0295,0,classical_rbf_svm,0,-0.6957234149651436
6,9,1,ckd-0298,0,classical_rbf_svm,0,-1.4739507149847468
6,9,1,ckd-0307,0,classical_rbf_svm,0,-1.2348954091896833
6,9,1,ckd-0313,0,classical_rbf_svm,0,-1.3670010524651093
6,9,1,ckd-0316,0,classical_rbf_svm,0,-1.3138217996801265
6,9,1,ckd-0319,0,classical_rbf_svm,0,-0.9812891818841664
6,9,1,ckd-0335,0,classical_rbf_svm,0,-1.3889326636476351
6,9,1,ckd-0344,0,classical_rbf_svm,0,-1.3525812413014902
6,9,1,ckd-0357,0,classical_rbf_svm,0,-1.3024365880618456
6,9,1,ckd-0365,0,classical_rbf_svm,0,-1.4317680768527956
6,9,1,ckd-0376,0,classical_rbf_svm,0,-1.353667627913528
6,9,1,ckd-0377,0,classical_rbf_svm,0,-1.1070373286609159
6,9,1,ckd-0386,0,classical_rbf_svm,0,-1.1467826140073085
6,9,1,ckd-0388,0,classical_rbf_svm,0,-1.2714082763261612
6,9,1,ckd-0400,0,classical_rbf_svm,0,-1.1841740720041662
6,9,1,ckd-0007,1,qsvc,1,1.1538895727030307
6,9,1,ckd-0018,1,qsvc,1,0.9791389665852518
6,9,1,ckd-0021,1,qsvc,1,0.9421379956836283
6,9,1,ckd-0023,1,qsvc,1,0.23143485673107878
6,9,1,ckd-0036,1,qsvc,1,0.963553728260525
6,9,1,ckd-0047,1,qsvc,1,1.1265506988232226
6,9,1,ckd-0049,1,qsvc,1,1.0102766831301169
6,9,1,ckd-0052,1,qsvc,1,1.0258667549885927
6,9,1,ckd-0055,1,qsvc,1,1.4231018527699453
6,9,1,ckd-0059,1,qsvc,1,0.9281864711642165
6,9,1,ckd-0068,1,qsvc,1,0.9651185114504224
6,9,1,ckd-0069,1,qsvc,1,1.0486434875705148
6,9,1,ckd-0073,1,qsvc,1,0.9058567273675278
6,9,1,ckd-0075,1,qsvc,1,0.9446065372678986
6,9,1,ckd-0076,1,qsvc,1,0.6202365212717573
6,9,1,ckd-0078,1,qsvc,1,1.0448539555583012
6,9,1,ckd-0082,1,qsvc,1,0.9156075626805448
6,9,1,ckd-0101,1,qsvc,1,1.23845880488846
6,9,1,ckd-0102,1,qsvc,1,0.9420256697781892
6,9,1,ckd-0114,1,qsvc,1,1.0292529329047695
6,9,1,ckd-0115,1,qsvc,1,1.1266121454144256
6,9,1,ckd-0116,1,qsvc,1,0.18827166818584729
6,9,1,ckd-0120,1,qsvc,1,0.7834931432422183
6,9,1,ckd-0123,1,qsvc,0,-1.0949864413125798
6,9,1,ckd-0130,1,qsvc,1,0.909397941620892
6,9,1,ckd-0140,1,qsvc,1,0.9396280107694942
6,9,1,ckd-0161,1,qsvc,1,1.0686450954186708
6,9,1,ckd-0163,1,qsvc,1,1.0693258417182736
6,9,1,ckd-0169,1,qsvc,1,1.0765055069307734
6,9,1,ckd-0172,1,qsvc,1,0.810610405123614
6,9,1,ckd-0173,1,qsvc,1,0.9305171099480901
6,9,1,ckd-0181,1,qsvc,1,0.9768751336765213
6,9,1,ckd-0191,1,qsvc,1,0.7094559380271449
6,9,1,ckd-0201,1,qsvc,1,1.054097988510676
6,9,1,ckd-0208,1,qsvc,1,0.9791894066351919
6,9,1,ckd-0217,1,qsvc,1,0.9702198258973004
6,9,1,ckd-0227,1,qsvc,1,1.1888707119628519
6,9,1,ckd-0228,1,qsvc,1,1.0846490735877317
6,9,1,ckd-0232,1,qsvc,1,1.0808528485948756
6,9,1,ckd-0236,1,qsvc,1,1.1838271189713363
6,9,1,ckd-0251,0,qsvc,0,-1.450283820060032
6,9,1,ckd-0253,0,qsvc,0,-1.4889501267442795
6,9,1,ckd-0257,0,qsvc,0,-1.0522784487347874
6,9,1,ckd-0258,0,qsvc,0,-1.2442654845704118
6,9,1,ckd-0262,0,qsvc,0,-1.0355333599901124
6,9,1,ckd-0269,0,qsvc,0,-0.6937313739302658
6,9,1,ckd-0281,0,qsvc,0,-0.5112542931710574
6,9,1,ckd-0288,0,qsvc,0,-0.8608672200582511
6,9,1,ckd-0289,0,qsvc,0,-1.313993449775095
6,9,1,ckd-0295,0,qsvc,0,-1.002003395296577
6,9,1,ckd-0298,0,qsvc,0,-1.4940948718922868
6,9,1,ckd-0307,0,qsvc,0,-1.002353060310904
6,9,1,ckd-0313,0,qsvc,0,-1.29595501914832
6,9,1,ckd-0316,0,qsvc,0,-1.2620650444758703
6,9,1,ckd-0319,0,qsvc,0,-0.8641096248066319
6,9,1,ckd-0335,0,qsvc,0,-1.4311726995715435
6,9,1,ckd-0344,0,qsvc,0,-1.2848668483947336
6,9,1,ckd-0357,0,qsvc,0,-1.242748371549562
6,9,1,ckd-0365,0,qsvc,0,-1.4679157627337145
6,9,1,ckd-0376,0,qsvc,0,-1.2976494744892073
6,9,1,ckd-0377,0,qsvc,0,-1.015530949936645
6,9,1,ckd-0386,0,qsvc,0,-0.7079353992066572
6,9,1,ckd-0388,0,qsvc,0,-1.2048096479405053
6,9,1,ckd-0400,0,qsvc,0,-1.0667563542867113
6,9,2,ckd-0004,1,classical_rbf_svm,1,0.9988158291109956
6,9,2,ckd-0006,1,classical_rbf_svm,1,1.4983630141261477
6,9,2,ckd-0008,1,classical_rbf_svm,1,1.4858700000219747
6,9,2,ckd-0020,1,classical_rbf_svm,1,1.620844087082801
6,9,2,ckd-0027,1,classical_rbf_svm,1,1.9724685602093568
6,9,2,ckd-0030,1,classical_rbf_svm,1,1.2210491882947032
6,9,2,ckd-0031,1,classical_rbf_svm,1,1.0002260349996461
6,9,2,ckd-0033,1,classical_rbf_svm,1,1.6785971363206629
6,9,2,ckd-0057,1,classical_rbf_svm,1,1.4071710430960782
6,9,2,ckd-0058,1,classical_rbf_svm,1,1.514768458334872
6,9,2,ckd-0066,1,classical_rbf_svm,1,0.7007171448512137
6,9,2,ckd-0072,1,classical_rbf_svm,1,1.4441661090743967
6,9,2,ckd-0077,1,classical_rbf_svm,1,1.0098189912580346
6,9,2,ckd-0081,1,classical_rbf_svm,1,1.5742477760218019
6,9,2,ckd-0086,1,classical_rbf_svm,1,1.7643142745417437
6,9,2,ckd-0094,1,classical_rbf_svm,1,1.2188036877046828
6,9,2,ckd-0105,1,classical_rbf_svm,1,1.514768458334872
6,9,2,ckd-0109,1,classical_rbf_svm,1,1.1363677400383352
6,9,2,ckd-0131,1,classical_rbf_svm,1,1.1339271316211612
6,9,2,ckd-0133,1,classical_rbf_svm,1,1.4154214474319282
6,9,2,ckd-0136,1,classical_rbf_svm,1,1.6421216358220834
6,9,2,ckd-0141,1,classical_rbf_svm,1,1.1662910560006197
6,9,2,ckd-0147,1,classical_rbf_svm,1,1.5935791891108506
6,9,2,ckd-0156,1,classical_rbf_svm,1,1.3271325726322418
6,9,2,ckd-0158,1,classical_rbf_svm,1,1.202199085774967
6,9,2,ckd-0171,1,classical_rbf_svm,1,1.6494386872092883
6,9,2,ckd-0174,1,classical_rbf_svm,1,0.7747884417655657
6,9,2,ckd-0175,1,classical_rbf_svm,1,1.088543658560732
6,9,2,ckd-0182,1,classical_rbf_svm,1,1.2886289956948802
6,9,2,ckd-0187,1,classical_rbf_svm,1,1.159543265062478
6,9,2,ckd-0193,1,classical_rbf_svm,1,0.7106891814603916
6,9,2,ckd-0196,1,classical_rbf_svm,1,1.2713661617328893
6,9,2,ckd-0200,1,classical_rbf_svm,1,1.438997571461158
6,9,2,ckd-0207,1,classical_rbf_svm,1,1.082712316649116
6,9,2,ckd-0211,1,classical_rbf_svm,1,1.0184044777617058
6,9,2,ckd-0216,1,classical_rbf_svm,1,1.2629366204377992
6,9,2,ckd-0222,1,classical_rbf_svm,1,1.2741750440320316
6,9,2,ckd-0231,1,classical_rbf_svm,1,1.5436818289138106
6,9,2,ckd-0237,1,classical_rbf_svm,1,1.5704483799756734
6,9,2,ckd-0246,1,classical_rbf_svm,1,1.134145115610733
6,9,2,ckd-0252,0,classical_rbf_svm,0,-1.0944661427222968
6,9,2,ckd-0274,0,classical_rbf_svm,1,0.026070842917036763
6,9,2,ckd-0276,0,classical_rbf_svm,0,-1.2366026951560798
6,9,2,ckd-0277,0,classical_rbf_svm,0,-0.949343770582446
6,9,2,ckd-0279,0,classical_rbf_svm,0,-1.0965758087469384
6,9,2,ckd-0282,0,classical_rbf_svm,0,-1.2236823029003787
6,9,2,ckd-0283,0,classical_rbf_svm,0,-1.1198696997280249
6,9,2,ckd-0297,0,classical_rbf_svm,0,-1.0995078615776461
6,9,2,ckd-0308,0,classical_rbf_svm,0,-0.8311628996563584
6,9,2,ckd-0312,0,classical_rbf_svm,0,-1.1863179319725452
6,9,2,ckd-0315,0,classical_rbf_svm,0,-1.230570735690982
6,9,2,ckd-0320,0,classical_rbf_svm,1,0.026070842917036763
6,9,2,ckd-0323,0,classical_rbf_svm,0,-1.2383316592877374
6,9,2,ckd-0326,0,classical_rbf_svm,0,-1.186688873751454
6,9,2,ckd-0328,0,classical_rbf_svm,0,-1.0319274195890675
6,9,2,ckd-0342,0,classical_rbf_svm,0,-0.761952585128778
6,9,2,ckd-0348,0,classical_rbf_svm,0,-1.1149198125021549
6,9,2,ckd-0349,0,classical_rbf_svm,0,-0.8311628996563584
6,9,2,ckd-0367,0,classical_rbf_svm,0,-1.4655103423668958
6,9,2,ckd-0368,0,classical_rbf_svm,0,-1.1284364098220379
6,9,2,ckd-0372,0,classical_rbf_svm,0,-1.0168018844895568
6,9,2,ckd-0374,0,classical_rbf_svm,0,-1.267609382637053
6,9,2,ckd-0384,0,classical_rbf_svm,0,-1.32839820023527
6,9,2,ckd-0397,0,classical_rbf_svm,0,-1.0252165385716845
6,9,2,ckd-0004,1,qsvc,1,1.0857148935765784
6,9,2,ckd-0006,1,qsvc,1,1.0552841869426295
6,9,2,ckd-0008,1,qsvc,1,0.95676406279525
6,9,2,ckd-0020,1,qsvc,1,1.0454501258286844
6,9,2,ckd-0027,1,qsvc,1,0.9953154757321024
6,9,2,ckd-0030,1,qsvc,1,0.5024019658193415
6,9,2,ckd-0031,1,qsvc,1,1.0920159585000797
6,9,2,ckd-0033,1,qsvc,1,1.0106885482391725
6,9,2,ckd-0057,1,qsvc,1,1.0163847893544617
6,9,2,ckd-0058,1,qsvc,1,1.0783115055207841
6,9,2,ckd-0066,1,qsvc,0,-0.06039474794444777
6,9,2,ckd-0072,1,qsvc,1,1.0160102385654413
6,9,2,ckd-0077,1,qsvc,1,1.1438056027736654
6,9,2,ckd-0081,1,qsvc,1,1.0538579243228707
6,9,2,ckd-0086,1,qsvc,1,0.9289425038710732
6,9,2,ckd-0094,1,qsvc,1,1.004617256923095
6,9,2,ckd-0105,1,qsvc,1,1.0783115055207841
6,9,2,ckd-0109,1,qsvc,1,1.3367548890889713
6,9,2,ckd-0131,1,qsvc,1,0.9960037856464965
6,9,2,ckd-0133,1,qsvc,0,-0.9586962370338772
6,9,2,ckd-0136,1,qsvc,1,0.9930905799302743
6,9,2,ckd-0141,1,qsvc,1,1.0004247520459506
6,9,2,ckd-0147,1,qsvc,1,0.9905033402332434
6,9,2,ckd-0156,1,qsvc,1,1.012503594559845
6,9,2,ckd-0158,1,qsvc,1,1.0063185334450953
6,9,2,ckd-0171,1,qsvc,1,0.9408742547407549
6,9,2,ckd-0174,1,qsvc,1,1.104445243313181
6,9,2,ckd-0175,1,qsvc,1,1.0672377835206635
6,9,2,ckd-0182,1,qsvc,1,0.9431946826364173
6,9,2,ckd-0187,1,qsvc,1,0.07745436714180798
6,9,2,ckd-0193,1,qsvc,1,1.3025749609614812
6,9,2,ckd-0196,1,qsvc,1,0.9415121534042978
6,9,2,ckd-0200,1,qsvc,1,1.0044719006790628
6,9,2,ckd-0207,1,qsvc,1,0.4883500323364771
6,9,2,ckd-0211,1,qsvc,1,1.1478324633351138
6,9,2,ckd-0216,1,qsvc,1,1.0509710355553006
6,9,2,ckd-0222,1,qsvc,1,1.0290939231489056
6,9,2,ckd-0231,1,qsvc,1,1.0238433486900524
6,9,2,ckd-0237,1,qsvc,1,1.03236596318379
6,9,2,ckd-0246,1,qsvc,1,0.2941191660722602
6,9,2,ckd-0252,0,qsvc,0,-0.7822710407903226
6,9,2,ckd-0274,0,qsvc,1,0.027610917510319632
6,9,2,ckd-0276,0,qsvc,0,-1.3424521485556082
6,9,2,ckd-0277,0,qsvc,0,-0.8157948909982526
6,9,2,ckd-0279,0,qsvc,0,-1.374387417105677
6,9,2,ckd-0282,0,qsvc,0,-1.3888614310616576
6,9,2,ckd-0283,0,qsvc,0,-1.3984499175342233
6,9,2,ckd-0297,0,qsvc,0,-1.066404489502981
6,9,2,ckd-0308,0,qsvc,0,-1.092738102811094
6,9,2,ckd-0312,0,qsvc,0,-1.273937262372357
6,9,2,ckd-0315,0,qsvc,0,-1.3896226607149214
6,9,2,ckd-0320,0,qsvc,1,0.027610917510319632
6,9,2,ckd-0323,0,qsvc,0,-1.4212156209598021
6,9,2,ckd-0326,0,qsvc,0,-1.3322587576318086
6,9,2,ckd-0328,0,qsvc,0,-0.9679926828494769
6,9,2,ckd-0342,0,qsvc,0,-0.39704452343189756
6,9,2,ckd-0348,0,qsvc,0,-0.6000649582263478
6,9,2,ckd-0349,0,qsvc,0,-1.092738102811094
6,9,2,ckd-0367,0,qsvc,0,-1.7799331207263334
6,9,2,ckd-0368,0,qsvc,0,-0.8252392135352589
6,9,2,ckd-0372,0,qsvc,0,-0.6152438450892896
6,9,2,ckd-0374,0,qsvc,0,-1.3975262592554134
6,9,2,ckd-0384,0,qsvc,0,-1.4116946963069472
6,9,2,ckd-0397,0,qsvc,0,-0.7580251120032921
6,9,3,ckd-0002,1,classical_rbf_svm,1,1.2231953173157109
6,9,3,ckd-0005,1,classical_rbf_svm,1,1.606165571637471
6,9,3,ckd-0013,1,classical_rbf_svm,1,1.3324594907174507
6,9,3,ckd-0026,1,classical_rbf_svm,1,1.4472314505550252
6,9,3,ckd-0032,1,classical_rbf_svm,1,1.3838396603629248
6,9,3,ckd-0045,1,classical_rbf_svm,1,1.2192498431931935
6,9,3,ckd-0048,1,classical_rbf_svm,1,1.305495245379765
6,9,3,ckd-0079,1,classical_rbf_svm,1,1.3729951121192692
6,9,3,ckd-0083,1,classical_rbf_svm,1,0.649667183985239
6,9,3,ckd-0085,1,classical_rbf_svm,1,1.060604759639952
6,9,3,ckd-0090,1,classical_rbf_svm,1,0.649667183985239
6,9,3,ckd-0091,1,classical_rbf_svm,1,1.573187193703807
6,9,3,ckd-0092,1,classical_rbf_svm,1,1.0290488950914822
6,9,3,ckd-0096,1,classical_rbf_svm,1,1.1775977123689017
6,9,3,ckd-0111,1,classical_rbf_svm,1,1.342739830440916
6,9,3,ckd-0112,1,classical_rbf_svm,1,1.3274955809432174
6,9,3,ckd-0126,1,classical_rbf_svm,1,1.3369152190067721
6,9,3,ckd-0129,1,classical_rbf_svm,1,1.0562551377835188
6,9,3,ckd-0138,1,classical_rbf_svm,1,1.4369079027570701
6,9,3,ckd-0150,1,classical_rbf_svm,1,1.436339324220652
6,9,3,ckd-0160,1,classical_rbf_svm,1,1.7158593449461619
6,9,3,ckd-0166,1,classical_rbf_svm,1,0.9836882227120664
6,9,3,ckd-0176,1,classical_rbf_svm,1,1.3533340121638857
6,9,3,ckd-0178,1,classical_rbf_svm,1,1.6574715453104023
6,9,3,ckd-0183,1,classical_rbf_svm,1,0.9139593928468527
6,9,3,ckd-0186,1,classical_rbf_svm,1,1.0711035842570948
6,9,3,ckd-0190,1,classical_rbf_svm,1,1.0989225593384435
6,9,3,ckd-0192,1,classical_rbf_svm,1,1.1675148135745155
6,9,3,ckd-0194,1,classical_rbf_svm,1,0.9571995804246225
6,9,3,ckd-0195,1,classical_rbf_svm,1,1.7089006851327992
6,9,3,ckd-0198,1,classical_rbf_svm,1,1.4626525178085452
6,9,3,ckd-0219,1,classical_rbf_svm,1,1.3230532712132337
6,9,3,ckd-0221,1,classical_rbf_svm,1,1.5078419454894993
6,9,3,ckd-0224,1,classical_rbf_svm,1,1.6126024055935813
6,9,3,ckd-0226,1,classical_rbf_svm,1,1.4327182895782902
6,9,3,ckd-0234,1,classical_rbf_svm,1,1.5751131469599415
6,9,3,ckd-0238,1,classical_rbf_svm,1,1.766793731194822
6,9,3,ckd-0242,1,classical_rbf_svm,1,1.6572389703355381
6,9,3,ckd-0247,1,classical_rbf_svm,1,1.2287269450332854
6,9,3,ckd-0248,1,classical_rbf_svm,1,0.6367392720981411
6,9,3,ckd-0259,0,classical_rbf_svm,0,-0.8765997617997332
6,9,3,ckd-0260,0,classical_rbf_svm,0,-1.2617868807116843
6,9,3,ckd-0272,0,classical_rbf_svm,0,-1.0342896682468519
6,9,3,ckd-0290,0,classical_rbf_svm,0,-1.1546304060135362
6,9,3,ckd-0294,0,classical_rbf_svm,0,-1.2549671749864766
6,9,3,ckd-0300,0,classical_rbf_svm,0,-1.1746042747519874
6,9,3,ckd-0301,0,classical_rbf_svm,0,-1.0645989739588133
6,9,3,ckd-0302,0,classical_rbf_svm,0,-1.1781672412691493
6,9,3,ckd-0303,0,classical_rbf_svm,0,-1.2419326759493696
6,9,3,ckd-0306,0,classical_rbf_svm,0,-0.991252406368057
6,9,3,ckd-0318,0,classical_rbf_svm,0,-0.797462217855484
6,9,3,ckd-0325,0,classical_rbf_svm,1,0.009847170342793587
6,9,3,ckd-0340,0,classical_rbf_svm,0,-0.8958250110015578
6,9,3,ckd-0352,0,classical_rbf_svm,0,-0.8751334603887795
6,9,3,ckd-0358,0,classical_rbf_svm,0,-0.9758463503631751
6,9,3,ckd-0359,0,classical_rbf_svm,0,-0.6447269824561792
6,9,3,ckd-0362,0,classical_rbf_svm,0,-0.8942860943688318
6,9,3,ckd-0363,0,classical_rbf_svm,0,-1.10408854528523
6,9,3,ckd-0373,0,classical_rbf_svm,0,-1.1689796048233916
6,9,3,ckd-0385,0,classical_rbf_svm,0,-1.0467257343518943
6,9,3,ckd-0395,0,classical_rbf_svm,0,-0.9993571804037016
6,9,3,ckd-0396,0,classical_rbf_svm,0,-1.305468309421164
6,9,3,ckd-0398,0,classical_rbf_svm,0,-1.2972988255616449
6,9,3,ckd-0399,0,classical_rbf_svm,0,-1.287094126158007
6,9,3,ckd-0002,1,qsvc,1,0.6029466453980221
6,9,3,ckd-0005,1,qsvc,1,1.107954930135465
6,9,3,ckd-0013,1,qsvc,1,1.0262757981655761
6,9,3,ckd-0026,1,qsvc,1,0.9894264911298487
6,9,3,ckd-0032,1,qsvc,1,1.0284954160420354
6,9,3,ckd-0045,1,qsvc,1,1.0203682824236129
6,9,3,ckd-0048,1,qsvc,1,0.3691812086701895
6,9,3,ckd-0079,1,qsvc,1,0.4941025009778996
6,9,3,ckd-0083,1,qsvc,1,1.0019045390206416
6,9,3,ckd-0085,1,qsvc,1,0.786266276495628
6,9,3,ckd-0090,1,qsvc,1,1.0019045390206416
6,9,3,ckd-0091,1,qsvc,1,1.2592287200239602
6,9,3,ckd-0092,1,qsvc,1,0.7651240994521155
6,9,3,ckd-0096,1,qsvc,1,1.1729465264897878
6,9,3,ckd-0111,1,qsvc,1,1.198911521726049
6,9,3,ckd-0112,1,qsvc,1,1.0145422330925764
6,9,3,ckd-0126,1,qsvc,1,1.0548860665969677
6,9,3,ckd-0129,1,qsvc,1,1.2296694985845653
6,9,3,ckd-0138,1,qsvc,1,0.9747117966182824
6,9,3,ckd-0150,1,qsvc,1,0.9331019373112882
6,9,3,ckd-0160,1,qsvc,1,0.9892928911427552
6,9,3,ckd-0166,1,qsvc,1,1.0969819218505126
6,9,3,ckd-0176,1,qsvc,1,1.0001860967658107
6,9,3,ckd-0178,1,qsvc,1,1.027446369158111
6,9,3,ckd-0183,1,qsvc,1,1.027365593075106
6,9,3,ckd-0186,1,qsvc,1,1.0758064919120416
6,9,3,ckd-0190,1,qsvc,1,1.0143406070756016
6,9,3,ckd-0192,1,qsvc,1,1.0189054466785192
6,9,3,ckd-0194,1,qsvc,1,0.9810116312004877
6,9,3,ckd-0195,1,qsvc,1,1.0539409598374856
6,9,3,ckd-0198,1,qsvc,1,0.995360910965156
6,9,3,ckd-0219,1,qsvc,1,1.193276988809335
6,9,3,ckd-0221,1,qsvc,1,1.3661654668344447
6,9,3,ckd-0224,1,qsvc,1,0.9830552373005205
6,9,3,ckd-0226,1,qsvc,1,1.060040709437885
6,9,3,ckd-0234,1,qsvc,1,0.9998719518804144
6,9,3,ckd-0238,1,qsvc,1,1.012565751948248
6,9,3,ckd-0242,1,qsvc,1,1.0526953773698844
6,9,3,ckd-0247,1,qsvc,1,0.940678940210528
6,9,3,ckd-0248,1,qsvc,1,1.029761736581399
6,9,3,ckd-0259,0,qsvc,0,-1.088303906066319
6,9,3,ckd-0260,0,qsvc,0,-1.355189785413443
6,9,3,ckd-0272,0,qsvc,0,-0.9010908511796666
6,9,3,ckd-0290,0,qsvc,0,-1.195617809055391
6,9,3,ckd-0294,0,qsvc,0,-1.3530945134397916
6,9,3,ckd-0300,0,qsvc,0,-1.1311317379462733
6,9,3,ckd-0301,0,qsvc,0,-1.2666360228900215
6,9,3,ckd-0302,0,qsvc,0,-0.9825026873241293
6,9,3,ckd-0303,0,qsvc,0,-1.3405714359890726
6,9,3,ckd-0306,0,qsvc,0,-0.8991478276898154
6,9,3,ckd-0318,0,qsvc,0,-1.0327119438804528
6,9,3,ckd-0325,0,qsvc,0,-0.025250437846144558
6,9,3,ckd-0340,0,qsvc,0,-0.9715951108440127
6,9,3,ckd-0352,0,qsvc,0,-0.6277481067627116
6,9,3,ckd-0358,0,qsvc,0,-0.7964640154394477
6,9,3,ckd-0359,0,qsvc,0,-0.8968353213444621
6,9,3,ckd-0362,0,qsvc,0,-0.4004930350618351
6,9,3,ckd-0363,0,qsvc,0,-1.1325295049496629
6,9,3,ckd-0373,0,qsvc,0,-1.115777647864586
6,9,3,ckd-0385,0,qsvc,0,-1.2430800051666488
6,9,3,ckd-0395,0,qsvc,0,-1.2010319066261554
6,9,3,ckd-0396,0,qsvc,0,-1.3973624135426457
6,9,3,ckd-0398,0,qsvc,0,-1.3303315596460648
6,9,3,ckd-0399,0,qsvc,0,-1.081930955205487
6,9,4,ckd-0003,1,classical_rbf_svm,1,1.383422950980028
6,9,4,ckd-0009,1,classical_rbf_svm,1,1.4674195504128156
6,9,4,ckd-0015,1,classical_rbf_svm,1,0.9337343294744868
6,9,4,ckd-0022,1,classical_rbf_svm,1,1.771928584706005
6,9,4,ckd-0024,1,classical_rbf_svm,1,1.4679951327941216
6,9,4,ckd-0025,1,classical_rbf_svm,1,1.2273289793638282
6,9,4,ckd-0028,1,classical_rbf_svm,1,1.4035273629973597
6,9,4,ckd-0029,1,classical_rbf_svm,1,1.3536355412291858
6,9,4,ckd-0040,1,classical_rbf_svm,1,1.6445854354176799
6,9,4,ckd-0063,1,classical_rbf_svm,1,1.464929664374893
6,9,4,ckd-0064,1,classical_rbf_svm,1,1.363619411886047
6,9,4,ckd-0074,1,classical_rbf_svm,1,0.9380960291455319
6,9,4,ckd-0089,1,classical_rbf_svm,1,1.1729482144432435
6,9,4,ckd-0093,1,classical_rbf_svm,1,1.294588323330651
6,9,4,ckd-0097,1,classical_rbf_svm,1,1.757725913883843
6,9,4,ckd-0108,1,classical_rbf_svm,1,1.954865444201896
6,9,4,ckd-0119,1,classical_rbf_svm,1,1.376790019801412
6,9,4,ckd-0121,1,classical_rbf_svm,1,1.4033572736490487
6,9,4,ckd-0125,1,classical_rbf_svm,1,1.50008279615395
6,9,4,ckd-0128,1,classical_rbf_svm,1,1.2066437268739476
6,9,4,ckd-0139,1,classical_rbf_svm,1,1.4988612966219157
6,9,4,ckd-0146,1,classical_rbf_svm,1,0.9502533353337645
6,9,4,ckd-0154,1,classical_rbf_svm,1,1.0801629730962603
6,9,4,ckd-0155,1,classical_rbf_svm,1,0.9388389063927083
6,9,4,ckd-0167,1,classical_rbf_svm,1,0.731825684346241
6,9,4,ckd-0170,1,classical_rbf_svm,1,1.323024776499335
6,9,4,ckd-0177,1,classical_rbf_svm,1,0.9884297970845191
6,9,4,ckd-0180,1,classical_rbf_svm,1,1.5713860232610546
6,9,4,ckd-0185,1,classical_rbf_svm,1,1.4180867510697976
6,9,4,ckd-0188,1,classical_rbf_svm,1,1.5105638479231147
6,9,4,ckd-0189,1,classical_rbf_svm,1,0.29861561324889807
6,9,4,ckd-0197,1,classical_rbf_svm,1,1.0448157658911146
6,9,4,ckd-0199,1,classical_rbf_svm,1,1.147351687700569
6,9,4,ckd-0205,1,classical_rbf_svm,1,1.0452660098537756
6,9,4,ckd-0214,1,classical_rbf_svm,1,1.3311143947075572
6,9,4,ckd-0218,1,classical_rbf_svm,1,1.75310543403937
6,9,4,ckd-0220,1,classical_rbf_svm,1,1.4256211253797515
6,9,4,ckd-0230,1,classical_rbf_svm,1,1.223961434670489
6,9,4,ckd-0233,1,classical_rbf_svm,1,1.1047514573017923
6,9,4,ckd-0249,1,classical_rbf_svm,1,1.7431794074500462
6,9,4,ckd-0254,0,classical_rbf_svm,0,-1.3226928839335712
6,9,4,ckd-0255,0,classical_rbf_svm,0,-1.1112692341145491
6,9,4,ckd-0263,0,classical_rbf_svm,0,-1.2256393982498301
6,9,4,ckd-0270,0,classical_rbf_svm,0,-1.4860422667056712
6,9,4,ckd-0292,0,classical_rbf_svm,0,-1.1881329594875911
6,9,4,ckd-0304,0,classical_rbf_svm,0,-1.178084489605161
6,9,4,ckd-0317,0,classical_rbf_svm,0,-1.3754488906577502
6,9,4,ckd-0324,0,classical_rbf_svm,0,-1.471533167350465
6,9,4,ckd-0327,0,classical_rbf_svm,0,-1.1010117807542597
6,9,4,ckd-0332,0,classical_rbf_svm,0,-1.2061686089067405
6,9,4,ckd-0334,0,classical_rbf_svm,0,-1.1274824841241782
6,9,4,ckd-0345,0,classical_rbf_svm,0,-0.9453849579333744
6,9,4,ckd-0355,0,classical_rbf_svm,0,-1.1375196983899347
6,9,4,ckd-0361,0,classical_rbf_svm,0,-1.3166929048133817
6,9,4,ckd-0369,0,classical_rbf_svm,0,-1.4458916838846743
6,9,4,ckd-0370,0,classical_rbf_svm,0,-1.0093674871255895
6,9,4,ckd-0371,0,classical_rbf_svm,0,-1.2972798019482812
6,9,4,ckd-0381,0,classical_rbf_svm,0,-1.1050589614732487
6,9,4,ckd-0382,0,classical_rbf_svm,0,-1.1503605125847765
6,9,4,ckd-0383,0,classical_rbf_svm,0,-1.2046237413317757
6,9,4,ckd-0387,0,classical_rbf_svm,0,-1.3633832788110851
6,9,4,ckd-0389,0,classical_rbf_svm,0,-1.3607413928167076
6,9,4,ckd-0391,0,classical_rbf_svm,0,-1.3140556252368345
6,9,4,ckd-0393,0,classical_rbf_svm,0,-1.2904775653342693
6,9,4,ckd-0003,1,qsvc,1,0.9540943059203714
6,9,4,ckd-0009,1,qsvc,1,1.0324311184670298
6,9,4,ckd-0015,1,qsvc,1,0.8973447386566686
6,9,4,ckd-0022,1,qsvc,1,1.1443298201342538
6,9,4,ckd-0024,1,qsvc,1,0.958808522843344
6,9,4,ckd-0025,1,qsvc,1,1.0726913101944813
6,9,4,ckd-0028,1,qsvc,1,1.0672854884208067
6,9,4,ckd-0029,1,qsvc,1,1.0433984259031646
6,9,4,ckd-0040,1,qsvc,1,1.086109896129308
6,9,4,ckd-0063,1,qsvc,1,1.0844447589111816
6,9,4,ckd-0064,1,qsvc,1,1.0013433093398998
6,9,4,ckd-0074,1,qsvc,1,1.0917463200419557
6,9,4,ckd-0089,1,qsvc,1,0.9838328023344793
6,9,4,ckd-0093,1,qsvc,1,1.0654056070077589
6,9,4,ckd-0097,1,qsvc,1,1.0188419532934252
6,9,4,ckd-0108,1,qsvc,1,1.034274617325413
6,9,4,ckd-0119,1,qsvc,1,0.9501187934778013
6,9,4,ckd-0121,1,qsvc,1,1.0277761926430518
6,9,4,ckd-0125,1,qsvc,1,1.1190645733935387
6,9,4,ckd-0128,1,qsvc,1,1.0044297212853242
6,9,4,ckd-0139,1,qsvc,1,1.2988764194867186
6,9,4,ckd-0146,1,qsvc,1,0.9688885177248454
6,9,4,ckd-0154,1,qsvc,1,0.9870850959911273
6,9,4,ckd-0155,1,qsvc,1,0.9646396612390066
6,9,4,ckd-0167,1,qsvc,1,1.0092177110981853
6,9,4,ckd-0170,1,qsvc,1,0.7346867436214779
6,9,4,ckd-0177,1,qsvc,0,-0.8280220304403872
6,9,4,ckd-0180,1,qsvc,1,1.2103846937959346
6,9,4,ckd-0185,1,qsvc,1,0.9841204757666661
6,9,4,ckd-0188,1,qsvc,1,1.0264747091891988
6,9,4,ckd-0189,1,qsvc,1,0.2052750574845037
6,9,4,ckd-0197,1,qsvc,1,0.9798682078171513
6,9,4,ckd-0199,1,qsvc,1,0.9566845059849318
6,9,4,ckd-0205,1,qsvc,1,0.8834176012210873
6,9,4,ckd-0214,1,qsvc,1,1.1042336665929726
6,9,4,ckd-0218,1,qsvc,1,1.1062319069096997
6,9,4,ckd-0220,1,qsvc,1,0.9954231338910287
6,9,4,ckd-0230,1,qsvc,1,0.9682981461362324
6,9,4,ckd-0233,1,qsvc,1,1.2408565138507606
6,9,4,ckd-0249,1,qsvc,1,1.0877883039707166
6,9,4,ckd-0254,0,qsvc,0,-1.4978364250246048
6,9,4,ckd-0255,0,qsvc,0,-0.8546995325464427
6,9,4,ckd-0263,0,qsvc,0,-1.2896044560717557
6,9,4,ckd-0270,0,qsvc,0,-1.6175838447702016
6,9,4,ckd-0292,0,qsvc,0,-1.268589399142253
6,9,4,ckd-0304,0,qsvc,0,-0.5520778319799079
6,9,4,ckd-0317,0,qsvc,0,-1.1738257068437719
6,9,4,ckd-0324,0,qsvc,0,-1.7223926836802401
6,9,4,ckd-0327,0,qsvc,0,-1.240466704231797
6,9,4,ckd-0332,0,qsvc,0,-1.172180576631677
6,9,4,ckd-0334,0,qsvc,0,-0.8819361576341221
6,9,4,ckd-0345,0,qsvc,0,-1.153556738015574
6,9,4,ckd-0355,0,qsvc,0,-1.1505991493424785
6,9,4,ckd-0361,0,qsvc,0,-1.446891143212056
6,9,4,ckd-0369,0,qsvc,0,-1.6481430618254742
6,9,4,ckd-0370,0,qsvc,0,-1.144850049253717
6,9,4,ckd-0371,0,qsvc,0,-0.861634404400654
6,9,4,ckd-0381,0,qsvc,0,-0.9159344400015
6,9,4,ckd-0382,0,qsvc,0,-1.0062163610376724
6,9,4,ckd-0383,0,qsvc,0,-1.2171976924034955
6,9,4,ckd-0387,0,qsvc,0,-1.4808421604329673
6,9,4,ckd-0389,0,qsvc,0,-1.2470411537872446
6,9,4,ckd-0391,0,qsvc,0,-1.1613575445132835
6,9,4,ckd-0393,0,qsvc,0,-1.2669529921997942
6,9,5,ckd-0001,1,classical_rbf_svm,0,-0.16729829585951972
6,9,5,ckd-0010,1,classical_rbf_svm,1,1.6684544590508235
6,9,5,ckd-0012,1,classical_rbf_svm,1,1.311048500584418
6,9,5,ckd-0014,1,classical_rbf_svm,1,1.7007914880578978
6,9,5,ckd-0019,1,classical_rbf_svm,1,0.5495206960961134
6,9,5,ckd-0034,1,classical_rbf_svm,1,1.657797949054309
6,9,5,ckd-0038,1,classical_rbf_svm,1,1.7709588674241599
6,9,5,ckd-0042,1,classical_rbf_svm,1,1.207041197921233
6,9,5,ckd-0051,1,classical_rbf_svm,1,1.680156707608429
6,9,5,ckd-0053,1,classical_rbf_svm,1,1.7588821911978751
6,9,5,ckd-0060,1,classical_rbf_svm,1,1.328487098036676
6,9,5,ckd-0062,1,classical_rbf_svm,1,1.3872539889280224
6,9,5,ckd-0080,1,classical_rbf_svm,1,1.4601187735038774
6,9,5,ckd-0088,1,classical_rbf_svm,1,1.2790873709506614
6,9,5,ckd-0095,1,classical_rbf_svm,1,1.504266331121641
6,9,5,ckd-0098,1,classical_rbf_svm,1,1.8758991237948768
6,9,5,ckd-0099,1,classical_rbf_svm,1,1.0931851183793975
6,9,5,ckd-0106,1,classical_rbf_svm,0,-0.0369354548793297
6,9,5,ckd-0107,1,classical_rbf_svm,1,1.058181820245399
6,9,5,ckd-0113,1,classical_rbf_svm,1,1.3891452553312265
6,9,5,ckd-0117,1,classical_rbf_svm,1,1.1659916279376707
6,9,5,ckd-0122,1,classical_rbf_svm,1,0.7395050873147103
6,9,5,ckd-0127,1,classical_rbf_svm,1,1.6784630538010448
6,9,5,ckd-0132,1,classical_rbf_svm,1,1.3799465957469432
6,9,5,ckd-0134,1,classical_rbf_svm,1,1.1810767640020547
6,9,5,ckd-0152,1,classical_rbf_svm,1,1.6709704067450093
6,9,5,ckd-0153,1,classical_rbf_svm,1,1.5318646991272038
6,9,5,ckd-0157,1,classical_rbf_svm,1,1.5133847751207137
6,9,5,ckd-0162,1,classical_rbf_svm,1,1.1363270087099298
6,9,5,ckd-0179,1,classical_rbf_svm,1,1.7094479916398742
6,9,5,ckd-0184,1,classical_rbf_svm,1,1.2697387706808985
6,9,5,ckd-0202,1,classical_rbf_svm,1,1.2892615667670217
6,9,5,ckd-0203,1,classical_rbf_svm,1,1.4113000387084176
6,9,5,ckd-0204,1,classical_rbf_svm,1,1.440408320703844
6,9,5,ckd-0206,1,classical_rbf_svm,1,0.2723586046739628
6,9,5,ckd-0210,1,classical_rbf_svm,1,0.4297377246850996
6,9,5,ckd-0213,1,classical_rbf_svm,1,1.4511686627202534
6,9,5,ckd-0215,1,classical_rbf_svm,1,0.519678169338654
6,9,5,ckd-0223,1,classical_rbf_svm,1,0.7148619958316045
6,9,5,ckd-0244,1,classical_rbf_svm,1,0.11446685448338356
6,9,5,ckd-0256,0,classical_rbf_svm,0,-1.1603399570114665
6,9,5,ckd-0265,0,classical_rbf_svm,0,-1.276544943379223
6,9,5,ckd-0266,0,classical_rbf_svm,0,-1.2640151325095372
6,9,5,ckd-0267,0,classical_rbf_svm,0,-0.49308265688103003
6,9,5,ckd-0271,0,classical_rbf_svm,0,-1.0775581445894369
6,9,5,ckd-0273,0,classical_rbf_svm,0,-1.2672379534397775
6,9,5,ckd-0280,0,classical_rbf_svm,0,-1.4390671001518363
6,9,5,ckd-0284,0,classical_rbf_svm,0,-1.294372034653509
6,9,5,ckd-0285,0,classical_rbf_svm,0,-1.1128877966344837
6,9,5,ckd-0287,0,classical_rbf_svm,0,-1.225173488900818
6,9,5,ckd-0299,0,classical_rbf_svm,0,-1.092798864843278
6,9,5,ckd-0305,0,classical_rbf_svm,0,-1.0367801221182957
6,9,5,ckd-0310,0,classical_rbf_svm,0,-1.0394988706600508
6,9,5,ckd-0314,0,classical_rbf_svm,0,-0.9926910651045531
6,9,5,ckd-0322,0,classical_rbf_svm,0,-1.1978764721633008
6,9,5,ckd-0339,0,classical_rbf_svm,0,-1.117307924033538
6,9,5,ckd-0341,0,classical_rbf_svm,0,-1.2488450391549568
6,9,5,ckd-0350,0,classical_rbf_svm,0,-1.2819958770182116
6,9,5,ckd-0351,0,classical_rbf_svm,0,-1.4039368467815345
6,9,5,ckd-0353,0,classical_rbf_svm,0,-1.3804701912637718
6,9,5,ckd-0364,0,classical_rbf_svm,0,-1.1498210944216791
6,9,5,ckd-0366,0,classical_rbf_svm,1,0.04743910487036529
6,9,5,ckd-0378,0,classical_rbf_svm,0,-1.1789240354705819
6,9,5,ckd-0379,0,classical_rbf_svm,0,-1.3190938401818855
6,9,5,ckd-0001,1,qsvc,1,0.7638486092804958
6,9,5,ckd-0010,1,qsvc,1,0.9178247397527175
6,9,5,ckd-0012,1,qsvc,1,1.0004881507479189
6,9,5,ckd-0014,1,qsvc,1,0.8916518705676243
6,9,5,ckd-0019,1,qsvc,1,1.0086832162524655
6,9,5,ckd-0034,1,qsvc,1,0.9574341841721709
6,9,5,ckd-0038,1,qsvc,1,1.0479430876416072
6,9,5,ckd-0042,1,qsvc,1,0.9998231485398054
6,9,5,ckd-0051,1,qsvc,1,1.0177468141530728
6,9,5,ckd-0053,1,qsvc,1,1.0744413232857883
6,9,5,ckd-0060,1,qsvc,1,0.8726865534963973
6,9,5,ckd-0062,1,qsvc,1,1.2765321584036344
6,9,5,ckd-0080,1,qsvc,1,0.9847677330149822
6,9,5,ckd-0088,1,qsvc,1,0.9809267699907568
6,9,5,ckd-0095,1,qsvc,1,1.1277954707532052
6,9,5,ckd-0098,1,qsvc,1,0.9942123057451591
6,9,5,ckd-0099,1,qsvc,1,0.9625855187203555
6,9,5,ckd-0106,1,qsvc,1,1.0248707171393425
6,9,5,ckd-0107,1,qsvc,1,0.7390456138113778
6,9,5,ckd-0113,1,qsvc,1,1.071029685175931
6,9,5,ckd-0117,1,qsvc,1,1.2582474756817124
6,9,5,ckd-0122,1,qsvc,1,0.7555611707793616
6,9,5,ckd-0127,1,qsvc,1,1.0030682094897225
6,9,5,ckd-0132,1,qsvc,1,1.3184022879399122
6,9,5,ckd-0134,1,qsvc,1,1.2699296806700044
6,9,5,ckd-0152,1,qsvc,1,1.2394423117429034
6,9,5,ckd-0153,1,qsvc,1,1.0753417169437316
6,9,5,ckd-0157,1,qsvc,1,0.9998813612220526
6,9,5,ckd-0162,1,qsvc,1,1.010324279255483
6,9,5,ckd-0179,1,qsvc,1,0.9404522144619158
6,9,5,ckd-0184,1,qsvc,1,1.1313153459497807
6,9,5,ckd-0202,1,qsvc,1,0.6782057470529214
6,9,5,ckd-0203,1,qsvc,1,0.7539378879303704
6,9,5,ckd-0204,1,qsvc,1,0.820841491198053
6,9,5,ckd-0206,1,qsvc,1,0.6990236272076291
6,9,5,ckd-0210,1,qsvc,1,0.303147986550275
6,9,5,ckd-0213,1,qsvc,1,1.0107908253517728
6,9,5,ckd-0215,1,qsvc,1,1.0710188367760949
6,9,5,ckd-0223,1,qsvc,1,1.0002180560495382
6,9,5,ckd-0244,1,qsvc,1,0.8799708681584607
6,9,5,ckd-0256,0,qsvc,0,-0.578029051220229
6,9,5,ckd-0265,0,qsvc,0,-1.3909098108173024
6,9,5,ckd-0266,0,qsvc,0,-1.4552649520358294
6,9,5,ckd-0267,0,qsvc,0,-0.494411755127956
6,9,5,ckd-0271,0,qsvc,0,-1.0748613868909693
6,9,5,ckd-0273,0,qsvc,0,-1.3702422499733675
6,9,5,ckd-0280,0,qsvc,0,-1.4671177379082883
6,9,5,ckd-0284,0,qsvc,0,-1.3329102175168805
6,9,5,ckd-0285,0,qsvc,0,-0.9721601060481165
6,9,5,ckd-0287,0,qsvc,0,-1.3870145606401652
6,9,5,ckd-0299,0,qsvc,0,-1.2433605417294138
6,9,5,ckd-0305,0,qsvc,0,-1.0411563210986414
6,9,5,ckd-0310,0,qsvc,0,-0.7952341744677608
6,9,5,ckd-0314,0,qsvc,0,-0.35200934500814973
6,9,5,ckd-0322,0,qsvc,0,-1.3758993626720217
6,9,5,ckd-0339,0,qsvc,0,-0.994523217502494
6,9,5,ckd-0341,0,qsvc,0,-1.3349823529282858
6,9,5,ckd-0350,0,qsvc,0,-0.9532493308527202
6,9,5,ckd-0351,0,qsvc,0,-1.44526294733808
6,9,5,ckd-0353,0,qsvc,0,-1.554546229893195
6,9,5,ckd-0364,0,qsvc,0,-0.871246017427986
6,9,5,ckd-0366,0,qsvc,1,0.14169963459166512
6,9,5,ckd-0378,0,qsvc,0,-1.3001686375568786
6,9,5,ckd-0379,0,qsvc,0,-1.4345564533048725
6,10,1,ckd-0002,1,classical_rbf_svm,1,1.2452152603231312
6,10,1,ckd-0003,1,classical_rbf_svm,1,1.462680553807418
6,10,1,ckd-0004,1,classical_rbf_svm,1,1.0452914706289957
6,10,1,ckd-0013,1,classical_rbf_svm,1,1.3742334684249013
6,10,1,ckd-0021,1,classical_rbf_svm,1,1.2951271671208024
6,10,1,ckd-0026,1,classical_rbf_svm,1,1.555974709912986
6,10,1,ckd-0032,1,classical_rbf_svm,1,1.4288871173489386
6,10,1,ckd-0033,1,classical_rbf_svm,1,1.76667978339472
6,10,1,ckd-0036,1,classical_rbf_svm,1,1.938223884476206
6,10,1,ckd-0040,1,classical_rbf_svm,1,1.677822942469863
6,10,1,ckd-0047,1,classical_rbf_svm,1,1.622628461363309
6,10,1,ckd-0049,1,classical_rbf_svm,1,1.220619801302939
6,10,1,ckd-0062,1,classical_rbf_svm,1,1.459178443913792
6,10,1,ckd-0072,1,classical_rbf_svm,1,1.494505410364256
6,10,1,ckd-0075,1,classical_rbf_svm,1,1.501600480929545
6,10,1,ckd-0096,1,classical_rbf_svm,1,1.0414294589083057
6,10,1,ckd-0102,1,classical_rbf_svm,1,1.5859908422865305
6,10,1,ckd-0106,1,classical_rbf_svm,1,0.07991038784400506
6,10,1,ckd-0107,1,classical_rbf_svm,1,1.0819624728677066
6,10,1,ckd-0109,1,classical_rbf_svm,1,1.0953912096304426
6,10,1,ckd-0114,1,classical_rbf_svm,1,1.7844922387368962
6,10,1,ckd-0117,1,classical_rbf_svm,1,1.2927399085873001
6,10,1,ckd-0130,1,classical_rbf_svm,1,1.2016424178462306
6,10,1,ckd-0152,1,classical_rbf_svm,1,1.8129564600912578
6,10,1,ckd-0153,1,classical_rbf_svm,1,1.6427479444793467
6,10,1,ckd-0158,1,classical_rbf_svm,1,1.2867505381247155
6,10,1,ckd-0160,1,classical_rbf_svm,1,1.750331485111258
6,10,1,ckd-0163,1,classical_rbf_svm,1,1.761916863897163
6,10,1,ckd-0173,1,classical_rbf_svm,1,1.5922467851189137
6,10,1,ckd-0179,1,classical_rbf_svm,1,1.7520093447587872
6,10,1,ckd-0182,1,classical_rbf_svm,1,1.2918183957650453
6,10,1,ckd-0186,1,classical_rbf_svm,1,1.0642909641895497
6,10,1,ckd-0205,1,classical_rbf_svm,1,1.103569962015051
6,10,1,ckd-0208,1,classical_rbf_svm,1,1.6046447603998677
6,10,1,ckd-0214,1,classical_rbf_svm,1,1.4034121781902793
6,10,1,ckd-0219,1,classical_rbf_svm,1,1.2527751077074991
6,10,1,ckd-0224,1,classical_rbf_svm,1,1.5732106762570626
6,10,1,ckd-0230,1,classical_rbf_svm,1,1.292232928245206
6,10,1,ckd-0231,1,classical_rbf_svm,1,1.6977690159660177
6,10,1,ckd-0246,1,classical_rbf_svm,1,1.1426312584446112
6,10,1,ckd-0252,0,classical_rbf_svm,0,-1.094186721827477
6,10,1,ckd-0257,0,classical_rbf_svm,0,-1.0835779738716318
6,10,1,ckd-0259,0,classical_rbf_svm,0,-0.9773817810590195
6,10,1,ckd-0284,0,classical_rbf_svm,0,-1.2508133677905648
6,10,1,ckd-0288,0,classical_rbf_svm,0,-0.961564305277407
6,10,1,ckd-0292,0,classical_rbf_svm,0,-1.1558385243841605
6,10,1,ckd-0297,0,classical_rbf_svm,0,-1.10713117312574
6,10,1,ckd-0301,0,classical_rbf_svm,0,-1.1664964036925543
6,10,1,ckd-0315,0,classical_rbf_svm,0,-1.2265277881936754
6,10,1,ckd-0334,0,classical_rbf_svm,0,-1.1218567334895038
6,10,1,ckd-0335,0,classical_rbf_svm,0,-1.3596809514749102
6,10,1,ckd-0342,0,classical_rbf_svm,0,-0.780838485239123
6,10,1,ckd-0353,0,classical_rbf_svm,0,-1.353887987267701
6,10,1,ckd-0355,0,classical_rbf_svm,0,-1.1037280831003564
6,10,1,ckd-0357,0,classical_rbf_svm,0,-1.2924208043269283
6,10,1,ckd-0361,0,classical_rbf_svm,0,-1.283815080875302
6,10,1,ckd-0365,0,classical_rbf_svm,0,-1.4057203669781606
6,10,1,ckd-0368,0,classical_rbf_svm,0,-1.121341741688102
6,10,1,ckd-0384,0,classical_rbf_svm,0,-1.3147350781677265
6,10,1,ckd-0387,0,classical_rbf_svm,0,-1.3392820034445096
6,10,1,ckd-0389,0,classical_rbf_svm,0,-1.3640409648976581
6,10,1,ckd-0393,0,classical_rbf_svm,0,-1.2944191223792443
6,10,1,ckd-0395,0,classical_rbf_svm,0,-1.100771686368348
6,10,1,ckd-0399,0,classical_rbf_svm,0,-1.3095346801944203
6,10,1,ckd-0002,1,qsvc,1,0.5114215573395384
6,10,1,ckd-0003,1,qsvc,1,0.9518641633958493
6,10,1,ckd-0004,1,qsvc,1,1.1160881626865669
6,10,1,ckd-0013,1,qsvc,1,0.9987378111308014
6,10,1,ckd-0021,1,qsvc,1,0.9478768517107005
6,10,1,ckd-0026,1,qsvc,1,1.0326123659075417
6,10,1,ckd-0032,1,qsvc,1,1.0165510771401158
6,10,1,ckd-0033,1,qsvc,1,0.9940243501189377
6,10,1,ckd-0036,1,qsvc,1,0.9767893443141229
6,10,1,ckd-0040,1,qsvc,1,1.0654337237744027
6,10,1,ckd-0047,1,qsvc,1,1.0973207732223884
6,10,1,ckd-0049,1,qsvc,1,1.0622258037551504
6,10,1,ckd-0062,1,qsvc,1,1.3094086773318607
6,10,1,ckd-0072,1,qsvc,1,1.018816329471523
6,10,1,ckd-0075,1,qsvc,1,0.9964897597256365
6,10,1,ckd-0096,1,qsvc,1,1.168277517751192
6,10,1,ckd-0102,1,qsvc,1,0.9956540108793842
6,10,1,ckd-0106,1,qsvc,1,0.9664787286604695
6,10,1,ckd-0107,1,qsvc,1,1.0149981754947914
6,10,1,ckd-0109,1,qsvc,1,1.2614956894809075
6,10,1,ckd-0114,1,qsvc,1,1.0115090508975504
6,10,1,ckd-0117,1,qsvc,1,1.1971347157050194
6,10,1,ckd-0130,1,qsvc,1,0.9620117193729412
6,10,1,ckd-0152,1,qsvc,1,1.1246287666355925
6,10,1,ckd-0153,1,qsvc,1,1.0918879214506854
6,10,1,ckd-0158,1,qsvc,1,0.994854486423188
6,10,1,ckd-0160,1,qsvc,1,0.9761709470944974
6,10,1,ckd-0163,1,qsvc,1,1.0948533448105913
6,10,1,ckd-0173,1,qsvc,1,1.0956448937697014
6,10,1,ckd-0179,1,qsvc,1,0.95902915106057
6,10,1,ckd-0182,1,qsvc,1,0.9296782922778773
6,10,1,ckd-0186,1,qsvc,1,1.0461990219369313
6,10,1,ckd-0205,1,qsvc,1,1.0197531813348477
6,10,1,ckd-0208,1,qsvc,1,1.006931334401627
6,10,1,ckd-0214,1,qsvc,1,1.0653413223997215
6,10,1,ckd-0219,1,qsvc,1,1.167917339085494
6,10,1,ckd-0224,1,qsvc,1,1.023585419121947
6,10,1,ckd-0230,1,qsvc,1,1.0265562982416871
6,10,1,ckd-0231,1,qsvc,1,1.0198070792203102
6,10,1,ckd-0246,1,qsvc,1,0.33375959855644727
6,10,1,ckd-0252,0,qsvc,0,-0.9565019389589647
6,10,1,ckd-0257,0,qsvc,0,-0.9470810704444653
6,10,1,ckd-0259,0,qsvc,0,-1.224677512595624
6,10,1,ckd-0284,0,qsvc,0,-1.353463619266948
6,10,1,ckd-0288,0,qsvc,0,-0.6848405356921908
6,10,1,ckd-0292,0,qsvc,0,-1.127006049835321
6,10,1,ckd-0297,0,qsvc,0,-1.0673794763418587
6,10,1,ckd-0301,0,qsvc,0,-1.4043876230146637
6,10,1,ckd-0315,0,qsvc,0,-1.288310003110431
6,10,1,ckd-0334,0,qsvc,0,-1.0609665544955909
6,10,1,ckd-0335,0,qsvc,0,-1.492397986775114
6,10,1,ckd-0342,0,qsvc,0,-0.27332989084353543
6,10,1,ckd-0353,0,qsvc,0,-1.541603553419383
6,10,1,ckd-0355,0,qsvc,0,-0.9970510297134921
6,10,1,ckd-0357,0,qsvc,0,-1.3613627004970787
6,10,1,ckd-0361,0,qsvc,0,-1.3208599374254515
6,10,1,ckd-0365,0,qsvc,0,-1.5384802086096174
6,10,1,ckd-0368,0,qsvc,0,-1.0750162315087484
6,10,1,ckd-0384,0,qsvc,0,-1.2933857987718596
6,10,1,ckd-0387,0,qsvc,0,-1.4142506290476762
6,10,1,ckd-0389,0,qsvc,0,-1.5729823745762896
6,10,1,ckd-0393,0,qsvc,0,-1.5320123599057385
6,10,1,ckd-0395,0,qsvc,0,-1.3480929139053237
6,10,1,ckd-0399,0,qsvc,0,-1.1617581469156142
6,10,2,ckd-0001,1,classical_rbf_svm,1,0.17742432036751465
6,10,2,ckd-0010,1,classical_rbf_svm,1,1.5965559609828381
6,10,2,ckd-0014,1,classical_rbf_svm,1,1.8366342672723155
6,10,2,ckd-0015,1,classical_rbf_svm,1,0.933344314955324
6,10,2,ckd-0029,1,classical_rbf_svm,1,1.2196011600481032
6,10,2,ckd-0031,1,classical_rbf_svm,1,0.9497629547624334
6,10,2,ckd-0048,1,classical_rbf_svm,1,1.2801598063838897
6,10,2,ckd-0051,1,classical_rbf_svm,1,1.6391730072163702
6,10,2,ckd-0052,1,classical_rbf_svm,1,1.479301205217186
6,10,2,ckd-0068,1,classical_rbf_svm,1,1.382837596590249
6,10,2,ckd-0074,1,classical_rbf_svm,1,0.9310516869389074
6,10,2,ckd-0079,1,classical_rbf_svm,1,1.4309901410411046
6,10,2,ckd-0083,1,classical_rbf_svm,1,0.827485835658279
6,10,2,ckd-0086,1,classical_rbf_svm,1,1.7954157595880822
6,10,2,ckd-0089,1,classical_rbf_svm,1,1.2303216075299641
6,10,2,ckd-0098,1,classical_rbf_svm,1,1.918864358718341
6,10,2,ckd-0108,1,classical_rbf_svm,1,1.941064551170892
6,10,2,ckd-0115,1,classical_rbf_svm,1,1.432483272246306
6,10,2,ckd-0116,1,classical_rbf_svm,1,1.2351273076365963
6,10,2,ckd-0125,1,classical_rbf_svm,1,1.5050395916988148
6,10,2,ckd-0127,1,classical_rbf_svm,1,1.9804314993550243
6,10,2,ckd-0128,1,classical_rbf_svm,1,1.2680931541578888
6,10,2,ckd-0132,1,classical_rbf_svm,1,1.572033951961388
6,10,2,ckd-0133,1,classical_rbf_svm,1,1.3213403549606815
6,10,2,ckd-0140,1,classical_rbf_svm,1,1.6029889901271162
6,10,2,ckd-0147,1,classical_rbf_svm,1,1.7927265039208935
6,10,2,ckd-0150,1,classical_rbf_svm,1,1.4664090462941162
6,10,2,ckd-0154,1,classical_rbf_svm,1,1.0800899895753122
6,10,2,ckd-0155,1,classical_rbf_svm,1,0.9551769802728521
6,10,2,ckd-0170,1,classical_rbf_svm,1,1.335613983271969
6,10,2,ckd-0172,1,classical_rbf_svm,1,1.219929188676508
6,10,2,ckd-0176,1,classical_rbf_svm,1,1.3972985840992411
6,10,2,ckd-0188,1,classical_rbf_svm,1,1.5576459310269706
6,10,2,ckd-0190,1,classical_rbf_svm,1,1.0722769766847509
6,10,2,ckd-0195,1,classical_rbf_svm,1,1.7007219008964642
6,10,2,ckd-0198,1,classical_rbf_svm,1,1.3951089229142015
6,10,2,ckd-0202,1,classical_rbf_svm,1,1.2288782233478217
6,10,2,ckd-0233,1,classical_rbf_svm,1,1.1350984173164016
6,10,2,ckd-0236,1,classical_rbf_svm,1,1.1594707817277108
6,10,2,ckd-0237,1,classical_rbf_svm,1,1.4909489942281864
6,10,2,ckd-0251,0,classical_rbf_svm,0,-1.540944826969472
6,10,2,ckd-0255,0,classical_rbf_svm,0,-1.1470166730912683
6,10,2,ckd-0260,0,classical_rbf_svm,0,-1.3100175859834717
6,10,2,ckd-0262,0,classical_rbf_svm,0,-1.008954502930571
6,10,2,ckd-0267,0,classical_rbf_svm,0,-0.3838635658708872
6,10,2,ckd-0285,0,classical_rbf_svm,0,-1.1247033029845825
6,10,2,ckd-0290,0,classical_rbf_svm,0,-1.1827895919051432
6,10,2,ckd-0294,0,classical_rbf_svm,0,-1.3364771835747726
6,10,2,ckd-0302,0,classical_rbf_svm,0,-1.1740512892110546
6,10,2,ckd-0306,0,classical_rbf_svm,0,-0.9970236334120096
6,10,2,ckd-0312,0,classical_rbf_svm,0,-1.2556938737998116
6,10,2,ckd-0313,0,classical_rbf_svm,0,-1.3631974927982906
6,10,2,ckd-0314,0,classical_rbf_svm,0,-0.9425730549360426
6,10,2,ckd-0322,0,classical_rbf_svm,0,-1.1631502530632254
6,10,2,ckd-0332,0,classical_rbf_svm,0,-1.2462028776430225
6,10,2,ckd-0345,0,classical_rbf_svm,0,-0.9030652164194065
6,10,2,ckd-0351,0,classical_rbf_svm,0,-1.4052242989586081
6,10,2,ckd-0352,0,classical_rbf_svm,0,-0.8652322578826089
6,10,2,ckd-0362,0,classical_rbf_svm,0,-0.95348669749796
6,10,2,ckd-0371,0,classical_rbf_svm,0,-1.270600580288511
6,10,2,ckd-0382,0,classical_rbf_svm,0,-1.1288308101413058
6,10,2,ckd-0391,0,classical_rbf_svm,0,-1.3481750678347928
6,10,2,ckd-0397,0,classical_rbf_svm,0,-1.021931257073701
6,10,2,ckd-0400,0,classical_rbf_svm,0,-1.2208663868478182
6,10,2,ckd-0001,1,qsvc,1,0.9742905811514091
6,10,2,ckd-0010,1,qsvc,1,0.9243746541239451
6,10,2,ckd-0014,1,qsvc,1,0.9342204365193384
6,10,2,ckd-0015,1,qsvc,1,0.9146228788336611
6,10,2,ckd-0029,1,qsvc,1,1.0406682638230347
6,10,2,ckd-0031,1,qsvc,1,1.0576427373740342
6,10,2,ckd-0048,1,qsvc,1,0.5203151863128261
6,10,2,ckd-0051,1,qsvc,1,0.9624051641310905
6,10,2,ckd-0052,1,qsvc,1,1.0078146313046914
6,10,2,ckd-0068,1,qsvc,1,0.9709851141112886
6,10,2,ckd-0074,1,qsvc,1,1.058223284341878
6,10,2,ckd-0079,1,qsvc,1,0.17217676616579036
6,10,2,ckd-0083,1,qsvc,1,1.006923867406411
6,10,2,ckd-0086,1,qsvc,1,0.9079058617439759
6,10,2,ckd-0089,1,qsvc,1,0.9906872258242088
6,10,2,ckd-0098,1,qsvc,1,0.9730461633645464
6,10,2,ckd-0108,1,qsvc,1,1.0456884458425568
6,10,2,ckd-0115,1,qsvc,1,1.167673064231116
6,10,2,ckd-0116,1,qsvc,1,0.3024145263939413
6,10,2,ckd-0125,1,qsvc,1,1.0368871255441658
6,10,2,ckd-0127,1,qsvc,1,1.0096145088512845
6,10,2,ckd-0128,1,qsvc,1,1.0075509543663421
6,10,2,ckd-0132,1,qsvc,1,1.3865454002226154
6,10,2,ckd-0133,1,qsvc,0,-1.1804217375269948
6,10,2,ckd-0140,1,qsvc,1,1.0028072701681108
6,10,2,ckd-0147,1,qsvc,1,1.0519524955611095
6,10,2,ckd-0150,1,qsvc,1,0.8279299917522909
6,10,2,ckd-0154,1,qsvc,1,0.9735214879017186
6,10,2,ckd-0155,1,qsvc,1,0.9183748475176117
6,10,2,ckd-0170,1,qsvc,1,0.8912117782257002
6,10,2,ckd-0172,1,qsvc,1,0.7449456272786982
6,10,2,ckd-0176,1,qsvc,1,0.8794482074964611
6,10,2,ckd-0188,1,qsvc,1,1.0478801135776292
6,10,2,ckd-0190,1,qsvc,1,1.0192131954798234
6,10,2,ckd-0195,1,qsvc,1,1.0630402031505846
6,10,2,ckd-0198,1,qsvc,1,0.9965995931626628
6,10,2,ckd-0202,1,qsvc,1,1.0149780732943745
6,10,2,ckd-0233,1,qsvc,1,1.1793872118722692
6,10,2,ckd-0236,1,qsvc,1,1.1491360307792522
6,10,2,ckd-0237,1,qsvc,1,0.9897129399543199
6,10,2,ckd-0251,0,qsvc,0,-1.4196690061109776
6,10,2,ckd-0255,0,qsvc,0,-0.8924823948184297
6,10,2,ckd-0260,0,qsvc,0,-1.231077002308875
6,10,2,ckd-0262,0,qsvc,0,-0.6331902773578211
6,10,2,ckd-0267,0,qsvc,0,-0.6086590897808999
6,10,2,ckd-0285,0,qsvc,0,-0.9769171453750525
6,10,2,ckd-0290,0,qsvc,0,-0.9918492995315531
6,10,2,ckd-0294,0,qsvc,0,-1.2916871639084955
6,10,2,ckd-0302,0,qsvc,0,-0.4931088118408944
6,10,2,ckd-0306,0,qsvc,0,-0.5943205040657056
6,10,2,ckd-0312,0,qsvc,0,-1.2069100790654337
6,10,2,ckd-0313,0,qsvc,0,-1.3168385592608296
6,10,2,ckd-0314,0,qsvc,0,-0.6704198923465041
6,10,2,ckd-0322,0,qsvc,0,-1.1316114250478388
6,10,2,ckd-0332,0,qsvc,0,-1.1825843802974838
6,10,2,ckd-0345,0,qsvc,0,-1.0771947046816244
6,10,2,ckd-0351,0,qsvc,0,-1.109931541630902
6,10,2,ckd-0352,0,qsvc,0,-0.27673236342967833
6,10,2,ckd-0362,0,qsvc,0,-0.4242334260289984
6,10,2,ckd-0371,0,qsvc,0,-1.202467886394665
6,10,2,ckd-0382,0,qsvc,0,-0.5332251728516866
6,10,2,ckd-0391,0,qsvc,0,-1.1162150430488547
6,10,2,ckd-0397,0,qsvc,0,-0.8457521722344534
6,10,2,ckd-0400,0,qsvc,0,-1.092464019971882
6,10,3,ckd-0012,1,classical_rbf_svm,1,1.2945609012684693
6,10,3,ckd-0019,1,classical_rbf_svm,1,0.63217387326883
6,10,3,ckd-0020,1,classical_rbf_svm,1,1.604410357710917
6,10,3,ckd-0022,1,classical_rbf_svm,1,1.6608206919303803
6,10,3,ckd-0024,1,classical_rbf_svm,1,1.4230567514388512
6,10,3,ckd-0027,1,classical_rbf_svm,1,1.9969092474179893
6,10,3,ckd-0028,1,classical_rbf_svm,1,1.3240456151928355
6,10,3,ckd-0064,1,classical_rbf_svm,1,1.4177785992454979
6,10,3,ckd-0066,1,classical_rbf_svm,1,0.6372650869535998
6,10,3,ckd-0076,1,classical_rbf_svm,1,1.4606476408492512
6,10,3,ckd-0081,1,classical_rbf_svm,1,1.645016608916752
6,10,3,ckd-0082,1,classical_rbf_svm,1,1.6115963905227992
6,10,3,ckd-0085,1,classical_rbf_svm,1,1.0638237115371059
6,10,3,ckd-0090,1,classical_rbf_svm,1,0.8500202906357143
6,10,3,ckd-0091,1,classical_rbf_svm,1,1.2559146583611491
6,10,3,ckd-0092,1,classical_rbf_svm,1,0.8827622459990041
6,10,3,ckd-0093,1,classical_rbf_svm,1,1.2954629549062946
6,10,3,ckd-0097,1,classical_rbf_svm,1,1.7594807948235154
6,10,3,ckd-0101,1,classical_rbf_svm,1,1.1342896475155284
6,10,3,ckd-0105,1,classical_rbf_svm,1,1.4998084036569728
6,10,3,ckd-0111,1,classical_rbf_svm,1,1.30971979153277
6,10,3,ckd-0120,1,classical_rbf_svm,1,1.2006102827532974
6,10,3,ckd-0134,1,classical_rbf_svm,1,1.1503829655363969
6,10,3,ckd-0136,1,classical_rbf_svm,1,1.6680343162053397
6,10,3,ckd-0156,1,classical_rbf_svm,1,1.25627336290109
6,10,3,ckd-0157,1,classical_rbf_svm,1,1.4816350367199274
6,10,3,ckd-0161,1,classical_rbf_svm,1,1.9276303338718994
6,10,3,ckd-0169,1,classical_rbf_svm,1,1.2105469657328753
6,10,3,ckd-0171,1,classical_rbf_svm,1,1.629676527380297
6,10,3,ckd-0174,1,classical_rbf_svm,1,0.7509043985607713
6,10,3,ckd-0175,1,classical_rbf_svm,1,0.9917601230292308
6,10,3,ckd-0181,1,classical_rbf_svm,1,1.5108837431561901
6,10,3,ckd-0184,1,classical_rbf_svm,1,1.285655834818302
6,10,3,ckd-0185,1,classical_rbf_svm,1,1.4320646832435957
6,10,3,ckd-0187,1,classical_rbf_svm,1,1.093270742102089
6,10,3,ckd-0196,1,classical_rbf_svm,1,1.2576799695762082
6,10,3,ckd-0216,1,classical_rbf_svm,1,1.2174625090636162
6,10,3,ckd-0228,1,classical_rbf_svm,1,1.8273391432846209
6,10,3,ckd-0232,1,classical_rbf_svm,1,1.5138350215172092
6,10,3,ckd-0238,1,classical_rbf_svm,1,1.717030006522318
6,10,3,ckd-0256,0,classical_rbf_svm,0,-1.174429074895538
6,10,3,ckd-0263,0,classical_rbf_svm,0,-1.1612019947510257
6,10,3,ckd-0269,0,classical_rbf_svm,0,-1.1094002168455808
6,10,3,ckd-0271,0,classical_rbf_svm,0,-1.0703750561455798
6,10,3,ckd-0274,0,classical_rbf_svm,1,0.02369433823168554
6,10,3,ckd-0283,0,classical_rbf_svm,0,-1.0890268788653026
6,10,3,ckd-0289,0,classical_rbf_svm,0,-1.3720574819512767
6,10,3,ckd-0300,0,classical_rbf_svm,0,-1.2307244727101
6,10,3,ckd-0310,0,classical_rbf_svm,0,-0.9519979554221369
6,10,3,ckd-0319,0,classical_rbf_svm,0,-0.9883159027464681
6,10,3,ckd-0324,0,classical_rbf_svm,0,-1.4341039117420664
6,10,3,ckd-0328,0,classical_rbf_svm,0,-1.0609408392351536
6,10,3,ckd-0349,0,classical_rbf_svm,0,-0.8184792301219512
6,10,3,ckd-0358,0,classical_rbf_svm,0,-0.9758877997458102
6,10,3,ckd-0363,0,classical_rbf_svm,0,-1.1042892181054982
6,10,3,ckd-0364,0,classical_rbf_svm,0,-1.1043395606430002
6,10,3,ckd-0367,0,classical_rbf_svm,0,-1.4463296967688863
6,10,3,ckd-0369,0,classical_rbf_svm,0,-1.4126302411887586
6,10,3,ckd-0370,0,classical_rbf_svm,0,-0.9546462713510329
6,10,3,ckd-0378,0,classical_rbf_svm,0,-1.11452695742046
6,10,3,ckd-0386,0,classical_rbf_svm,0,-1.1442900164193495
6,10,3,ckd-0388,0,classical_rbf_svm,0,-1.2582322395094734
6,10,3,ckd-0396,0,classical_rbf_svm,0,-1.3283602402315509
6,10,3,ckd-0398,0,classical_rbf_svm,0,-1.3222573229150953
6,10,3,ckd-0012,1,qsvc,1,0.9903376977591362
6,10,3,ckd-0019,1,qsvc,1,0.9936302405401045
6,10,3,ckd-0020,1,qsvc,1,1.0814754600699588
6,10,3,ckd-0022,1,qsvc,1,1.0696859428746075
6,10,3,ckd-0024,1,qsvc,1,0.9760037296753914
6,10,3,ckd-0027,1,qsvc,1,0.9942367055183217
6,10,3,ckd-0028,1,qsvc,1,1.031954928136028
6,10,3,ckd-0064,1,qsvc,1,0.7937713304431913
6,10,3,ckd-0066,1,qsvc,1,0.19320215920542316
6,10,3,ckd-0076,1,qsvc,1,0.628740002859828
6,10,3,ckd-0081,1,qsvc,1,1.065318373486033
6,10,3,ckd-0082,1,qsvc,1,0.9308445209583323
6,10,3,ckd-0085,1,qsvc,1,0.8930145059623575
6,10,3,ckd-0090,1,qsvc,1,1.0019597843909607
6,10,3,ckd-0091,1,qsvc,1,1.3319049342148115
6,10,3,ckd-0092,1,qsvc,1,0.749466086175536
6,10,3,ckd-0093,1,qsvc,1,1.0662893079248996
6,10,3,ckd-0097,1,qsvc,1,1.01379039027326
6,10,3,ckd-0101,1,qsvc,1,1.2482595301125827
6,10,3,ckd-0105,1,qsvc,1,1.060146390344345
6,10,3,ckd-0111,1,qsvc,1,1.1521931663369216
6,10,3,ckd-0120,1,qsvc,1,0.9998522795374531
6,10,3,ckd-0134,1,qsvc,1,1.23563178991124
6,10,3,ckd-0136,1,qsvc,1,1.0141473878772262
6,10,3,ckd-0156,1,qsvc,1,0.9687686943047265
6,10,3,ckd-0157,1,qsvc,1,1.000230309345373
6,10,3,ckd-0161,1,qsvc,1,1.0690962900563667
6,10,3,ckd-0169,1,qsvc,1,1.0947505491033755
6,10,3,ckd-0171,1,qsvc,1,0.9161824331853744
6,10,3,ckd-0174,1,qsvc,1,1.1763940589127784
6,10,3,ckd-0175,1,qsvc,1,1.0244635243114901
6,10,3,ckd-0181,1,qsvc,1,0.9951083856881068
6,10,3,ckd-0184,1,qsvc,1,1.149960757340372
6,10,3,ckd-0185,1,qsvc,1,0.9824228656798453
6,10,3,ckd-0187,1,qsvc,0,-0.15545729330931102
6,10,3,ckd-0196,1,qsvc,1,0.9225557337795809
6,10,3,ckd-0216,1,qsvc,1,0.9579152544472418
6,10,3,ckd-0228,1,qsvc,1,1.0786148199914676
6,10,3,ckd-0232,1,qsvc,1,1.0764973016230495
6,10,3,ckd-0238,1,qsvc,1,0.9745302494269225
6,10,3,ckd-0256,0,qsvc,0,-0.6146335581654433
6,10,3,ckd-0263,0,qsvc,0,-1.3500002445806607
6,10,3,ckd-0269,0,qsvc,0,-0.7526766613149464
6,10,3,ckd-0271,0,qsvc,0,-1.051763603331914
6,10,3,ckd-0274,0,qsvc,0,-0.15292508238272284
6,10,3,ckd-0283,0,qsvc,0,-1.3165014114031441
6,10,3,ckd-0289,0,qsvc,0,-1.4304599895721304
6,10,3,ckd-0300,0,qsvc,0,-1.1929775016822415
6,10,3,ckd-0310,0,qsvc,0,-0.7964294617158371
6,10,3,ckd-0319,0,qsvc,0,-0.7561511131918449
6,10,3,ckd-0324,0,qsvc,0,-1.6336039376609945
6,10,3,ckd-0328,0,qsvc,0,-1.007042292773642
6,10,3,ckd-0349,0,qsvc,0,-1.0836387511751893
6,10,3,ckd-0358,0,qsvc,0,-0.8481485437426378
6,10,3,ckd-0363,0,qsvc,0,-1.1612203169458661
6,10,3,ckd-0364,0,qsvc,0,-0.8767624234253953
6,10,3,ckd-0367,0,qsvc,0,-1.6459407159852208
6,10,3,ckd-0369,0,qsvc,0,-1.6153968890557504
6,10,3,ckd-0370,0,qsvc,0,-1.208224861571857
6,10,3,ckd-0378,0,qsvc,0,-1.2257034768758586
6,10,3,ckd-0386,0,qsvc,0,-0.764977581767439
6,10,3,ckd-0388,0,qsvc,0,-1.2608998074357745
6,10,3,ckd-0396,0,qsvc,0,-1.4198565733815909
6,10,3,ckd-0398,0,qsvc,0,-1.3076758904100414
6,10,4,ckd-0006,1,classical_rbf_svm,1,1.4049756874012336
6,10,4,ckd-0007,1,classical_rbf_svm,1,1.5109117937227432
6,10,4,ckd-0009,1,classical_rbf_svm,1,1.3794788452009703
6,10,4,ckd-0023,1,classical_rbf_svm,1,0.9877715898533925
6,10,4,ckd-0025,1,classical_rbf_svm,1,1.138289402625205
6,10,4,ckd-0034,1,classical_rbf_svm,1,1.526475194660346
6,10,4,ckd-0042,1,classical_rbf_svm,1,1.3827921751766268
6,10,4,ckd-0057,1,classical_rbf_svm,1,1.3258400460148163
6,10,4,ckd-0058,1,classical_rbf_svm,1,1.3643510923492317
6,10,4,ckd-0059,1,classical_rbf_svm,1,1.5769508293333998
6,10,4,ckd-0063,1,classical_rbf_svm,1,1.3174104280090622
6,10,4,ckd-0080,1,classical_rbf_svm,1,1.7384601391805417
6,10,4,ckd-0088,1,classical_rbf_svm,1,1.3634789490158208
6,10,4,ckd-0099,1,classical_rbf_svm,1,1.09918418612975
6,10,4,ckd-0112,1,classical_rbf_svm,1,1.264184775982059
6,10,4,ckd-0113,1,classical_rbf_svm,1,1.3118796117151468
6,10,4,ckd-0119,1,classical_rbf_svm,1,1.336401547180938
6,10,4,ckd-0122,1,classical_rbf_svm,1,0.9347561456799566
6,10,4,ckd-0126,1,classical_rbf_svm,1,1.3643510923492317
6,10,4,ckd-0129,1,classical_rbf_svm,1,1.0058753845793031
6,10,4,ckd-0138,1,classical_rbf_svm,1,1.4158016763430057
6,10,4,ckd-0146,1,classical_rbf_svm,1,0.9434294785616997
6,10,4,ckd-0162,1,classical_rbf_svm,1,1.2830686060626204
6,10,4,ckd-0167,1,classical_rbf_svm,1,0.7271138490079817
6,10,4,ckd-0177,1,classical_rbf_svm,1,0.9956910022011298
6,10,4,ckd-0191,1,classical_rbf_svm,1,1.0601453862092654
6,10,4,ckd-0204,1,classical_rbf_svm,1,1.4704785609462088
6,10,4,ckd-0206,1,classical_rbf_svm,1,0.5854185945942362
6,10,4,ckd-0207,1,classical_rbf_svm,1,1.3734219248982367
6,10,4,ckd-0210,1,classical_rbf_svm,1,0.3352678767845406
6,10,4,ckd-0211,1,classical_rbf_svm,1,0.9819935710424652
6,10,4,ckd-0213,1,classical_rbf_svm,1,1.3624095785411918
6,10,4,ckd-0218,1,classical_rbf_svm,1,1.813221164752333
6,10,4,ckd-0222,1,classical_rbf_svm,1,1.1072061250957304
6,10,4,ckd-0223,1,classical_rbf_svm,1,0.8596458575930935
6,10,4,ckd-0226,1,classical_rbf_svm,1,1.3505543903892647
6,10,4,ckd-0227,1,classical_rbf_svm,1,1.020686290469572
6,10,4,ckd-0242,1,classical_rbf_svm,1,1.651323450265283
6,10,4,ckd-0244,1,classical_rbf_svm,1,0.22447737182113114
6,10,4,ckd-0248,1,classical_rbf_svm,1,0.6266248509024245
6,10,4,ckd-0253,0,classical_rbf_svm,0,-1.4987436729048356
6,10,4,ckd-0254,0,classical_rbf_svm,0,-1.3386966043364317
6,10,4,ckd-0258,0,classical_rbf_svm,0,-1.109694923981345
6,10,4,ckd-0265,0,classical_rbf_svm,0,-1.2348156860334307
6,10,4,ckd-0272,0,classical_rbf_svm,0,-1.0576532106875494
6,10,4,ckd-0276,0,classical_rbf_svm,0,-1.2381492304911603
6,10,4,ckd-0279,0,classical_rbf_svm,0,-1.1150731953858841
6,10,4,ckd-0281,0,classical_rbf_svm,0,-0.9694872608695752
6,10,4,ckd-0282,0,classical_rbf_svm,0,-1.266310768922712
6,10,4,ckd-0295,0,classical_rbf_svm,0,-0.6929390853368323
6,10,4,ckd-0303,0,classical_rbf_svm,0,-1.3087936991487008
6,10,4,ckd-0304,0,classical_rbf_svm,0,-1.1778018529383893
6,10,4,ckd-0323,0,classical_rbf_svm,0,-1.2416535193760025
6,10,4,ckd-0326,0,classical_rbf_svm,0,-1.167966518922643
6,10,4,ckd-0327,0,classical_rbf_svm,0,-1.083429682830341
6,10,4,ckd-0339,0,classical_rbf_svm,0,-1.1050935493359892
6,10,4,ckd-0340,0,classical_rbf_svm,0,-0.9877723513266673
6,10,4,ckd-0341,0,classical_rbf_svm,0,-1.2598048807526698
6,10,4,ckd-0348,0,classical_rbf_svm,0,-1.1387587979413802
6,10,4,ckd-0366,0,classical_rbf_svm,0,-0.09247046958183724
6,10,4,ckd-0374,0,classical_rbf_svm,0,-1.299964019596143
6,10,4,ckd-0377,0,classical_rbf_svm,0,-1.1143933884579682
6,10,4,ckd-0383,0,classical_rbf_svm,0,-1.2037028764249036
6,10,4,ckd-0385,0,classical_rbf_svm,0,-1.1242615745861815
6,10,4,ckd-0006,1,qsvc,1,1.1193778651127146
6,10,4,ckd-0007,1,qsvc,1,1.1992291963202992
6,10,4,ckd-0009,1,qsvc,1,1.0715053808912365
6,10,4,ckd-0023,1,qsvc,1,0.17534199024931996
6,10,4,ckd-0025,1,qsvc,1,1.0677508740692305
6,10,4,ckd-0034,1,qsvc,1,1.0148305482590718
6,10,4,ckd-0042,1,qsvc,1,0.9997450214514283
6,10,4,ckd-0057,1,qsvc,1,1.0249342267212547
6,10,4,ckd-0058,1,qsvc,1,1.0618412039981486
6,10,4,ckd-0059,1,qsvc,1,0.9624672022305026
6,10,4,ckd-0063,1,qsvc,1,1.0986887193109531
6,10,4,ckd-0080,1,qsvc,1,0.9716198649416083
6,10,4,ckd-0088,1,qsvc,1,1.007508270856012
6,10,4,ckd-0099,1,qsvc,1,1.0624062632027742
6,10,4,ckd-0112,1,qsvc,1,1.0177659437520075
6,10,4,ckd-0113,1,qsvc,1,1.133919593234364
6,10,4,ckd-0119,1,qsvc,1,0.9468478450018918
6,10,4,ckd-0122,1,qsvc,1,0.8653718876266687
6,10,4,ckd-0126,1,qsvc,1,1.0618412039981486
6,10,4,ckd-0129,1,qsvc,1,1.221760931177622
6,10,4,ckd-0138,1,qsvc,1,0.9808801148409821
6,10,4,ckd-0146,1,qsvc,1,0.9875348662926995
6,10,4,ckd-0162,1,qsvc,1,1.0758763241961031
6,10,4,ckd-0167,1,qsvc,1,1.0118827260571381
6,10,4,ckd-0177,1,qsvc,0,-0.14311423964745118
6,10,4,ckd-0191,1,qsvc,1,0.7119018186075885
6,10,4,ckd-0204,1,qsvc,1,0.895172485027612
6,10,4,ckd-0206,1,qsvc,1,0.7744536489621532
6,10,4,ckd-0207,1,qsvc,1,0.7943289096395201
6,10,4,ckd-0210,1,qsvc,0,-0.029795457298757433
6,10,4,ckd-0211,1,qsvc,1,1.1685567226234965
6,10,4,ckd-0213,1,qsvc,1,1.0148364261372615
6,10,4,ckd-0218,1,qsvc,1,1.0418039883407246
6,10,4,ckd-0222,1,qsvc,1,1.0297198949049382
6,10,4,ckd-0223,1,qsvc,1,1.000198194709474
6,10,4,ckd-0226,1,qsvc,1,1.0773325758854275
6,10,4,ckd-0227,1,qsvc,1,1.2320080620750777
6,10,4,ckd-0242,1,qsvc,1,1.0670170892898678
6,10,4,ckd-0244,1,qsvc,1,0.9095463735520787
6,10,4,ckd-0248,1,qsvc,1,1.007734857134639
6,10,4,ckd-0253,0,qsvc,0,-1.5021548808267173
6,10,4,ckd-0254,0,qsvc,0,-1.3856376271081041
6,10,4,ckd-0258,0,qsvc,0,-1.2102455892358148
6,10,4,ckd-0265,0,qsvc,0,-1.1447301586652563
6,10,4,ckd-0272,0,qsvc,0,-0.9097550072898362
6,10,4,ckd-0276,0,qsvc,0,-1.1772997591266532
6,10,4,ckd-0279,0,qsvc,0,-1.1924421224259523
6,10,4,ckd-0281,0,qsvc,0,-0.48976710608037877
6,10,4,ckd-0282,0,qsvc,0,-1.302003183554234
6,10,4,ckd-0295,0,qsvc,0,-0.7935696226297104
6,10,4,ckd-0303,0,qsvc,0,-1.2847920428222008
6,10,4,ckd-0304,0,qsvc,0,-0.7988012945766247
6,10,4,ckd-0323,0,qsvc,0,-1.2217540711678687
6,10,4,ckd-0326,0,qsvc,0,-1.045509160387603
6,10,4,ckd-0327,0,qsvc,0,-1.148836460937863
6,10,4,ckd-0339,0,qsvc,0,-0.9678934326113997
6,10,4,ckd-0340,0,qsvc,0,-1.0211589791935525
6,10,4,ckd-0341,0,qsvc,0,-1.2556728280370666
6,10,4,ckd-0348,0,qsvc,0,-0.6855631117536671
6,10,4,ckd-0366,0,qsvc,0,-0.18260892606851042
6,10,4,ckd-0374,0,qsvc,0,-1.2873990863336684
6,10,4,ckd-0377,0,qsvc,0,-1.0457602584918697
6,10,4,ckd-0383,0,qsvc,0,-1.124853135407227
6,10,4,ckd-0385,0,qsvc,0,-1.178338710871118
6,10,5,ckd-0005,1,classical_rbf_svm,1,1.4827972735740533
6,10,5,ckd-0008,1,classical_rbf_svm,1,1.539714525442852
6,10,5,ckd-0018,1,classical_rbf_svm,1,0.9064538558513822
6,10,5,ckd-0030,1,classical_rbf_svm,1,1.3271142840675867
6,10,5,ckd-0038,1,classical_rbf_svm,1,1.7005447709562889
6,10,5,ckd-0045,1,classical_rbf_svm,1,1.1991865776999946
6,10,5,ckd-0053,1,classical_rbf_svm,1,1.654546794345307
6,10,5,ckd-0055,1,classical_rbf_svm,1,1.471321262265093
6,10,5,ckd-0060,1,classical_rbf_svm,1,1.3442551091434471
6,10,5,ckd-0069,1,classical_rbf_svm,1,1.497354134251535
6,10,5,ckd-0073,1,classical_rbf_svm,1,1.3548171332917993
6,10,5,ckd-0077,1,classical_rbf_svm,1,1.0185604944221958
6,10,5,ckd-0078,1,classical_rbf_svm,1,1.59338408729197
6,10,5,ckd-0094,1,classical_rbf_svm,1,1.2141588480478243
6,10,5,ckd-0095,1,classical_rbf_svm,1,1.5318861616911277
6,10,5,ckd-0121,1,classical_rbf_svm,1,1.2925330359644693
6,10,5,ckd-0123,1,classical_rbf_svm,1,1.139157984750144
6,10,5,ckd-0131,1,classical_rbf_svm,1,1.112826718766083
6,10,5,ckd-0139,1,classical_rbf_svm,1,1.4078170097123053
6,10,5,ckd-0141,1,classical_rbf_svm,1,1.1818594664132844
6,10,5,ckd-0166,1,classical_rbf_svm,1,0.8828649236201801
6,10,5,ckd-0178,1,classical_rbf_svm,1,1.5679391315769091
6,10,5,ckd-0180,1,classical_rbf_svm,1,1.5101853397505236
6,10,5,ckd-0183,1,classical_rbf_svm,1,0.8582061244729986
6,10,5,ckd-0189,1,classical_rbf_svm,1,0.2778734977912558
6,10,5,ckd-0192,1,classical_rbf_svm,1,1.154176383413418
6,10,5,ckd-0193,1,classical_rbf_svm,1,0.6459036006777634
6,10,5,ckd-0194,1,classical_rbf_svm,1,0.9240410770830416
6,10,5,ckd-0197,1,classical_rbf_svm,1,1.1069568064108193
6,10,5,ckd-0199,1,classical_rbf_svm,1,1.190630574437634
6,10,5,ckd-0200,1,classical_rbf_svm,1,1.3285589333146746
6,10,5,ckd-0201,1,classical_rbf_svm,1,1.14210420091102
6,10,5,ckd-0203,1,classical_rbf_svm,1,1.3454859514760034
6,10,5,ckd-0215,1,classical_rbf_svm,1,0.8834318511081818
6,10,5,ckd-0217,1,classical_rbf_svm,1,1.2069085548220597
6,10,5,ckd-0220,1,classical_rbf_svm,1,1.3517562527228542
6,10,5,ckd-0221,1,classical_rbf_svm,1,1.323468585980768
6,10,5,ckd-0234,1,classical_rbf_svm,1,1.5794641814957893
6,10,5,ckd-0247,1,classical_rbf_svm,1,1.2009158367125483
6,10,5,ckd-0249,1,classical_rbf_svm,1,1.609142715912564
6,10,5,ckd-0266,0,classical_rbf_svm,0,-1.2043101595956958
6,10,5,ckd-0270,0,classical_rbf_svm,0,-1.46442072039781
6,10,5,ckd-0273,0,classical_rbf_svm,0,-1.2250565776146014
6,10,5,ckd-0277,0,classical_rbf_svm,0,-0.9699900152300032
6,10,5,ckd-0280,0,classical_rbf_svm,0,-1.4143363581126716
6,10,5,ckd-0287,0,classical_rbf_svm,0,-1.134254945041496
6,10,5,ckd-0298,0,classical_rbf_svm,0,-1.4508308289912102
6,10,5,ckd-0299,0,classical_rbf_svm,0,-1.040850038206876
6,10,5,ckd-0305,0,classical_rbf_svm,0,-1.0234464373832473
6,10,5,ckd-0307,0,classical_rbf_svm,0,-1.2276875926785622
6,10,5,ckd-0308,0,classical_rbf_svm,0,-0.8490520965728139
6,10,5,ckd-0316,0,classical_rbf_svm,0,-1.3072736077489484
6,10,5,ckd-0317,0,classical_rbf_svm,0,-1.344973830587493
6,10,5,ckd-0318,0,classical_rbf_svm,0,-0.8564502196024315
6,10,5,ckd-0320,0,classical_rbf_svm,0,-0.09183335196272346
6,10,5,ckd-0325,0,classical_rbf_svm,0,-0.09183335196272346
6,10,5,ckd-0344,0,classical_rbf_svm,0,-1.3524388627289174
6,10,5,ckd-0350,0,classical_rbf_svm,0,-1.2899595889597686
6,10,5,ckd-0359,0,classical_rbf_svm,0,-0.7253571665611511
6,10,5,ckd-0372,0,classical_rbf_svm,0,-1.0182234210081422
6,10,5,ckd-0373,0,classical_rbf_svm,0,-1.2236157619623356
6,10,5,ckd-0376,0,classical_rbf_svm,0,-1.3276519518601684
6,10,5,ckd-0379,0,classical_rbf_svm,0,-1.2753493519793313
6,10,5,ckd-0381,0,classical_rbf_svm,0,-1.0977449265250008
6,10,5,ckd-0005,1,qsvc,1,1.034320944745123
6,10,5,ckd-0008,1,qsvc,1,0.9272926001283859
6,10,5,ckd-0018,1,qsvc,1,0.997011055000748
6,10,5,ckd-0030,1,qsvc,1,0.4416581803613473
6,10,5,ckd-0038,1,qsvc,1,0.9988056566939382
6,10,5,ckd-0045,1,qsvc,1,1.0078883027466636
6,10,5,ckd-0053,1,qsvc,1,1.0554508147083668
6,10,5,ckd-0055,1,qsvc,1,1.3057075765782367
6,10,5,ckd-0060,1,qsvc,1,1.0035263726579033
6,10,5,ckd-0069,1,qsvc,1,1.0161967142177613
6,10,5,ckd-0073,1,qsvc,1,0.9203325899965815
6,10,5,ckd-0077,1,qsvc,1,1.1106889025962936
6,10,5,ckd-0078,1,qsvc,1,1.0359250535974274
6,10,5,ckd-0094,1,qsvc,1,1.0068922868291459
6,10,5,ckd-0095,1,qsvc,1,1.1247416528248304
6,10,5,ckd-0121,1,qsvc,1,1.023046815870463
6,10,5,ckd-0123,1,qsvc,0,-1.152518848445986
6,10,5,ckd-0131,1,qsvc,1,1.0558959114408877
6,10,5,ckd-0139,1,qsvc,1,1.1661007658112243
6,10,5,ckd-0141,1,qsvc,1,0.899534955872508
6,10,5,ckd-0166,1,qsvc,1,1.0726784176931634
6,10,5,ckd-0178,1,qsvc,1,0.9796880261700197
6,10,5,ckd-0180,1,qsvc,1,1.1232609591833271
6,10,5,ckd-0183,1,qsvc,1,0.9865002029278246
6,10,5,ckd-0189,1,qsvc,1,0.38888874155801534
6,10,5,ckd-0192,1,qsvc,1,1.0026257318308331
6,10,5,ckd-0193,1,qsvc,1,1.340688163486247
6,10,5,ckd-0194,1,qsvc,1,0.9786343019954545
6,10,5,ckd-0197,1,qsvc,1,0.9939231006027391
6,10,5,ckd-0199,1,qsvc,1,0.9291457446228152
6,10,5,ckd-0200,1,qsvc,1,0.9924882221088837
6,10,5,ckd-0201,1,qsvc,1,1.0371765348120299
6,10,5,ckd-0203,1,qsvc,1,0.9812820764002201
6,10,5,ckd-0215,1,qsvc,1,1.1903641246250336
6,10,5,ckd-0217,1,qsvc,1,1.0323772106528255
6,10,5,ckd-0220,1,qsvc,1,0.9837060861442501
6,10,5,ckd-0221,1,qsvc,1,1.3920182588643932
6,10,5,ckd-0234,1,qsvc,1,1.0003591711133737
6,10,5,ckd-0247,1,qsvc,1,1.0862020460743338
6,10,5,ckd-0249,1,qsvc,1,1.0402680154782529
6,10,5,ckd-0266,0,qsvc,0,-1.33826920160785
6,10,5,ckd-0270,0,qsvc,0,-1.5877497428756708
6,10,5,ckd-0273,0,qsvc,0,-1.3045769139721481
6,10,5,ckd-0277,0,qsvc,0,-0.7835185009944691
6,10,5,ckd-0280,0,qsvc,0,-1.5097434998899932
6,10,5,ckd-0287,0,qsvc,0,-1.423491989332081
6,10,5,ckd-0298,0,qsvc,0,-1.6240955246215734
6,10,5,ckd-0299,0,qsvc,0,-1.0822214256544558
6,10,5,ckd-0305,0,qsvc,0,-0.8542897683270859
6,10,5,ckd-0307,0,qsvc,0,-1.3000187726270491
6,10,5,ckd-0308,0,qsvc,0,-1.0321905168975274
6,10,5,ckd-0316,0,qsvc,0,-1.258437689054488
6,10,5,ckd-0317,0,qsvc,0,-1.531366686116923
6,10,5,ckd-0318,0,qsvc,0,-1.2417497493178828
6,10,5,ckd-0320,0,qsvc,0,-0.0949607522870759
6,10,5,ckd-0325,0,qsvc,0,-0.0949607522870759
6,10,5,ckd-0344,0,qsvc,0,-1.4011409020463597
6,10,5,ckd-0350,0,qsvc,0,-1.1155832967923445
6,10,5,ckd-0359,0,qsvc,0,-0.8534721723146269
6,10,5,ckd-0372,0,qsvc,0,-0.8126514169281519
6,10,5,ckd-0373,0,qsvc,0,-1.2890899397295659
6,10,5,ckd-0376,0,qsvc,0,-1.5206706319701935
6,10,5,ckd-0379,0,qsvc,0,-1.4092380409672298
6,10,5,ckd-0381,0,qsvc,0,-1.1595920725634357
