repeat,fold,representation,selector,budget,model,selected_features,best_params,accuracy,sensitivity,specificity,precision,f1,roc_auc,pr_auc,tn,fp,fn,tp,runtime_seconds,pca_explained_variance
1,1,full,none,24,logistic_regression,"[""age"", ""bp"", ""sg"", ""al"", ""su"", ""rbc"", ""pc"", ""pcc"", ""ba"", ""bgr"", ""bu"", ""sc"", ""sod"", ""pot"", ""hemo"", ""pcv"", ""wc"", ""rc"", ""htn"", ""dm"", ""cad"", ""appet"", ""pe"", ""ane""]","{""model__C"": 10.0, ""model__class_weight"": null}",1.0,1.0,1.0,1.0,1.0,1.0,1.0,24,0,0,40,0.23860654199961573,
1,1,full,none,24,svm_rbf,"[""age"", ""bp"", ""sg"", ""al"", ""su"", ""rbc"", ""pc"", ""pcc"", ""ba"", ""bgr"", ""bu"", ""sc"", ""sod"", ""pot"", ""hemo"", ""pcv"", ""wc"", ""rc"", ""htn"", ""dm"", ""cad"", ""appet"", ""pe"", ""ane""]","{""model__C"": 0.5, ""model__class_weight"": null, ""model__gamma"": ""scale""}",1.0,1.0,1.0,1.0,1.0,1.0,1.0,24,0,0,40,0.435593375004828,
1,1,full,none,24,random_forest,"[""age"", ""bp"", ""sg"", ""al"", ""su"", ""rbc"", ""pc"", ""pcc"", ""ba"", ""bgr"", ""bu"", ""sc"", ""sod"", ""pot"", ""hemo"", ""pcv"", ""wc"", ""rc"", ""htn"", ""dm"", ""cad"", ""appet"", ""pe"", ""ane""]","{""model__class_weight"": ""balanced_subsample"", ""model__max_depth"": null, ""model__min_samples_leaf"": 1, ""model__n_estimators"": 300}",1.0,1.0,1.0,1.0,1.0,1.0,1.0,24,0,0,40,2.778355707996525,
1,1,full,none,24,xgboost,"[""age"", ""bp"", ""sg"", ""al"", ""su"", ""rbc"", ""pc"", ""pcc"", ""ba"", ""bgr"", ""bu"", ""sc"", ""sod"", ""pot"", ""hemo"", ""pcv"", ""wc"", ""rc"", ""htn"", ""dm"", ""cad"", ""appet"", ""pe"", ""ane""]","{""model__learning_rate"": 0.05, ""model__max_depth"": 2, ""model__n_estimators"": 150}",1.0,1.0,1.0,1.0,1.0,1.0,1.0000000000000002,24,0,0,40,0.2878398329921765,
1,1,selected,mutual_information,8,logistic_regression,"[""hemo"", ""pcv"", ""rc"", ""sc"", ""al"", ""sg"", ""dm"", ""sod""]","{""model__C"": 10.0, ""model__class_weight"": null}",1.0,1.0,1.0,1.0,1.0,1.0,1.0,24,0,0,40,0.1578935829893453,
1,1,selected,mutual_information,8,svm_rbf,"[""hemo"", ""pcv"", ""rc"", ""sc"", ""al"", ""sg"", ""dm"", ""sod""]","{""model__C"": 8.0, ""model__class_weight"": ""balanced"", ""model__gamma"": ""scale""}",1.0,1.0,1.0,1.0,1.0,1.0,1.0,24,0,0,40,0.3063257909961976,
1,1,selected,mutual_information,8,xgboost,"[""hemo"", ""pcv"", ""rc"", ""sc"", ""al"", ""sg"", ""dm"", ""sod""]","{""model__learning_rate"": 0.05, ""model__max_depth"": 2, ""model__n_estimators"": 150}",1.0,1.0,1.0,1.0,1.0,1.0,0.9999999999999999,24,0,0,40,0.20518320800329093,
1,1,selected,mutual_information,6,logistic_regression,"[""hemo"", ""pcv"", ""rc"", ""sc"", ""al"", ""sg""]","{""model__C"": 10.0, ""model__class_weight"": null}",0.984375,1.0,0.9583333333333334,0.975609756097561,0.9876543209876543,1.0,1.0,23,1,0,40,0.1119585830019787,
1,1,selected,mutual_information,6,svm_rbf,"[""hemo"", ""pcv"", ""rc"", ""sc"", ""al"", ""sg""]","{""model__C"": 8.0, ""model__class_weight"": null, ""model__gamma"": ""scale""}",0.984375,1.0,0.9583333333333334,0.975609756097561,0.9876543209876543,1.0,1.0,23,1,0,40,0.19919837500492577,
1,1,selected,mutual_information,6,xgboost,"[""hemo"", ""pcv"", ""rc"", ""sc"", ""al"", ""sg""]","{""model__learning_rate"": 0.05, ""model__max_depth"": 2, ""model__n_estimators"": 150}",1.0,1.0,1.0,1.0,1.0,1.0,0.9999999999999999,24,0,0,40,0.16786483299802057,
1,1,selected,mutual_information,4,logistic_regression,"[""hemo"", ""pcv"", ""rc"", ""sc""]","{""model__C"": 10.0, ""model__class_weight"": null}",0.953125,0.95,0.9583333333333334,0.9743589743589743,0.9620253164556962,0.9718749999999999,0.9887644621638526,23,1,2,38,0.10943550000956748,
1,1,selected,mutual_information,4,svm_rbf,"[""hemo"", ""pcv"", ""rc"", ""sc""]","{""model__C"": 8.0, ""model__class_weight"": null, ""model__gamma"": 0.1}",0.953125,0.95,0.9583333333333334,0.9743589743589743,0.9620253164556962,0.9781249999999999,0.990117119722383,23,1,2,38,0.19955620799737517,
1,1,selected,mutual_information,4,xgboost,"[""hemo"", ""pcv"", ""rc"", ""sc""]","{""model__learning_rate"": 0.05, ""model__max_depth"": 2, ""model__n_estimators"": 300}",0.96875,0.975,0.9583333333333334,0.975,0.975,0.99375,0.9964612470862472,23,1,1,39,0.17440591601189226,
1,1,selected,wrapper_rfe,8,logistic_regression,"[""hemo"", ""al"", ""dm"", ""sg"", ""pcv"", ""appet"", ""htn"", ""sc""]","{""model__C"": 1.0, ""model__class_weight"": null}",1.0,1.0,1.0,1.0,1.0,1.0,1.0,24,0,0,40,0.17506079100712668,
1,1,selected,wrapper_rfe,8,svm_rbf,"[""hemo"", ""al"", ""dm"", ""sg"", ""pcv"", ""appet"", ""htn"", ""sc""]","{""model__C"": 0.5, ""model__class_weight"": null, ""model__gamma"": ""scale""}",1.0,1.0,1.0,1.0,1.0,1.0,1.0,24,0,0,40,0.31562970799859613,
1,1,selected,wrapper_rfe,8,xgboost,"[""hemo"", ""al"", ""dm"", ""sg"", ""pcv"", ""appet"", ""htn"", ""sc""]","{""model__learning_rate"": 0.05, ""model__max_depth"": 3, ""model__n_estimators"": 150}",1.0,1.0,1.0,1.0,1.0,1.0,1.0,24,0,0,40,0.20824170899868477,
1,1,selected,wrapper_rfe,6,logistic_regression,"[""hemo"", ""al"", ""dm"", ""sg"", ""pcv"", ""appet""]","{""model__C"": 10.0, ""model__class_weight"": null}",1.0,1.0,1.0,1.0,1.0,1.0,1.0,24,0,0,40,0.16443566700036172,
1,1,selected,wrapper_rfe,6,svm_rbf,"[""hemo"", ""al"", ""dm"", ""sg"", ""pcv"", ""appet""]","{""model__C"": 0.5, ""model__class_weight"": ""balanced"", ""model__gamma"": ""scale""}",1.0,1.0,1.0,1.0,1.0,1.0,1.0,24,0,0,40,0.3008457499963697,
1,1,selected,wrapper_rfe,6,xgboost,"[""hemo"", ""al"", ""dm"", ""sg"", ""pcv"", ""appet""]","{""model__learning_rate"": 0.05, ""model__max_depth"": 3, ""model__n_estimators"": 150}",0.984375,1.0,0.9583333333333334,0.975609756097561,0.9876543209876543,1.0,1.0,23,1,0,40,0.20229383300465997,
1,1,selected,wrapper_rfe,4,logistic_regression,"[""hemo"", ""al"", ""dm"", ""sg""]","{""model__C"": 10.0, ""model__class_weight"": null}",1.0,1.0,1.0,1.0,1.0,1.0,1.0,24,0,0,40,0.1560124999959953,
1,1,selected,wrapper_rfe,4,svm_rbf,"[""hemo"", ""al"", ""dm"", ""sg""]","{""model__C"": 0.5, ""model__class_weight"": ""balanced"", ""model__gamma"": ""scale""}",0.984375,0.975,1.0,1.0,0.9873417721518988,1.0,1.0,24,0,1,39,0.289748541006702,
1,1,selected,wrapper_rfe,4,xgboost,"[""hemo"", ""al"", ""dm"", ""sg""]","{""model__learning_rate"": 0.05, ""model__max_depth"": 2, ""model__n_estimators"": 150}",0.984375,1.0,0.9583333333333334,0.975609756097561,0.9876543209876543,1.0,1.0,23,1,0,40,0.19188529100210872,
1,1,selected,permutation_importance,8,logistic_regression,"[""sg"", ""hemo"", ""al"", ""sc"", ""dm"", ""htn"", ""pcv"", ""age""]","{""model__C"": 1.0, ""model__class_weight"": null}",1.0,1.0,1.0,1.0,1.0,1.0,1.0,24,0,0,40,0.1645769580063643,
1,1,selected,permutation_importance,8,svm_rbf,"[""sg"", ""hemo"", ""al"", ""sc"", ""dm"", ""htn"", ""pcv"", ""age""]","{""model__C"": 8.0, ""model__class_weight"": null, ""model__gamma"": ""scale""}",1.0,1.0,1.0,1.0,1.0,1.0,1.0,24,0,0,40,0.29926425000303425,
1,1,selected,permutation_importance,8,xgboost,"[""sg"", ""hemo"", ""al"", ""sc"", ""dm"", ""htn"", ""pcv"", ""age""]","{""model__learning_rate"": 0.05, ""model__max_depth"": 2, ""model__n_estimators"": 150}",1.0,1.0,1.0,1.0,1.0,1.0,1.0,24,0,0,40,0.205046917006257,
1,1,selected,permutation_importance,6,logistic_regression,"[""sg"", ""hemo"", ""al"", ""sc"", ""dm"", ""htn""]","{""model__C"": 0.1, ""model__class_weight"": null}",1.0,1.0,1.0,1.0,1.0,1.0,1.0,24,0,0,40,0.16338116599945351,
1,1,selected,permutation_importance,6,svm_rbf,"[""sg"", ""hemo"", ""al"", ""sc"", ""dm"", ""htn""]","{""model__C"": 0.5, ""model__class_weight"": null, ""model__gamma"": ""scale""}",1.0,1.0,1.0,1.0,1.0,1.0,1.0,24,0,0,40,0.2986872090114048,
1,1,selected,permutation_importance,6,xgboost,"[""sg"", ""hemo"", ""al"", ""sc"", ""dm"", ""htn""]","{""model__learning_rate"": 0.05, ""model__max_depth"": 3, ""model__n_estimators"": 150}",1.0,1.0,1.0,1.0,1.0,1.0,0.9999999999999999,24,0,0,40,0.2075592500041239,
1,1,selected,permutation_importance,4,logistic_regression,"[""sg"", ""hemo"", ""al"", ""sc""]","{""model__C"": 10.0, ""model__class_weight"": null}",0.984375,1.0,0.9583333333333334,0.975609756097561,0.9876543209876543,1.0,1.0,23,1,0,40,0.10957537499780301,
1,1,selected,permutation_importance,4,svm_rbf,"[""sg"", ""hemo"", ""al"", ""sc""]","{""model__C"": 0.5, ""model__class_weight"": ""balanced"", ""model__gamma"": ""scale""}",1.0,1.0,1.0,1.0,1.0,1.0,1.0,24,0,0,40,0.19799141700787004,
1,1,selected,permutation_importance,4,xgboost,"[""sg"", ""hemo"", ""al"", ""sc""]","{""model__learning_rate"": 0.05, ""model__max_depth"": 3, ""model__n_estimators"": 150}",1.0,1.0,1.0,1.0,1.0,1.0,1.0,24,0,0,40,0.16379654199408833,
1,1,pca,pca,8,logistic_regression,latent_components_not_clinical_variables,"{""model__C"": 0.1, ""model__class_weight"": null}",1.0,1.0,1.0,1.0,1.0,1.0,1.0,24,0,0,40,0.24521208299847785,0.8175942057861136
1,1,pca,pca,8,svm_rbf,latent_components_not_clinical_variables,"{""model__C"": 2.0, ""model__class_weight"": null, ""model__gamma"": 0.1}",1.0,1.0,1.0,1.0,1.0,1.0,1.0,24,0,0,40,0.4521364579995861,0.8175942057861136
1,1,pca,pca,6,logistic_regression,latent_components_not_clinical_variables,"{""model__C"": 0.1, ""model__class_weight"": null}",1.0,1.0,1.0,1.0,1.0,1.0,1.0,24,0,0,40,0.23941650000051595,0.7173282295673812
1,1,pca,pca,6,svm_rbf,latent_components_not_clinical_variables,"{""model__C"": 0.5, ""model__class_weight"": null, ""model__gamma"": ""scale""}",1.0,1.0,1.0,1.0,1.0,1.0,1.0,24,0,0,40,0.4557148750027409,0.7173282295673812
1,1,pca,pca,4,logistic_regression,latent_components_not_clinical_variables,"{""model__C"": 0.1, ""model__class_weight"": null}",1.0,1.0,1.0,1.0,1.0,1.0,1.0,24,0,0,40,0.2375235409999732,0.5966428601536372
1,1,pca,pca,4,svm_rbf,latent_components_not_clinical_variables,"{""model__C"": 0.5, ""model__class_weight"": null, ""model__gamma"": ""scale""}",1.0,1.0,1.0,1.0,1.0,1.0,1.0,24,0,0,40,0.44847574998857453,0.5966428601536372
1,2,full,none,24,logistic_regression,"[""age"", ""bp"", ""sg"", ""al"", ""su"", ""rbc"", ""pc"", ""pcc"", ""ba"", ""bgr"", ""bu"", ""sc"", ""sod"", ""pot"", ""hemo"", ""pcv"", ""wc"", ""rc"", ""htn"", ""dm"", ""cad"", ""appet"", ""pe"", ""ane""]","{""model__C"": 0.1, ""model__class_weight"": null}",1.0,1.0,1.0,1.0,1.0,1.0,1.0,24,0,0,40,0.24174941699311603,
1,2,full,none,24,svm_rbf,"[""age"", ""bp"", ""sg"", ""al"", ""su"", ""rbc"", ""pc"", ""pcc"", ""ba"", ""bgr"", ""bu"", ""sc"", ""sod"", ""pot"", ""hemo"", ""pcv"", ""wc"", ""rc"", ""htn"", ""dm"", ""cad"", ""appet"", ""pe"", ""ane""]","{""model__C"": 2.0, ""model__class_weight"": null, ""model__gamma"": ""scale""}",1.0,1.0,1.0,1.0,1.0,1.0,1.0,24,0,0,40,0.4461244169942802,
1,2,full,none,24,random_forest,"[""age"", ""bp"", ""sg"", ""al"", ""su"", ""rbc"", ""pc"", ""pcc"", ""ba"", ""bgr"", ""bu"", ""sc"", ""sod"", ""pot"", ""hemo"", ""pcv"", ""wc"", ""rc"", ""htn"", ""dm"", ""cad"", ""appet"", ""pe"", ""ane""]","{""model__class_weight"": ""balanced_subsample"", ""model__max_depth"": null, ""model__min_samples_leaf"": 1, ""model__n_estimators"": 300}",0.984375,1.0,0.9583333333333334,0.975609756097561,0.9876543209876543,1.0,1.0,23,1,0,40,2.759019832999911,
1,2,full,none,24,xgboost,"[""age"", ""bp"", ""sg"", ""al"", ""su"", ""rbc"", ""pc"", ""pcc"", ""ba"", ""bgr"", ""bu"", ""sc"", ""sod"", ""pot"", ""hemo"", ""pcv"", ""wc"", ""rc"", ""htn"", ""dm"", ""cad"", ""appet"", ""pe"", ""ane""]","{""model__learning_rate"": 0.05, ""model__max_depth"": 2, ""model__n_estimators"": 150}",0.953125,0.975,0.9166666666666666,0.9512195121951219,0.9629629629629629,0.996875,0.9981845238095238,22,2,1,39,0.27709862499614246,
1,2,selected,mutual_information,8,logistic_regression,"[""hemo"", ""pcv"", ""rc"", ""sc"", ""sg"", ""sod"", ""htn"", ""al""]","{""model__C"": 10.0, ""model__class_weight"": null}",0.96875,0.975,0.9583333333333334,0.975,0.975,0.9989583333333334,0.999390243902439,23,1,1,39,0.1616592079953989,
1,2,selected,mutual_information,8,svm_rbf,"[""hemo"", ""pcv"", ""rc"", ""sc"", ""sg"", ""sod"", ""htn"", ""al""]","{""model__C"": 0.5, ""model__class_weight"": null, ""model__gamma"": ""scale""}",0.96875,0.975,0.9583333333333334,0.975,0.975,0.9979166666666667,0.998765243902439,23,1,1,39,0.2955804170051124,
1,2,selected,mutual_information,8,xgboost,"[""hemo"", ""pcv"", ""rc"", ""sc"", ""sg"", ""sod"", ""htn"", ""al""]","{""model__learning_rate"": 0.05, ""model__max_depth"": 2, ""model__n_estimators"": 150}",0.96875,0.975,0.9583333333333334,0.975,0.975,0.9979166666666666,0.9988095238095239,23,1,1,39,0.20225862500956282,
1,2,selected,mutual_information,6,logistic_regression,"[""hemo"", ""pcv"", ""rc"", ""sc"", ""sg"", ""sod""]","{""model__C"": 10.0, ""model__class_weight"": null}",0.953125,0.95,0.9583333333333334,0.9743589743589743,0.9620253164556962,0.9927083333333333,0.9959415584415584,23,1,2,38,0.11125354201067239,
1,2,selected,mutual_information,6,svm_rbf,"[""hemo"", ""pcv"", ""rc"", ""sc"", ""sg"", ""sod""]","{""model__C"": 2.0, ""model__class_weight"": null, ""model__gamma"": 0.1}",0.96875,0.975,0.9583333333333334,0.975,0.975,0.9927083333333333,0.9959561965811965,23,1,1,39,0.200469957999303,
1,2,selected,mutual_information,6,xgboost,"[""hemo"", ""pcv"", ""rc"", ""sc"", ""sg"", ""sod""]","{""model__learning_rate"": 0.05, ""model__max_depth"": 2, ""model__n_estimators"": 150}",0.96875,0.975,0.9583333333333334,0.975,0.975,0.9958333333333333,0.9976308139534884,23,1,1,39,0.16901499999221414,
1,2,selected,mutual_information,4,logistic_regression,"[""hemo"", ""pcv"", ""rc"", ""sc""]","{""model__C"": 10.0, ""model__class_weight"": ""balanced""}",0.9375,0.925,0.9583333333333334,0.9736842105263158,0.9487179487179487,0.98125,0.9898708151727438,23,1,3,37,0.1597819580056239,
1,2,selected,mutual_information,4,svm_rbf,"[""hemo"", ""pcv"", ""rc"", ""sc""]","{""model__C"": 0.5, ""model__class_weight"": ""balanced"", ""model__gamma"": 0.1}",0.9375,0.925,0.9583333333333334,0.9736842105263158,0.9487179487179487,0.9791666666666666,0.9887577251251239,23,1,3,37,0.20306720900407527,
1,2,selected,mutual_information,4,xgboost,"[""hemo"", ""pcv"", ""rc"", ""sc""]","{""model__learning_rate"": 0.05, ""model__max_depth"": 2, ""model__n_estimators"": 150}",0.9375,0.95,0.9166666666666666,0.95,0.95,0.9802083333333333,0.9899755894260538,22,2,2,38,0.1704817499994533,
1,2,selected,wrapper_rfe,8,logistic_regression,"[""hemo"", ""dm"", ""sg"", ""al"", ""pcv"", ""htn"", ""appet"", ""sc""]","{""model__C"": 1.0, ""model__class_weight"": ""balanced""}",0.984375,0.975,1.0,1.0,0.9873417721518988,1.0,1.0,24,0,1,39,0.175493208997068,
1,2,selected,wrapper_rfe,8,svm_rbf,"[""hemo"", ""dm"", ""sg"", ""al"", ""pcv"", ""htn"", ""appet"", ""sc""]","{""model__C"": 0.5, ""model__class_weight"": null, ""model__gamma"": ""scale""}",1.0,1.0,1.0,1.0,1.0,1.0,1.0,24,0,0,40,0.31868662500346545,
1,2,selected,wrapper_rfe,8,xgboost,"[""hemo"", ""dm"", ""sg"", ""al"", ""pcv"", ""htn"", ""appet"", ""sc""]","{""model__learning_rate"": 0.05, ""model__max_depth"": 2, ""model__n_estimators"": 150}",0.953125,0.975,0.9166666666666666,0.9512195121951219,0.9629629629629629,0.9979166666666667,0.9988095238095238,22,2,1,39,0.21038879199477378,
1,2,selected,wrapper_rfe,6,logistic_regression,"[""hemo"", ""dm"", ""sg"", ""al"", ""pcv"", ""htn""]","{""model__C"": 10.0, ""model__class_weight"": null}",0.953125,0.975,0.9166666666666666,0.9512195121951219,0.9629629629629629,0.9979166666666666,0.998809523809524,22,2,1,39,0.1660034579981584,
1,2,selected,wrapper_rfe,6,svm_rbf,"[""hemo"", ""dm"", ""sg"", ""al"", ""pcv"", ""htn""]","{""model__C"": 0.5, ""model__class_weight"": null, ""model__gamma"": ""scale""}",0.953125,0.975,0.9166666666666666,0.9512195121951219,0.9629629629629629,0.9979166666666666,0.998809523809524,22,2,1,39,0.3040298330015503,
1,2,selected,wrapper_rfe,6,xgboost,"[""hemo"", ""dm"", ""sg"", ""al"", ""pcv"", ""htn""]","{""model__learning_rate"": 0.05, ""model__max_depth"": 2, ""model__n_estimators"": 150}",0.96875,1.0,0.9166666666666666,0.9523809523809523,0.975609756097561,0.99375,0.9963400116144017,22,2,0,40,0.19986824999796227,
1,2,selected,wrapper_rfe,4,logistic_regression,"[""hemo"", ""dm"", ""sg"", ""al""]","{""model__C"": 10.0, ""model__class_weight"": null}",0.953125,0.975,0.9166666666666666,0.9512195121951219,0.9629629629629629,0.9968750000000001,0.9982558139534885,22,2,1,39,0.15892612500465475,
1,2,selected,wrapper_rfe,4,svm_rbf,"[""hemo"", ""dm"", ""sg"", ""al""]","{""model__C"": 0.5, ""model__class_weight"": null, ""model__gamma"": ""scale""}",1.0,1.0,1.0,1.0,1.0,0.9999999999999999,1.0,24,0,0,40,0.29005754098761827,
1,2,selected,wrapper_rfe,4,xgboost,"[""hemo"", ""dm"", ""sg"", ""al""]","{""model__learning_rate"": 0.05, ""model__max_depth"": 2, ""model__n_estimators"": 150}",0.953125,0.975,0.9166666666666666,0.9512195121951219,0.9629629629629629,0.99375,0.9963704994192799,22,2,1,39,0.19376575000933371,
1,2,selected,permutation_importance,8,logistic_regression,"[""sg"", ""hemo"", ""al"", ""htn"", ""dm"", ""sc"", ""pcv"", ""bgr""]","{""model__C"": 0.1, ""model__class_weight"": null}",0.984375,0.975,1.0,1.0,0.9873417721518988,0.9979166666666666,0.9988095238095238,24,0,1,39,0.1690314169973135,
1,2,selected,permutation_importance,8,svm_rbf,"[""sg"", ""hemo"", ""al"", ""htn"", ""dm"", ""sc"", ""pcv"", ""bgr""]","{""model__C"": 0.5, ""model__class_weight"": null, ""model__gamma"": ""scale""}",0.984375,0.975,1.0,1.0,0.9873417721518988,1.0,1.0,24,0,1,39,0.31188470899360254,
1,2,selected,permutation_importance,8,xgboost,"[""sg"", ""hemo"", ""al"", ""htn"", ""dm"", ""sc"", ""pcv"", ""bgr""]","{""model__learning_rate"": 0.05, ""model__max_depth"": 2, ""model__n_estimators"": 150}",0.953125,0.975,0.9166666666666666,0.9512195121951219,0.9629629629629629,0.9979166666666667,0.9988095238095238,22,2,1,39,0.20831045899831224,
1,2,selected,permutation_importance,6,logistic_regression,"[""sg"", ""hemo"", ""al"", ""htn"", ""dm"", ""sc""]","{""model__C"": 1.0, ""model__class_weight"": null}",0.984375,0.975,1.0,1.0,0.9873417721518988,0.996875,0.9982558139534884,24,0,1,39,0.16772258300625253,
1,2,selected,permutation_importance,6,svm_rbf,"[""sg"", ""hemo"", ""al"", ""htn"", ""dm"", ""sc""]","{""model__C"": 0.5, ""model__class_weight"": null, ""model__gamma"": ""scale""}",0.984375,0.975,1.0,1.0,0.9873417721518988,1.0,1.0,24,0,1,39,0.3042768330051331,
1,2,selected,permutation_importance,6,xgboost,"[""sg"", ""hemo"", ""al"", ""htn"", ""dm"", ""sc""]","{""model__learning_rate"": 0.05, ""model__max_depth"": 2, ""model__n_estimators"": 150}",0.984375,0.975,1.0,1.0,0.9873417721518988,0.996875,0.9982558139534883,24,0,1,39,0.2003163330082316,
1,2,selected,permutation_importance,4,logistic_regression,"[""sg"", ""hemo"", ""al"", ""htn""]","{""model__C"": 1.0, ""model__class_weight"": null}",0.953125,0.975,0.9166666666666666,0.9512195121951219,0.9629629629629629,0.9979166666666668,0.9988095238095239,22,2,1,39,0.15873583299980965,
1,2,selected,permutation_importance,4,svm_rbf,"[""sg"", ""hemo"", ""al"", ""htn""]","{""model__C"": 0.5, ""model__class_weight"": ""balanced"", ""model__gamma"": ""scale""}",0.984375,0.975,1.0,1.0,0.9873417721518988,1.0,1.0,24,0,1,39,0.2894362920051208,
1,2,selected,permutation_importance,4,xgboost,"[""sg"", ""hemo"", ""al"", ""htn""]","{""model__learning_rate"": 0.05, ""model__max_depth"": 2, ""model__n_estimators"": 150}",0.96875,1.0,0.9166666666666666,0.9523809523809523,0.975609756097561,0.9958333333333332,0.9975900116144019,22,2,0,40,0.19300658399879467,
1,2,pca,pca,8,logistic_regression,latent_components_not_clinical_variables,"{""model__C"": 0.1, ""model__class_weight"": null}",1.0,1.0,1.0,1.0,1.0,1.0,1.0,24,0,0,40,0.24679745800676756,0.8175310560005984
1,2,pca,pca,8,svm_rbf,latent_components_not_clinical_variables,"{""model__C"": 2.0, ""model__class_weight"": null, ""model__gamma"": ""scale""}",0.984375,1.0,0.9583333333333334,0.975609756097561,0.9876543209876543,1.0,1.0,23,1,0,40,0.456859333004104,0.8175310560005984
1,2,pca,pca,6,logistic_regression,latent_components_not_clinical_variables,"{""model__C"": 0.1, ""model__class_weight"": null}",0.984375,1.0,0.9583333333333334,0.975609756097561,0.9876543209876543,0.9989583333333334,0.999390243902439,23,1,0,40,0.2429374170023948,0.7248536959009667
1,2,pca,pca,6,svm_rbf,latent_components_not_clinical_variables,"{""model__C"": 2.0, ""model__class_weight"": null, ""model__gamma"": ""scale""}",0.984375,1.0,0.9583333333333334,0.975609756097561,0.9876543209876543,1.0,1.0,23,1,0,40,0.4855827080027666,0.7248536959009667
1,2,pca,pca,4,logistic_regression,latent_components_not_clinical_variables,"{""model__C"": 0.1, ""model__class_weight"": null}",0.96875,0.975,0.9583333333333334,0.975,0.975,0.9989583333333334,0.999390243902439,23,1,1,39,0.24161533400183544,0.5996425922294615
1,2,pca,pca,4,svm_rbf,latent_components_not_clinical_variables,"{""model__C"": 0.5, ""model__class_weight"": null, ""model__gamma"": ""scale""}",0.984375,1.0,0.9583333333333334,0.975609756097561,0.9876543209876543,0.9989583333333334,0.999390243902439,23,1,0,40,0.4582507080049254,0.5996425922294615
1,3,full,none,24,logistic_regression,"[""age"", ""bp"", ""sg"", ""al"", ""su"", ""rbc"", ""pc"", ""pcc"", ""ba"", ""bgr"", ""bu"", ""sc"", ""sod"", ""pot"", ""hemo"", ""pcv"", ""wc"", ""rc"", ""htn"", ""dm"", ""cad"", ""appet"", ""pe"", ""ane""]","{""model__C"": 0.1, ""model__class_weight"": null}",0.984375,0.975,1.0,1.0,0.9873417721518988,1.0,1.0,24,0,1,39,0.24092312500579283,
1,3,full,none,24,svm_rbf,"[""age"", ""bp"", ""sg"", ""al"", ""su"", ""rbc"", ""pc"", ""pcc"", ""ba"", ""bgr"", ""bu"", ""sc"", ""sod"", ""pot"", ""hemo"", ""pcv"", ""wc"", ""rc"", ""htn"", ""dm"", ""cad"", ""appet"", ""pe"", ""ane""]","{""model__C"": 0.5, ""model__class_weight"": null, ""model__gamma"": ""scale""}",0.96875,0.95,1.0,1.0,0.9743589743589743,1.0,1.0,24,0,2,38,0.4457186250074301,
1,3,full,none,24,random_forest,"[""age"", ""bp"", ""sg"", ""al"", ""su"", ""rbc"", ""pc"", ""pcc"", ""ba"", ""bgr"", ""bu"", ""sc"", ""sod"", ""pot"", ""hemo"", ""pcv"", ""wc"", ""rc"", ""htn"", ""dm"", ""cad"", ""appet"", ""pe"", ""ane""]","{""model__class_weight"": ""balanced_subsample"", ""model__max_depth"": null, ""model__min_samples_leaf"": 1, ""model__n_estimators"": 300}",1.0,1.0,1.0,1.0,1.0,1.0,1.0,24,0,0,40,2.76401983400865,
1,3,full,none,24,xgboost,"[""age"", ""bp"", ""sg"", ""al"", ""su"", ""rbc"", ""pc"", ""pcc"", ""ba"", ""bgr"", ""bu"", ""sc"", ""sod"", ""pot"", ""hemo"", ""pcv"", ""wc"", ""rc"", ""htn"", ""dm"", ""cad"", ""appet"", ""pe"", ""ane""]","{""model__learning_rate"": 0.05, ""model__max_depth"": 2, ""model__n_estimators"": 150}",0.984375,0.975,1.0,1.0,0.9873417721518988,1.0,1.0,24,0,1,39,0.2794024589966284,
1,3,selected,mutual_information,8,logistic_regression,"[""hemo"", ""pcv"", ""rc"", ""sc"", ""sg"", ""al"", ""htn"", ""sod""]","{""model__C"": 10.0, ""model__class_weight"": null}",1.0,1.0,1.0,1.0,1.0,1.0,1.0,24,0,0,40,0.1625636249955278,
1,3,selected,mutual_information,8,svm_rbf,"[""hemo"", ""pcv"", ""rc"", ""sc"", ""sg"", ""al"", ""htn"", ""sod""]","{""model__C"": 0.5, ""model__class_weight"": null, ""model__gamma"": ""scale""}",0.984375,0.975,1.0,1.0,0.9873417721518988,1.0,1.0,24,0,1,39,0.2995743329956895,
1,3,selected,mutual_information,8,xgboost,"[""hemo"", ""pcv"", ""rc"", ""sc"", ""sg"", ""al"", ""htn"", ""sod""]","{""model__learning_rate"": 0.05, ""model__max_depth"": 2, ""model__n_estimators"": 150}",0.984375,0.975,1.0,1.0,0.9873417721518988,1.0,1.0,24,0,1,39,0.20407116600836162,
1,3,selected,mutual_information,6,logistic_regression,"[""hemo"", ""pcv"", ""rc"", ""sc"", ""sg"", ""al""]","{""model__C"": 1.0, ""model__class_weight"": null}",0.984375,0.975,1.0,1.0,0.9873417721518988,0.9989583333333334,0.999390243902439,24,0,1,39,0.11064337499556132,
1,3,selected,mutual_information,6,svm_rbf,"[""hemo"", ""pcv"", ""rc"", ""sc"", ""sg"", ""al""]","{""model__C"": 2.0, ""model__class_weight"": null, ""model__gamma"": ""scale""}",0.984375,0.975,1.0,1.0,0.9873417721518988,1.0,1.0,24,0,1,39,0.19927941699279472,
1,3,selected,mutual_information,6,xgboost,"[""hemo"", ""pcv"", ""rc"", ""sc"", ""sg"", ""al""]","{""model__learning_rate"": 0.05, ""model__max_depth"": 2, ""model__n_estimators"": 150}",0.984375,0.975,1.0,1.0,0.9873417721518988,1.0,1.0,24,0,1,39,0.16682083300838713,
1,3,selected,mutual_information,4,logistic_regression,"[""hemo"", ""pcv"", ""rc"", ""sc""]","{""model__C"": 10.0, ""model__class_weight"": null}",0.96875,0.95,1.0,1.0,0.9743589743589743,0.98125,0.9907446808510639,24,0,2,38,0.10897849999309983,
1,3,selected,mutual_information,4,svm_rbf,"[""hemo"", ""pcv"", ""rc"", ""sc""]","{""model__C"": 0.5, ""model__class_weight"": ""balanced"", ""model__gamma"": 0.1}",0.96875,0.95,1.0,1.0,0.9743589743589743,0.9770833333333333,0.9891287284144429,24,0,2,38,0.1997444160078885,
1,3,selected,mutual_information,4,xgboost,"[""hemo"", ""pcv"", ""rc"", ""sc""]","{""model__learning_rate"": 0.05, ""model__max_depth"": 2, ""model__n_estimators"": 150}",0.953125,0.95,0.9583333333333334,0.9743589743589743,0.9620253164556962,0.9802083333333333,0.9903525239883189,23,1,2,38,0.16741212499618996,
1,3,selected,wrapper_rfe,8,logistic_regression,"[""hemo"", ""al"", ""pcv"", ""dm"", ""sg"", ""appet"", ""htn"", ""sc""]","{""model__C"": 0.1, ""model__class_weight"": null}",1.0,1.0,1.0,1.0,1.0,1.0,1.0,24,0,0,40,0.17685437500767875,
1,3,selected,wrapper_rfe,8,svm_rbf,"[""hemo"", ""al"", ""pcv"", ""dm"", ""sg"", ""appet"", ""htn"", ""sc""]","{""model__C"": 0.5, ""model__class_weight"": null, ""model__gamma"": ""scale""}",1.0,1.0,1.0,1.0,1.0,1.0,1.0,24,0,0,40,0.3234502919949591,
1,3,selected,wrapper_rfe,8,xgboost,"[""hemo"", ""al"", ""pcv"", ""dm"", ""sg"", ""appet"", ""htn"", ""sc""]","{""model__learning_rate"": 0.05, ""model__max_depth"": 2, ""model__n_estimators"": 150}",0.984375,0.975,1.0,1.0,0.9873417721518988,1.0,1.0,24,0,1,39,0.21204516700527165,
1,3,selected,wrapper_rfe,6,logistic_regression,"[""hemo"", ""al"", ""pcv"", ""dm"", ""sg"", ""appet""]","{""model__C"": 1.0, ""model__class_weight"": null}",0.96875,0.95,1.0,1.0,0.9743589743589743,1.0,1.0,24,0,2,38,0.16751679200388025,
1,3,selected,wrapper_rfe,6,svm_rbf,"[""hemo"", ""al"", ""pcv"", ""dm"", ""sg"", ""appet""]","{""model__C"": 0.5, ""model__class_weight"": null, ""model__gamma"": ""scale""}",1.0,1.0,1.0,1.0,1.0,1.0,1.0,24,0,0,40,0.30908295800327323,
1,3,selected,wrapper_rfe,6,xgboost,"[""hemo"", ""al"", ""pcv"", ""dm"", ""sg"", ""appet""]","{""model__learning_rate"": 0.05, ""model__max_depth"": 2, ""model__n_estimators"": 150}",0.984375,0.975,1.0,1.0,0.9873417721518988,1.0,1.0,24,0,1,39,0.20379975000105333,
1,3,selected,wrapper_rfe,4,logistic_regression,"[""hemo"", ""al"", ""pcv"", ""dm""]","{""model__C"": 0.1, ""model__class_weight"": null}",0.9375,0.9,1.0,1.0,0.9473684210526315,0.9927083333333333,0.9961141304347828,24,0,4,36,0.16045466699870303,
1,3,selected,wrapper_rfe,4,svm_rbf,"[""hemo"", ""al"", ""pcv"", ""dm""]","{""model__C"": 0.5, ""model__class_weight"": ""balanced"", ""model__gamma"": 0.1}",0.953125,0.925,1.0,1.0,0.961038961038961,0.9979166666666667,0.9987652439024391,24,0,3,37,0.30154200000106357,
1,3,selected,wrapper_rfe,4,xgboost,"[""hemo"", ""al"", ""pcv"", ""dm""]","{""model__learning_rate"": 0.05, ""model__max_depth"": 2, ""model__n_estimators"": 150}",0.984375,0.975,1.0,1.0,0.9873417721518988,0.9880208333333332,0.9942307692307693,24,0,1,39,0.19775820799986832,
1,3,selected,permutation_importance,8,logistic_regression,"[""sg"", ""sc"", ""hemo"", ""al"", ""bgr"", ""htn"", ""dm"", ""age""]","{""model__C"": 0.1, ""model__class_weight"": null}",1.0,1.0,1.0,1.0,1.0,1.0,1.0,24,0,0,40,0.16948504200263415,
1,3,selected,permutation_importance,8,svm_rbf,"[""sg"", ""sc"", ""hemo"", ""al"", ""bgr"", ""htn"", ""dm"", ""age""]","{""model__C"": 0.5, ""model__class_weight"": null, ""model__gamma"": ""scale""}",1.0,1.0,1.0,1.0,1.0,1.0,1.0,24,0,0,40,0.31120033300248906,
1,3,selected,permutation_importance,8,xgboost,"[""sg"", ""sc"", ""hemo"", ""al"", ""bgr"", ""htn"", ""dm"", ""age""]","{""model__learning_rate"": 0.05, ""model__max_depth"": 2, ""model__n_estimators"": 150}",0.984375,0.975,1.0,1.0,0.9873417721518988,1.0,1.0,24,0,1,39,0.21012220899865497,
1,3,selected,permutation_importance,6,logistic_regression,"[""sg"", ""sc"", ""hemo"", ""al"", ""bgr"", ""htn""]","{""model__C"": 10.0, ""model__class_weight"": null}",0.984375,0.975,1.0,1.0,0.9873417721518988,1.0,1.0,24,0,1,39,0.1612030409887666,
1,3,selected,permutation_importance,6,svm_rbf,"[""sg"", ""sc"", ""hemo"", ""al"", ""bgr"", ""htn""]","{""model__C"": 0.5, ""model__class_weight"": null, ""model__gamma"": ""scale""}",1.0,1.0,1.0,1.0,1.0,1.0,1.0,24,0,0,40,0.29561754199676216,
1,3,selected,permutation_importance,6,xgboost,"[""sg"", ""sc"", ""hemo"", ""al"", ""bgr"", ""htn""]","{""model__learning_rate"": 0.05, ""model__max_depth"": 2, ""model__n_estimators"": 150}",0.984375,0.975,1.0,1.0,0.9873417721518988,1.0,1.0000000000000002,24,0,1,39,0.20220637499005534,
1,3,selected,permutation_importance,4,logistic_regression,"[""sg"", ""sc"", ""hemo"", ""al""]","{""model__C"": 10.0, ""model__class_weight"": ""balanced""}",0.984375,0.975,1.0,1.0,0.9873417721518988,0.9979166666666666,0.9988095238095238,24,0,1,39,0.10980687499977648,
1,3,selected,permutation_importance,4,svm_rbf,"[""sg"", ""sc"", ""hemo"", ""al""]","{""model__C"": 2.0, ""model__class_weight"": ""balanced"", ""model__gamma"": ""scale""}",0.96875,0.95,1.0,1.0,0.9743589743589743,1.0,1.0,24,0,2,38,0.19664241600548849,
1,3,selected,permutation_importance,4,xgboost,"[""sg"", ""sc"", ""hemo"", ""al""]","{""model__learning_rate"": 0.05, ""model__max_depth"": 2, ""model__n_estimators"": 150}",0.984375,0.975,1.0,1.0,0.9873417721518988,1.0,1.0,24,0,1,39,0.16111562500009313,
1,3,pca,pca,8,logistic_regression,latent_components_not_clinical_variables,"{""model__C"": 0.1, ""model__class_weight"": null}",0.984375,0.975,1.0,1.0,0.9873417721518988,1.0,1.0,24,0,1,39,0.2495814580033766,0.8208597871596679
1,3,pca,pca,8,svm_rbf,latent_components_not_clinical_variables,"{""model__C"": 0.5, ""model__class_weight"": null, ""model__gamma"": ""scale""}",0.96875,0.95,1.0,1.0,0.9743589743589743,1.0,1.0,24,0,2,38,0.4601805419952143,0.8208597871596679
1,3,pca,pca,6,logistic_regression,latent_components_not_clinical_variables,"{""model__C"": 0.1, ""model__class_weight"": null}",0.96875,0.95,1.0,1.0,0.9743589743589743,1.0,1.0,24,0,2,38,0.24686458399810363,0.7229061243485175
1,3,pca,pca,6,svm_rbf,latent_components_not_clinical_variables,"{""model__C"": 0.5, ""model__class_weight"": null, ""model__gamma"": ""scale""}",0.984375,0.975,1.0,1.0,0.9873417721518988,1.0,1.0,24,0,1,39,0.4610507920006057,0.7229061243485175
1,3,pca,pca,4,logistic_regression,latent_components_not_clinical_variables,"{""model__C"": 0.1, ""model__class_weight"": null}",0.96875,0.95,1.0,1.0,0.9743589743589743,1.0,1.0,24,0,2,38,0.24478541700227652,0.6007881127229301
1,3,pca,pca,4,svm_rbf,latent_components_not_clinical_variables,"{""model__C"": 0.5, ""model__class_weight"": null, ""model__gamma"": ""scale""}",0.984375,0.975,1.0,1.0,0.9873417721518988,1.0,1.0,24,0,1,39,0.45605716700083576,0.6007881127229301
1,4,full,none,24,logistic_regression,"[""age"", ""bp"", ""sg"", ""al"", ""su"", ""rbc"", ""pc"", ""pcc"", ""ba"", ""bgr"", ""bu"", ""sc"", ""sod"", ""pot"", ""hemo"", ""pcv"", ""wc"", ""rc"", ""htn"", ""dm"", ""cad"", ""appet"", ""pe"", ""ane""]","{""model__C"": 0.1, ""model__class_weight"": null}",1.0,1.0,1.0,1.0,1.0,1.0,1.0,24,0,0,40,0.24060633299814072,
1,4,full,none,24,svm_rbf,"[""age"", ""bp"", ""sg"", ""al"", ""su"", ""rbc"", ""pc"", ""pcc"", ""ba"", ""bgr"", ""bu"", ""sc"", ""sod"", ""pot"", ""hemo"", ""pcv"", ""wc"", ""rc"", ""htn"", ""dm"", ""cad"", ""appet"", ""pe"", ""ane""]","{""model__C"": 0.5, ""model__class_weight"": null, ""model__gamma"": ""scale""}",1.0,1.0,1.0,1.0,1.0,1.0,1.0,24,0,0,40,0.4472313340083929,
1,4,full,none,24,random_forest,"[""age"", ""bp"", ""sg"", ""al"", ""su"", ""rbc"", ""pc"", ""pcc"", ""ba"", ""bgr"", ""bu"", ""sc"", ""sod"", ""pot"", ""hemo"", ""pcv"", ""wc"", ""rc"", ""htn"", ""dm"", ""cad"", ""appet"", ""pe"", ""ane""]","{""model__class_weight"": ""balanced_subsample"", ""model__max_depth"": null, ""model__min_samples_leaf"": 1, ""model__n_estimators"": 300}",1.0,1.0,1.0,1.0,1.0,1.0,1.0,24,0,0,40,2.8851022500020918,
1,4,full,none,24,xgboost,"[""age"", ""bp"", ""sg"", ""al"", ""su"", ""rbc"", ""pc"", ""pcc"", ""ba"", ""bgr"", ""bu"", ""sc"", ""sod"", ""pot"", ""hemo"", ""pcv"", ""wc"", ""rc"", ""htn"", ""dm"", ""cad"", ""appet"", ""pe"", ""ane""]","{""model__learning_rate"": 0.05, ""model__max_depth"": 2, ""model__n_estimators"": 150}",0.984375,0.975,1.0,1.0,0.9873417721518988,1.0,1.0,24,0,1,39,0.28489216600428335,
1,4,selected,mutual_information,8,logistic_regression,"[""hemo"", ""pcv"", ""sc"", ""rc"", ""sg"", ""dm"", ""htn"", ""sod""]","{""model__C"": 0.1, ""model__class_weight"": null}",0.984375,0.975,1.0,1.0,0.9873417721518988,1.0,1.0,24,0,1,39,0.1709732090093894,
1,4,selected,mutual_information,8,svm_rbf,"[""hemo"", ""pcv"", ""sc"", ""rc"", ""sg"", ""dm"", ""htn"", ""sod""]","{""model__C"": 2.0, ""model__class_weight"": ""balanced"", ""model__gamma"": 0.1}",1.0,1.0,1.0,1.0,1.0,1.0,1.0,24,0,0,40,0.30848379200324416,
1,4,selected,mutual_information,8,xgboost,"[""hemo"", ""pcv"", ""sc"", ""rc"", ""sg"", ""dm"", ""htn"", ""sod""]","{""model__learning_rate"": 0.05, ""model__max_depth"": 3, ""model__n_estimators"": 150}",1.0,1.0,1.0,1.0,1.0,1.0,1.0,24,0,0,40,0.20947445800993592,
1,4,selected,mutual_information,6,logistic_regression,"[""hemo"", ""pcv"", ""sc"", ""rc"", ""sg"", ""dm""]","{""model__C"": 1.0, ""model__class_weight"": null}",0.96875,0.95,1.0,1.0,0.9743589743589743,1.0,1.0,24,0,2,38,0.16203262499766424,
1,4,selected,mutual_information,6,svm_rbf,"[""hemo"", ""pcv"", ""sc"", ""rc"", ""sg"", ""dm""]","{""model__C"": 8.0, ""model__class_weight"": null, ""model__gamma"": 0.1}",1.0,1.0,1.0,1.0,1.0,1.0,1.0,24,0,0,40,0.29249470800277777,
1,4,selected,mutual_information,6,xgboost,"[""hemo"", ""pcv"", ""sc"", ""rc"", ""sg"", ""dm""]","{""model__learning_rate"": 0.05, ""model__max_depth"": 3, ""model__n_estimators"": 300}",0.984375,0.975,1.0,1.0,0.9873417721518988,1.0,1.0,24,0,1,39,0.2097011250007199,
1,4,selected,mutual_information,4,logistic_regression,"[""hemo"", ""pcv"", ""sc"", ""rc""]","{""model__C"": 10.0, ""model__class_weight"": ""balanced""}",0.984375,0.975,1.0,1.0,0.9873417721518988,0.9916666666666667,0.9958333333333335,24,0,1,39,0.11087766700075008,
1,4,selected,mutual_information,4,svm_rbf,"[""hemo"", ""pcv"", ""sc"", ""rc""]","{""model__C"": 8.0, ""model__class_weight"": null, ""model__gamma"": 0.1}",0.96875,0.95,1.0,1.0,0.9743589743589743,0.9854166666666666,0.9930112570356474,24,0,2,38,0.20164329100225586,
1,4,selected,mutual_information,4,xgboost,"[""hemo"", ""pcv"", ""sc"", ""rc""]","{""model__learning_rate"": 0.05, ""model__max_depth"": 2, ""model__n_estimators"": 150}",0.984375,0.975,1.0,1.0,0.9873417721518988,1.0,1.0,24,0,1,39,0.17238116699445527,
1,4,selected,wrapper_rfe,8,logistic_regression,"[""hemo"", ""sg"", ""dm"", ""al"", ""pcv"", ""htn"", ""appet"", ""sc""]","{""model__C"": 10.0, ""model__class_weight"": null}",1.0,1.0,1.0,1.0,1.0,1.0,1.0,24,0,0,40,0.17489295799168758,
1,4,selected,wrapper_rfe,8,svm_rbf,"[""hemo"", ""sg"", ""dm"", ""al"", ""pcv"", ""htn"", ""appet"", ""sc""]","{""model__C"": 0.5, ""model__class_weight"": null, ""model__gamma"": ""scale""}",1.0,1.0,1.0,1.0,1.0,1.0,1.0,24,0,0,40,0.3198024580051424,
1,4,selected,wrapper_rfe,8,xgboost,"[""hemo"", ""sg"", ""dm"", ""al"", ""pcv"", ""htn"", ""appet"", ""sc""]","{""model__learning_rate"": 0.05, ""model__max_depth"": 2, ""model__n_estimators"": 150}",0.984375,0.975,1.0,1.0,0.9873417721518988,1.0,1.0,24,0,1,39,0.2115088749997085,
1,4,selected,wrapper_rfe,6,logistic_regression,"[""hemo"", ""sg"", ""dm"", ""al"", ""pcv"", ""htn""]","{""model__C"": 0.1, ""model__class_weight"": null}",1.0,1.0,1.0,1.0,1.0,1.0,1.0000000000000002,24,0,0,40,0.16549212498648558,
1,4,selected,wrapper_rfe,6,svm_rbf,"[""hemo"", ""sg"", ""dm"", ""al"", ""pcv"", ""htn""]","{""model__C"": 0.5, ""model__class_weight"": ""balanced"", ""model__gamma"": ""scale""}",0.984375,0.975,1.0,1.0,0.9873417721518988,1.0,1.0,24,0,1,39,0.30263312500028405,
1,4,selected,wrapper_rfe,6,xgboost,"[""hemo"", ""sg"", ""dm"", ""al"", ""pcv"", ""htn""]","{""model__learning_rate"": 0.05, ""model__max_depth"": 2, ""model__n_estimators"": 150}",1.0,1.0,1.0,1.0,1.0,1.0,1.0,24,0,0,40,0.20425524999154732,
1,4,selected,wrapper_rfe,4,logistic_regression,"[""hemo"", ""sg"", ""dm"", ""al""]","{""model__C"": 1.0, ""model__class_weight"": null}",0.984375,0.975,1.0,1.0,0.9873417721518988,1.0,1.0,24,0,1,39,0.15764104199479334,
1,4,selected,wrapper_rfe,4,svm_rbf,"[""hemo"", ""sg"", ""dm"", ""al""]","{""model__C"": 0.5, ""model__class_weight"": null, ""model__gamma"": ""scale""}",0.96875,0.95,1.0,1.0,0.9743589743589743,1.0,1.0,24,0,2,38,0.28975804199581034,
1,4,selected,wrapper_rfe,4,xgboost,"[""hemo"", ""sg"", ""dm"", ""al""]","{""model__learning_rate"": 0.05, ""model__max_depth"": 3, ""model__n_estimators"": 150}",1.0,1.0,1.0,1.0,1.0,1.0,1.0,24,0,0,40,0.19458166699041612,
1,4,selected,permutation_importance,8,logistic_regression,"[""hemo"", ""sg"", ""age"", ""al"", ""ane"", ""appet"", ""ba"", ""bgr""]","{""model__C"": 0.1, ""model__class_weight"": null}",0.96875,0.95,1.0,1.0,0.9743589743589743,0.9979166666666666,0.9988095238095238,24,0,2,38,0.22823833300208207,
1,4,selected,permutation_importance,8,svm_rbf,"[""hemo"", ""sg"", ""age"", ""al"", ""ane"", ""appet"", ""ba"", ""bgr""]","{""model__C"": 0.5, ""model__class_weight"": ""balanced"", ""model__gamma"": ""scale""}",0.953125,0.925,1.0,1.0,0.961038961038961,1.0,1.0,24,0,3,37,0.32363945900578983,
1,4,selected,permutation_importance,8,xgboost,"[""hemo"", ""sg"", ""age"", ""al"", ""ane"", ""appet"", ""ba"", ""bgr""]","{""model__learning_rate"": 0.05, ""model__max_depth"": 2, ""model__n_estimators"": 150}",1.0,1.0,1.0,1.0,1.0,1.0,1.0,24,0,0,40,0.21671916601189878,
1,4,selected,permutation_importance,6,logistic_regression,"[""hemo"", ""sg"", ""age"", ""al"", ""ane"", ""appet""]","{""model__C"": 10.0, ""model__class_weight"": null}",0.984375,0.975,1.0,1.0,0.9873417721518988,0.9979166666666666,0.9988095238095238,24,0,1,39,0.17032945799292065,
1,4,selected,permutation_importance,6,svm_rbf,"[""hemo"", ""sg"", ""age"", ""al"", ""ane"", ""appet""]","{""model__C"": 0.5, ""model__class_weight"": ""balanced"", ""model__gamma"": ""scale""}",0.953125,0.925,1.0,1.0,0.961038961038961,1.0,1.0,24,0,3,37,0.30838475000928156,
1,4,selected,permutation_importance,6,xgboost,"[""hemo"", ""sg"", ""age"", ""al"", ""ane"", ""appet""]","{""model__learning_rate"": 0.05, ""model__max_depth"": 3, ""model__n_estimators"": 300}",0.984375,0.975,1.0,1.0,0.9873417721518988,1.0,1.0,24,0,1,39,0.21443487500073388,
1,4,selected,permutation_importance,4,logistic_regression,"[""hemo"", ""sg"", ""age"", ""al""]","{""model__C"": 10.0, ""model__class_weight"": null}",0.984375,0.975,1.0,1.0,0.9873417721518988,0.9989583333333334,0.999390243902439,24,0,1,39,0.11086720800085459,
1,4,selected,permutation_importance,4,svm_rbf,"[""hemo"", ""sg"", ""age"", ""al""]","{""model__C"": 8.0, ""model__class_weight"": ""balanced"", ""model__gamma"": 0.1}",0.953125,0.925,1.0,1.0,0.961038961038961,0.9989583333333334,0.999390243902439,24,0,3,37,0.208390750005492,
1,4,selected,permutation_importance,4,xgboost,"[""hemo"", ""sg"", ""age"", ""al""]","{""model__learning_rate"": 0.05, ""model__max_depth"": 2, ""model__n_estimators"": 150}",0.984375,0.975,1.0,1.0,0.9873417721518988,1.0,1.0,24,0,1,39,0.2345821660128422,
1,4,pca,pca,8,logistic_regression,latent_components_not_clinical_variables,"{""model__C"": 0.1, ""model__class_weight"": null}",1.0,1.0,1.0,1.0,1.0,1.0,1.0,24,0,0,40,0.2562262919964269,0.8259729699601427
1,4,pca,pca,8,svm_rbf,latent_components_not_clinical_variables,"{""model__C"": 0.5, ""model__class_weight"": null, ""model__gamma"": ""scale""}",1.0,1.0,1.0,1.0,1.0,1.0,1.0,24,0,0,40,0.4629460829892196,0.8259729699601427
1,4,pca,pca,6,logistic_regression,latent_components_not_clinical_variables,"{""model__C"": 10.0, ""model__class_weight"": null}",1.0,1.0,1.0,1.0,1.0,1.0,1.0000000000000002,24,0,0,40,0.24392787500983104,0.7284847796159973
1,4,pca,pca,6,svm_rbf,latent_components_not_clinical_variables,"{""model__C"": 0.5, ""model__class_weight"": null, ""model__gamma"": ""scale""}",1.0,1.0,1.0,1.0,1.0,1.0,1.0,24,0,0,40,0.45696208300068974,0.7284847796159973
1,4,pca,pca,4,logistic_regression,latent_components_not_clinical_variables,"{""model__C"": 0.1, ""model__class_weight"": null}",1.0,1.0,1.0,1.0,1.0,1.0,1.0,24,0,0,40,0.2429954999970505,0.5956438214246548
1,4,pca,pca,4,svm_rbf,latent_components_not_clinical_variables,"{""model__C"": 0.5, ""model__class_weight"": null, ""model__gamma"": ""scale""}",1.0,1.0,1.0,1.0,1.0,1.0,1.0,24,0,0,40,0.45627583299938124,0.5956438214246548
1,5,full,none,24,logistic_regression,"[""age"", ""bp"", ""sg"", ""al"", ""su"", ""rbc"", ""pc"", ""pcc"", ""ba"", ""bgr"", ""bu"", ""sc"", ""sod"", ""pot"", ""hemo"", ""pcv"", ""wc"", ""rc"", ""htn"", ""dm"", ""cad"", ""appet"", ""pe"", ""ane""]","{""model__C"": 1.0, ""model__class_weight"": null}",0.984375,0.975,1.0,1.0,0.9873417721518988,1.0,1.0,24,0,1,39,0.24125174999062438,
1,5,full,none,24,svm_rbf,"[""age"", ""bp"", ""sg"", ""al"", ""su"", ""rbc"", ""pc"", ""pcc"", ""ba"", ""bgr"", ""bu"", ""sc"", ""sod"", ""pot"", ""hemo"", ""pcv"", ""wc"", ""rc"", ""htn"", ""dm"", ""cad"", ""appet"", ""pe"", ""ane""]","{""model__C"": 0.5, ""model__class_weight"": null, ""model__gamma"": ""scale""}",0.984375,0.975,1.0,1.0,0.9873417721518988,1.0,1.0,24,0,1,39,0.45695183299540076,
1,5,full,none,24,random_forest,"[""age"", ""bp"", ""sg"", ""al"", ""su"", ""rbc"", ""pc"", ""pcc"", ""ba"", ""bgr"", ""bu"", ""sc"", ""sod"", ""pot"", ""hemo"", ""pcv"", ""wc"", ""rc"", ""htn"", ""dm"", ""cad"", ""appet"", ""pe"", ""ane""]","{""model__class_weight"": ""balanced_subsample"", ""model__max_depth"": null, ""model__min_samples_leaf"": 1, ""model__n_estimators"": 300}",0.984375,1.0,0.9583333333333334,0.975609756097561,0.9876543209876543,1.0,1.0,23,1,0,40,2.7714354589988943,
1,5,full,none,24,xgboost,"[""age"", ""bp"", ""sg"", ""al"", ""su"", ""rbc"", ""pc"", ""pcc"", ""ba"", ""bgr"", ""bu"", ""sc"", ""sod"", ""pot"", ""hemo"", ""pcv"", ""wc"", ""rc"", ""htn"", ""dm"", ""cad"", ""appet"", ""pe"", ""ane""]","{""model__learning_rate"": 0.05, ""model__max_depth"": 2, ""model__n_estimators"": 300}",0.984375,1.0,0.9583333333333334,0.975609756097561,0.9876543209876543,1.0,1.0000000000000002,23,1,0,40,0.2822572080040118,
1,5,selected,mutual_information,8,logistic_regression,"[""hemo"", ""pcv"", ""sc"", ""rc"", ""sg"", ""al"", ""htn"", ""pot""]","{""model__C"": 10.0, ""model__class_weight"": null}",0.984375,1.0,0.9583333333333334,0.975609756097561,0.9876543209876543,1.0,1.0000000000000002,23,1,0,40,0.16352362500037998,
1,5,selected,mutual_information,8,svm_rbf,"[""hemo"", ""pcv"", ""sc"", ""rc"", ""sg"", ""al"", ""htn"", ""pot""]","{""model__C"": 0.5, ""model__class_weight"": ""balanced"", ""model__gamma"": ""scale""}",0.984375,0.975,1.0,1.0,0.9873417721518988,1.0,1.0,24,0,1,39,0.2990339169919025,
1,5,selected,mutual_information,8,xgboost,"[""hemo"", ""pcv"", ""sc"", ""rc"", ""sg"", ""al"", ""htn"", ""pot""]","{""model__learning_rate"": 0.05, ""model__max_depth"": 3, ""model__n_estimators"": 150}",0.984375,1.0,0.9583333333333334,0.975609756097561,0.9876543209876543,1.0,0.9999999999999999,23,1,0,40,0.20744274999015033,
1,5,selected,mutual_information,6,logistic_regression,"[""hemo"", ""pcv"", ""sc"", ""rc"", ""sg"", ""al""]","{""model__C"": 10.0, ""model__class_weight"": null}",0.96875,0.975,0.9583333333333334,0.975,0.975,0.9989583333333334,0.9993902439024391,23,1,1,39,0.11045125000237022,
1,5,selected,mutual_information,6,svm_rbf,"[""hemo"", ""pcv"", ""sc"", ""rc"", ""sg"", ""al""]","{""model__C"": 8.0, ""model__class_weight"": ""balanced"", ""model__gamma"": ""scale""}",0.984375,1.0,0.9583333333333334,0.975609756097561,0.9876543209876543,1.0,1.0,23,1,0,40,0.19985616698977537,
1,5,selected,mutual_information,6,xgboost,"[""hemo"", ""pcv"", ""sc"", ""rc"", ""sg"", ""al""]","{""model__learning_rate"": 0.05, ""model__max_depth"": 3, ""model__n_estimators"": 150}",0.984375,1.0,0.9583333333333334,0.975609756097561,0.9876543209876543,0.9999999999999999,1.0,23,1,0,40,0.16717204099404626,
1,5,selected,mutual_information,4,logistic_regression,"[""hemo"", ""pcv"", ""sc"", ""rc""]","{""model__C"": 10.0, ""model__class_weight"": null}",0.953125,1.0,0.875,0.9302325581395349,0.963855421686747,0.9958333333333333,0.9976308139534885,21,3,0,40,0.10851195899886079,
1,5,selected,mutual_information,4,svm_rbf,"[""hemo"", ""pcv"", ""sc"", ""rc""]","{""model__C"": 8.0, ""model__class_weight"": ""balanced"", ""model__gamma"": 0.1}",0.984375,1.0,0.9583333333333334,0.975609756097561,0.9876543209876543,0.9979166666666667,0.998765243902439,23,1,0,40,0.20492233299592044,
1,5,selected,mutual_information,4,xgboost,"[""hemo"", ""pcv"", ""sc"", ""rc""]","{""model__learning_rate"": 0.05, ""model__max_depth"": 3, ""model__n_estimators"": 150}",0.9375,0.95,0.9166666666666666,0.95,0.95,0.9947916666666666,0.996978021978022,22,2,2,38,0.1769350420072442,
1,5,selected,wrapper_rfe,8,logistic_regression,"[""hemo"", ""al"", ""dm"", ""sg"", ""pcv"", ""htn"", ""sc"", ""appet""]","{""model__C"": 1.0, ""model__class_weight"": null}",1.0,1.0,1.0,1.0,1.0,1.0,1.0,24,0,0,40,0.1761351249879226,
1,5,selected,wrapper_rfe,8,svm_rbf,"[""hemo"", ""al"", ""dm"", ""sg"", ""pcv"", ""htn"", ""sc"", ""appet""]","{""model__C"": 0.5, ""model__class_weight"": null, ""model__gamma"": ""scale""}",1.0,1.0,1.0,1.0,1.0,1.0,1.0,24,0,0,40,0.3204788750008447,
1,5,selected,wrapper_rfe,8,xgboost,"[""hemo"", ""al"", ""dm"", ""sg"", ""pcv"", ""htn"", ""sc"", ""appet""]","{""model__learning_rate"": 0.05, ""model__max_depth"": 2, ""model__n_estimators"": 150}",1.0,1.0,1.0,1.0,1.0,1.0,1.0,24,0,0,40,0.21056529199995566,
1,5,selected,wrapper_rfe,6,logistic_regression,"[""hemo"", ""al"", ""dm"", ""sg"", ""pcv"", ""htn""]","{""model__C"": 0.1, ""model__class_weight"": null}",0.96875,0.95,1.0,1.0,0.9743589743589743,0.9989583333333334,0.9987804878048783,24,0,2,38,0.1670458340086043,
1,5,selected,wrapper_rfe,6,svm_rbf,"[""hemo"", ""al"", ""dm"", ""sg"", ""pcv"", ""htn""]","{""model__C"": 0.5, ""model__class_weight"": null, ""model__gamma"": ""scale""}",0.96875,0.95,1.0,1.0,0.9743589743589743,0.9989583333333334,0.9987804878048783,24,0,2,38,0.31422562499938067,
1,5,selected,wrapper_rfe,6,xgboost,"[""hemo"", ""al"", ""dm"", ""sg"", ""pcv"", ""htn""]","{""model__learning_rate"": 0.05, ""model__max_depth"": 2, ""model__n_estimators"": 150}",0.984375,1.0,0.9583333333333334,0.975609756097561,0.9876543209876543,0.9989583333333333,0.998780487804878,23,1,0,40,0.20776808299706317,
1,5,selected,wrapper_rfe,4,logistic_regression,"[""hemo"", ""al"", ""dm"", ""sg""]","{""model__C"": 1.0, ""model__class_weight"": ""balanced""}",0.953125,0.925,1.0,1.0,0.961038961038961,0.9989583333333333,0.9987804878048782,24,0,3,37,0.16138416700414382,
1,5,selected,wrapper_rfe,4,svm_rbf,"[""hemo"", ""al"", ""dm"", ""sg""]","{""model__C"": 0.5, ""model__class_weight"": null, ""model__gamma"": ""scale""}",0.96875,0.95,1.0,1.0,0.9743589743589743,0.9989583333333334,0.9987804878048782,24,0,2,38,0.2979733749962179,
1,5,selected,wrapper_rfe,4,xgboost,"[""hemo"", ""al"", ""dm"", ""sg""]","{""model__learning_rate"": 0.05, ""model__max_depth"": 3, ""model__n_estimators"": 150}",0.984375,1.0,0.9583333333333334,0.975609756097561,0.9876543209876543,0.9989583333333333,0.998780487804878,23,1,0,40,0.19743987500260118,
1,5,selected,permutation_importance,8,logistic_regression,"[""sc"", ""sg"", ""al"", ""hemo"", ""bgr"", ""htn"", ""pcv"", ""appet""]","{""model__C"": 10.0, ""model__class_weight"": null}",0.984375,1.0,0.9583333333333334,0.975609756097561,0.9876543209876543,1.0,1.0000000000000002,23,1,0,40,0.16745370799617376,
1,5,selected,permutation_importance,8,svm_rbf,"[""sc"", ""sg"", ""al"", ""hemo"", ""bgr"", ""htn"", ""pcv"", ""appet""]","{""model__C"": 0.5, ""model__class_weight"": null, ""model__gamma"": ""scale""}",1.0,1.0,1.0,1.0,1.0,1.0,1.0,24,0,0,40,0.30633187500643544,
1,5,selected,permutation_importance,8,xgboost,"[""sc"", ""sg"", ""al"", ""hemo"", ""bgr"", ""htn"", ""pcv"", ""appet""]","{""model__learning_rate"": 0.05, ""model__max_depth"": 2, ""model__n_estimators"": 150}",0.984375,1.0,0.9583333333333334,0.975609756097561,0.9876543209876543,1.0,0.9999999999999998,23,1,0,40,0.20938683299755212,
1,5,selected,permutation_importance,6,logistic_regression,"[""sc"", ""sg"", ""al"", ""hemo"", ""bgr"", ""htn""]","{""model__C"": 10.0, ""model__class_weight"": null}",0.96875,0.975,0.9583333333333334,0.975,0.975,0.9989583333333334,0.999390243902439,23,1,1,39,0.16196204200969078,
1,5,selected,permutation_importance,6,svm_rbf,"[""sc"", ""sg"", ""al"", ""hemo"", ""bgr"", ""htn""]","{""model__C"": 0.5, ""model__class_weight"": null, ""model__gamma"": ""scale""}",0.984375,0.975,1.0,1.0,0.9873417721518988,0.9989583333333334,0.999390243902439,24,0,1,39,0.2970419170014793,
1,5,selected,permutation_importance,6,xgboost,"[""sc"", ""sg"", ""al"", ""hemo"", ""bgr"", ""htn""]","{""model__learning_rate"": 0.05, ""model__max_depth"": 2, ""model__n_estimators"": 150}",0.984375,1.0,0.9583333333333334,0.975609756097561,0.9876543209876543,1.0,1.0000000000000002,23,1,0,40,0.20231191700440831,
1,5,selected,permutation_importance,4,logistic_regression,"[""sc"", ""sg"", ""al"", ""hemo""]","{""model__C"": 10.0, ""model__class_weight"": null}",0.984375,0.975,1.0,1.0,0.9873417721518988,0.9958333333333332,0.9977272727272728,24,0,1,39,0.10821983400091995,
1,5,selected,permutation_importance,4,svm_rbf,"[""sc"", ""sg"", ""al"", ""hemo""]","{""model__C"": 0.5, ""model__class_weight"": null, ""model__gamma"": ""scale""}",0.96875,0.95,1.0,1.0,0.9743589743589743,0.9989583333333334,0.9993902439024392,24,0,2,38,0.1966742499935208,
1,5,selected,permutation_importance,4,xgboost,"[""sc"", ""sg"", ""al"", ""hemo""]","{""model__learning_rate"": 0.05, ""model__max_depth"": 2, ""model__n_estimators"": 150}",1.0,1.0,1.0,1.0,1.0,1.0,1.0,24,0,0,40,0.16432341600011569,
1,5,pca,pca,8,logistic_regression,latent_components_not_clinical_variables,"{""model__C"": 0.1, ""model__class_weight"": null}",0.984375,0.975,1.0,1.0,0.9873417721518988,1.0,1.0,24,0,1,39,0.24229925000690855,0.8142546874712056
1,5,pca,pca,8,svm_rbf,latent_components_not_clinical_variables,"{""model__C"": 0.5, ""model__class_weight"": null, ""model__gamma"": ""scale""}",0.984375,0.975,1.0,1.0,0.9873417721518988,1.0,1.0,24,0,1,39,0.4537752080068458,0.8142546874712056
1,5,pca,pca,6,logistic_regression,latent_components_not_clinical_variables,"{""model__C"": 1.0, ""model__class_weight"": null}",0.984375,1.0,0.9583333333333334,0.975609756097561,0.9876543209876543,1.0,1.0,23,1,0,40,0.240940708987182,0.7235546434615449
1,5,pca,pca,6,svm_rbf,latent_components_not_clinical_variables,"{""model__C"": 2.0, ""model__class_weight"": null, ""model__gamma"": ""scale""}",0.984375,0.975,1.0,1.0,0.9873417721518988,1.0,1.0,24,0,1,39,0.45648579200496897,0.7235546434615449
1,5,pca,pca,4,logistic_regression,latent_components_not_clinical_variables,"{""model__C"": 0.1, ""model__class_weight"": null}",1.0,1.0,1.0,1.0,1.0,1.0,1.0,24,0,0,40,0.2418402920011431,0.6055201949975693
1,5,pca,pca,4,svm_rbf,latent_components_not_clinical_variables,"{""model__C"": 0.5, ""model__class_weight"": null, ""model__gamma"": ""scale""}",0.984375,1.0,0.9583333333333334,0.975609756097561,0.9876543209876543,1.0,1.0,23,1,0,40,0.44812712499697227,0.6055201949975693
2,1,full,none,24,logistic_regression,"[""age"", ""bp"", ""sg"", ""al"", ""su"", ""rbc"", ""pc"", ""pcc"", ""ba"", ""bgr"", ""bu"", ""sc"", ""sod"", ""pot"", ""hemo"", ""pcv"", ""wc"", ""rc"", ""htn"", ""dm"", ""cad"", ""appet"", ""pe"", ""ane""]","{""model__C"": 0.1, ""model__class_weight"": null}",1.0,1.0,1.0,1.0,1.0,1.0,1.0,24,0,0,40,0.242688584010466,
2,1,full,none,24,svm_rbf,"[""age"", ""bp"", ""sg"", ""al"", ""su"", ""rbc"", ""pc"", ""pcc"", ""ba"", ""bgr"", ""bu"", ""sc"", ""sod"", ""pot"", ""hemo"", ""pcv"", ""wc"", ""rc"", ""htn"", ""dm"", ""cad"", ""appet"", ""pe"", ""ane""]","{""model__C"": 2.0, ""model__class_weight"": null, ""model__gamma"": ""scale""}",1.0,1.0,1.0,1.0,1.0,1.0,1.0,24,0,0,40,0.4428244160080794,
2,1,full,none,24,random_forest,"[""age"", ""bp"", ""sg"", ""al"", ""su"", ""rbc"", ""pc"", ""pcc"", ""ba"", ""bgr"", ""bu"", ""sc"", ""sod"", ""pot"", ""hemo"", ""pcv"", ""wc"", ""rc"", ""htn"", ""dm"", ""cad"", ""appet"", ""pe"", ""ane""]","{""model__class_weight"": ""balanced_subsample"", ""model__max_depth"": null, ""model__min_samples_leaf"": 1, ""model__n_estimators"": 300}",1.0,1.0,1.0,1.0,1.0,1.0,1.0,24,0,0,40,2.7712450830003945,
2,1,full,none,24,xgboost,"[""age"", ""bp"", ""sg"", ""al"", ""su"", ""rbc"", ""pc"", ""pcc"", ""ba"", ""bgr"", ""bu"", ""sc"", ""sod"", ""pot"", ""hemo"", ""pcv"", ""wc"", ""rc"", ""htn"", ""dm"", ""cad"", ""appet"", ""pe"", ""ane""]","{""model__learning_rate"": 0.05, ""model__max_depth"": 2, ""model__n_estimators"": 150}",0.96875,0.95,1.0,1.0,0.9743589743589743,1.0,1.0,24,0,2,38,0.3083674590016017,
2,1,selected,mutual_information,8,logistic_regression,"[""hemo"", ""pcv"", ""sc"", ""rc"", ""sg"", ""al"", ""sod"", ""dm""]","{""model__C"": 10.0, ""model__class_weight"": null}",1.0,1.0,1.0,1.0,1.0,1.0,1.0,24,0,0,40,0.1624236670031678,
2,1,selected,mutual_information,8,svm_rbf,"[""hemo"", ""pcv"", ""sc"", ""rc"", ""sg"", ""al"", ""sod"", ""dm""]","{""model__C"": 0.5, ""model__class_weight"": ""balanced"", ""model__gamma"": ""scale""}",1.0,1.0,1.0,1.0,1.0,1.0,1.0,24,0,0,40,0.2994424579956103,
2,1,selected,mutual_information,8,xgboost,"[""hemo"", ""pcv"", ""sc"", ""rc"", ""sg"", ""al"", ""sod"", ""dm""]","{""model__learning_rate"": 0.05, ""model__max_depth"": 2, ""model__n_estimators"": 300}",0.96875,0.95,1.0,1.0,0.9743589743589743,1.0,1.0000000000000002,24,0,2,38,0.20742433299892582,
2,1,selected,mutual_information,6,logistic_regression,"[""hemo"", ""pcv"", ""sc"", ""rc"", ""sg"", ""al""]","{""model__C"": 10.0, ""model__class_weight"": null}",0.984375,0.975,1.0,1.0,0.9873417721518988,1.0,1.0,24,0,1,39,0.11053641600301489,
2,1,selected,mutual_information,6,svm_rbf,"[""hemo"", ""pcv"", ""sc"", ""rc"", ""sg"", ""al""]","{""model__C"": 0.5, ""model__class_weight"": ""balanced"", ""model__gamma"": 0.1}",0.96875,0.95,1.0,1.0,0.9743589743589743,1.0,1.0,24,0,2,38,0.1991957080026623,
2,1,selected,mutual_information,6,xgboost,"[""hemo"", ""pcv"", ""sc"", ""rc"", ""sg"", ""al""]","{""model__learning_rate"": 0.05, ""model__max_depth"": 2, ""model__n_estimators"": 150}",0.96875,0.95,1.0,1.0,0.9743589743589743,1.0,1.0,24,0,2,38,0.17170133399486076,
2,1,selected,mutual_information,4,logistic_regression,"[""hemo"", ""pcv"", ""sc"", ""rc""]","{""model__C"": 10.0, ""model__class_weight"": ""balanced""}",0.96875,0.95,1.0,1.0,0.9743589743589743,0.9864583333333333,0.9930825818699572,24,0,2,38,0.11053874999925029,
2,1,selected,mutual_information,4,svm_rbf,"[""hemo"", ""pcv"", ""sc"", ""rc""]","{""model__C"": 2.0, ""model__class_weight"": ""balanced"", ""model__gamma"": 0.1}",0.96875,0.95,1.0,1.0,0.9743589743589743,0.9833333333333334,0.9919051878354204,24,0,2,38,0.20060866700077895,
2,1,selected,mutual_information,4,xgboost,"[""hemo"", ""pcv"", ""sc"", ""rc""]","{""model__learning_rate"": 0.05, ""model__max_depth"": 3, ""model__n_estimators"": 150}",0.96875,0.95,1.0,1.0,0.9743589743589743,0.9791666666666666,0.989975450081833,24,0,2,38,0.17122620799636934,
2,1,selected,wrapper_rfe,8,logistic_regression,"[""hemo"", ""al"", ""pcv"", ""dm"", ""sg"", ""appet"", ""htn"", ""sc""]","{""model__C"": 10.0, ""model__class_weight"": null}",1.0,1.0,1.0,1.0,1.0,1.0,1.0,24,0,0,40,0.17780266699264757,
2,1,selected,wrapper_rfe,8,svm_rbf,"[""hemo"", ""al"", ""pcv"", ""dm"", ""sg"", ""appet"", ""htn"", ""sc""]","{""model__C"": 0.5, ""model__class_weight"": null, ""model__gamma"": ""scale""}",1.0,1.0,1.0,1.0,1.0,1.0,1.0,24,0,0,40,0.3353737919969717,
2,1,selected,wrapper_rfe,8,xgboost,"[""hemo"", ""al"", ""pcv"", ""dm"", ""sg"", ""appet"", ""htn"", ""sc""]","{""model__learning_rate"": 0.05, ""model__max_depth"": 2, ""model__n_estimators"": 150}",0.96875,0.95,1.0,1.0,0.9743589743589743,1.0,1.0000000000000002,24,0,2,38,0.21259920801094268,
2,1,selected,wrapper_rfe,6,logistic_regression,"[""hemo"", ""al"", ""pcv"", ""dm"", ""sg"", ""appet""]","{""model__C"": 10.0, ""model__class_weight"": null}",1.0,1.0,1.0,1.0,1.0,1.0,1.0,24,0,0,40,0.1661888749949867,
2,1,selected,wrapper_rfe,6,svm_rbf,"[""hemo"", ""al"", ""pcv"", ""dm"", ""sg"", ""appet""]","{""model__C"": 2.0, ""model__class_weight"": ""balanced"", ""model__gamma"": ""scale""}",1.0,1.0,1.0,1.0,1.0,1.0,1.0,24,0,0,40,0.3081701659975806,
2,1,selected,wrapper_rfe,6,xgboost,"[""hemo"", ""al"", ""pcv"", ""dm"", ""sg"", ""appet""]","{""model__learning_rate"": 0.05, ""model__max_depth"": 2, ""model__n_estimators"": 150}",0.984375,0.975,1.0,1.0,0.9873417721518988,1.0,1.0,24,0,1,39,0.2015822919929633,
2,1,selected,wrapper_rfe,4,logistic_regression,"[""hemo"", ""al"", ""pcv"", ""dm""]","{""model__C"": 0.1, ""model__class_weight"": ""balanced""}",0.953125,0.925,1.0,1.0,0.961038961038961,0.9916666666666666,0.995651595744681,24,0,3,37,0.16086358300526626,
2,1,selected,wrapper_rfe,4,svm_rbf,"[""hemo"", ""al"", ""pcv"", ""dm""]","{""model__C"": 0.5, ""model__class_weight"": ""balanced"", ""model__gamma"": 0.1}",0.953125,0.925,1.0,1.0,0.961038961038961,0.9958333333333333,0.9976308139534885,24,0,3,37,0.29441920899262186,
2,1,selected,wrapper_rfe,4,xgboost,"[""hemo"", ""al"", ""pcv"", ""dm""]","{""model__learning_rate"": 0.05, ""model__max_depth"": 2, ""model__n_estimators"": 300}",0.96875,0.95,1.0,1.0,0.9743589743589743,0.9979166666666667,0.9988095238095238,24,0,2,38,0.20076629100367427,
2,1,selected,permutation_importance,8,logistic_regression,"[""sc"", ""sg"", ""hemo"", ""al"", ""dm"", ""pcv"", ""rc"", ""htn""]","{""model__C"": 10.0, ""model__class_weight"": null}",1.0,1.0,1.0,1.0,1.0,1.0,1.0,24,0,0,40,0.1682882910099579,
2,1,selected,permutation_importance,8,svm_rbf,"[""sc"", ""sg"", ""hemo"", ""al"", ""dm"", ""pcv"", ""rc"", ""htn""]","{""model__C"": 0.5, ""model__class_weight"": null, ""model__gamma"": 0.1}",1.0,1.0,1.0,1.0,1.0,1.0,1.0,24,0,0,40,0.30817558300623205,
2,1,selected,permutation_importance,8,xgboost,"[""sc"", ""sg"", ""hemo"", ""al"", ""dm"", ""pcv"", ""rc"", ""htn""]","{""model__learning_rate"": 0.05, ""model__max_depth"": 2, ""model__n_estimators"": 150}",0.96875,0.95,1.0,1.0,0.9743589743589743,1.0,0.9999999999999998,24,0,2,38,0.2076903749984922,
2,1,selected,permutation_importance,6,logistic_regression,"[""sc"", ""sg"", ""hemo"", ""al"", ""dm"", ""pcv""]","{""model__C"": 1.0, ""model__class_weight"": null}",1.0,1.0,1.0,1.0,1.0,1.0,1.0,24,0,0,40,0.16114362500957213,
2,1,selected,permutation_importance,6,svm_rbf,"[""sc"", ""sg"", ""hemo"", ""al"", ""dm"", ""pcv""]","{""model__C"": 0.5, ""model__class_weight"": ""balanced"", ""model__gamma"": ""scale""}",1.0,1.0,1.0,1.0,1.0,1.0,1.0,24,0,0,40,0.29475612500391435,
2,1,selected,permutation_importance,6,xgboost,"[""sc"", ""sg"", ""hemo"", ""al"", ""dm"", ""pcv""]","{""model__learning_rate"": 0.05, ""model__max_depth"": 2, ""model__n_estimators"": 150}",0.96875,0.95,1.0,1.0,0.9743589743589743,1.0,1.0,24,0,2,38,0.1992275420052465,
2,1,selected,permutation_importance,4,logistic_regression,"[""sc"", ""sg"", ""hemo"", ""al""]","{""model__C"": 10.0, ""model__class_weight"": ""balanced""}",0.984375,0.975,1.0,1.0,0.9873417721518988,1.0,1.0,24,0,1,39,0.10999320801056456,
2,1,selected,permutation_importance,4,svm_rbf,"[""sc"", ""sg"", ""hemo"", ""al""]","{""model__C"": 0.5, ""model__class_weight"": ""balanced"", ""model__gamma"": ""scale""}",0.96875,0.95,1.0,1.0,0.9743589743589743,1.0,1.0,24,0,2,38,0.1997879999980796,
2,1,selected,permutation_importance,4,xgboost,"[""sc"", ""sg"", ""hemo"", ""al""]","{""model__learning_rate"": 0.05, ""model__max_depth"": 2, ""model__n_estimators"": 150}",0.96875,0.95,1.0,1.0,0.9743589743589743,1.0,1.0,24,0,2,38,0.16162308299681172,
2,1,pca,pca,8,logistic_regression,latent_components_not_clinical_variables,"{""model__C"": 0.1, ""model__class_weight"": null}",1.0,1.0,1.0,1.0,1.0,1.0,1.0,24,0,0,40,0.24604791699675843,0.8278728396045753
2,1,pca,pca,8,svm_rbf,latent_components_not_clinical_variables,"{""model__C"": 2.0, ""model__class_weight"": null, ""model__gamma"": ""scale""}",1.0,1.0,1.0,1.0,1.0,1.0,1.0,24,0,0,40,0.4597516670037294,0.8278728396045753
2,1,pca,pca,6,logistic_regression,latent_components_not_clinical_variables,"{""model__C"": 0.1, ""model__class_weight"": null}",1.0,1.0,1.0,1.0,1.0,1.0,1.0,24,0,0,40,0.2454467920033494,0.7292993589437727
2,1,pca,pca,6,svm_rbf,latent_components_not_clinical_variables,"{""model__C"": 0.5, ""model__class_weight"": null, ""model__gamma"": ""scale""}",0.984375,0.975,1.0,1.0,0.9873417721518988,1.0,1.0,24,0,1,39,0.4636756670079194,0.7292993589437727
2,1,pca,pca,4,logistic_regression,latent_components_not_clinical_variables,"{""model__C"": 0.1, ""model__class_weight"": null}",1.0,1.0,1.0,1.0,1.0,1.0,1.0,24,0,0,40,0.24205812500440516,0.6037407673277425
2,1,pca,pca,4,svm_rbf,latent_components_not_clinical_variables,"{""model__C"": 0.5, ""model__class_weight"": null, ""model__gamma"": ""scale""}",1.0,1.0,1.0,1.0,1.0,1.0,1.0,24,0,0,40,0.45601804200850893,0.6037407673277425
2,2,full,none,24,logistic_regression,"[""age"", ""bp"", ""sg"", ""al"", ""su"", ""rbc"", ""pc"", ""pcc"", ""ba"", ""bgr"", ""bu"", ""sc"", ""sod"", ""pot"", ""hemo"", ""pcv"", ""wc"", ""rc"", ""htn"", ""dm"", ""cad"", ""appet"", ""pe"", ""ane""]","{""model__C"": 0.1, ""model__class_weight"": null}",0.984375,0.975,1.0,1.0,0.9873417721518988,1.0,1.0,24,0,1,39,0.24006300000473857,
2,2,full,none,24,svm_rbf,"[""age"", ""bp"", ""sg"", ""al"", ""su"", ""rbc"", ""pc"", ""pcc"", ""ba"", ""bgr"", ""bu"", ""sc"", ""sod"", ""pot"", ""hemo"", ""pcv"", ""wc"", ""rc"", ""htn"", ""dm"", ""cad"", ""appet"", ""pe"", ""ane""]","{""model__C"": 0.5, ""model__class_weight"": null, ""model__gamma"": ""scale""}",0.96875,0.95,1.0,1.0,0.9743589743589743,1.0,1.0,24,0,2,38,0.44180741600575857,
2,2,full,none,24,random_forest,"[""age"", ""bp"", ""sg"", ""al"", ""su"", ""rbc"", ""pc"", ""pcc"", ""ba"", ""bgr"", ""bu"", ""sc"", ""sod"", ""pot"", ""hemo"", ""pcv"", ""wc"", ""rc"", ""htn"", ""dm"", ""cad"", ""appet"", ""pe"", ""ane""]","{""model__class_weight"": ""balanced_subsample"", ""model__max_depth"": null, ""model__min_samples_leaf"": 1, ""model__n_estimators"": 300}",1.0,1.0,1.0,1.0,1.0,0.9999999999999999,1.0,24,0,0,40,2.9086070420016767,
2,2,full,none,24,xgboost,"[""age"", ""bp"", ""sg"", ""al"", ""su"", ""rbc"", ""pc"", ""pcc"", ""ba"", ""bgr"", ""bu"", ""sc"", ""sod"", ""pot"", ""hemo"", ""pcv"", ""wc"", ""rc"", ""htn"", ""dm"", ""cad"", ""appet"", ""pe"", ""ane""]","{""model__learning_rate"": 0.05, ""model__max_depth"": 2, ""model__n_estimators"": 150}",0.984375,0.975,1.0,1.0,0.9873417721518988,0.9989583333333334,0.999390243902439,24,0,1,39,0.2816872920084279,
2,2,selected,mutual_information,8,logistic_regression,"[""hemo"", ""rc"", ""pcv"", ""sc"", ""sg"", ""al"", ""htn"", ""pot""]","{""model__C"": 1.0, ""model__class_weight"": ""balanced""}",0.96875,0.95,1.0,1.0,0.9743589743589743,0.9979166666666667,0.998765243902439,24,0,2,38,0.16304995799146127,
2,2,selected,mutual_information,8,svm_rbf,"[""hemo"", ""rc"", ""pcv"", ""sc"", ""sg"", ""al"", ""htn"", ""pot""]","{""model__C"": 2.0, ""model__class_weight"": null, ""model__gamma"": ""scale""}",0.984375,1.0,0.9583333333333334,0.975609756097561,0.9876543209876543,0.9989583333333334,0.999390243902439,23,1,0,40,0.29592058301204816,
2,2,selected,mutual_information,8,xgboost,"[""hemo"", ""rc"", ""pcv"", ""sc"", ""sg"", ""al"", ""htn"", ""pot""]","{""model__learning_rate"": 0.05, ""model__max_depth"": 2, ""model__n_estimators"": 150}",0.984375,0.975,1.0,1.0,0.9873417721518988,0.9989583333333333,0.9993902439024391,24,0,1,39,0.20364879199769348,
2,2,selected,mutual_information,6,logistic_regression,"[""hemo"", ""rc"", ""pcv"", ""sc"", ""sg"", ""al""]","{""model__C"": 10.0, ""model__class_weight"": null}",0.96875,0.975,0.9583333333333334,0.975,0.975,0.9989583333333334,0.999390243902439,23,1,1,39,0.11336095799924806,
2,2,selected,mutual_information,6,svm_rbf,"[""hemo"", ""rc"", ""pcv"", ""sc"", ""sg"", ""al""]","{""model__C"": 0.5, ""model__class_weight"": null, ""model__gamma"": ""scale""}",0.96875,0.975,0.9583333333333334,0.975,0.975,0.9989583333333334,0.999390243902439,23,1,1,39,0.20016579100047238,
2,2,selected,mutual_information,6,xgboost,"[""hemo"", ""rc"", ""pcv"", ""sc"", ""sg"", ""al""]","{""model__learning_rate"": 0.05, ""model__max_depth"": 2, ""model__n_estimators"": 150}",0.984375,0.975,1.0,1.0,0.9873417721518988,0.9979166666666667,0.9988095238095238,24,0,1,39,0.16610625000612345,
2,2,selected,mutual_information,4,logistic_regression,"[""hemo"", ""rc"", ""pcv"", ""sc""]","{""model__C"": 10.0, ""model__class_weight"": null}",0.953125,0.95,0.9583333333333334,0.9743589743589743,0.9620253164556962,0.9645833333333332,0.984988006617039,23,1,2,38,0.11015541698725428,
2,2,selected,mutual_information,4,svm_rbf,"[""hemo"", ""rc"", ""pcv"", ""sc""]","{""model__C"": 0.5, ""model__class_weight"": ""balanced"", ""model__gamma"": 0.1}",0.921875,0.925,0.9166666666666666,0.9487179487179487,0.9367088607594937,0.9604166666666666,0.9831613946391566,22,2,3,37,0.19992579099198338,
2,2,selected,mutual_information,4,xgboost,"[""hemo"", ""rc"", ""pcv"", ""sc""]","{""model__learning_rate"": 0.05, ""model__max_depth"": 2, ""model__n_estimators"": 150}",0.953125,0.95,0.9583333333333334,0.9743589743589743,0.9620253164556962,0.9848958333333334,0.9926484123331798,23,1,2,38,0.16913770799874328,
2,2,selected,wrapper_rfe,8,logistic_regression,"[""hemo"", ""dm"", ""sg"", ""pcv"", ""al"", ""htn"", ""sc"", ""rc""]","{""model__C"": 1.0, ""model__class_weight"": null}",0.984375,0.975,1.0,1.0,0.9873417721518988,0.9989583333333334,0.999390243902439,24,0,1,39,0.16736520800623111,
2,2,selected,wrapper_rfe,8,svm_rbf,"[""hemo"", ""dm"", ""sg"", ""pcv"", ""al"", ""htn"", ""sc"", ""rc""]","{""model__C"": 0.5, ""model__class_weight"": null, ""model__gamma"": ""scale""}",0.96875,0.95,1.0,1.0,0.9743589743589743,1.0,1.0,24,0,2,38,0.3056917079957202,
2,2,selected,wrapper_rfe,8,xgboost,"[""hemo"", ""dm"", ""sg"", ""pcv"", ""al"", ""htn"", ""sc"", ""rc""]","{""model__learning_rate"": 0.05, ""model__max_depth"": 2, ""model__n_estimators"": 150}",0.984375,0.975,1.0,1.0,0.9873417721518988,0.9989583333333333,0.9993902439024391,24,0,1,39,0.20946579100564122,
2,2,selected,wrapper_rfe,6,logistic_regression,"[""hemo"", ""dm"", ""sg"", ""pcv"", ""al"", ""htn""]","{""model__C"": 1.0, ""model__class_weight"": null}",0.96875,0.95,1.0,1.0,0.9743589743589743,0.9984375000000001,0.9987652439024391,24,0,2,38,0.16688958299346268,
2,2,selected,wrapper_rfe,6,svm_rbf,"[""hemo"", ""dm"", ""sg"", ""pcv"", ""al"", ""htn""]","{""model__C"": 0.5, ""model__class_weight"": null, ""model__gamma"": ""scale""}",0.96875,0.95,1.0,1.0,0.9743589743589743,0.9994791666666667,0.9993902439024392,24,0,2,38,0.3042442080040928,
2,2,selected,wrapper_rfe,6,xgboost,"[""hemo"", ""dm"", ""sg"", ""pcv"", ""al"", ""htn""]","{""model__learning_rate"": 0.05, ""model__max_depth"": 2, ""model__n_estimators"": 150}",0.984375,1.0,0.9583333333333334,0.975609756097561,0.9876543209876543,0.9994791666666666,0.9993902439024391,23,1,0,40,0.20242625000537373,
2,2,selected,wrapper_rfe,4,logistic_regression,"[""hemo"", ""dm"", ""sg"", ""pcv""]","{""model__C"": 10.0, ""model__class_weight"": null}",0.9375,0.925,0.9583333333333334,0.9736842105263158,0.9487179487179487,0.9927083333333333,0.9950794866436566,23,1,3,37,0.15711962500063237,
2,2,selected,wrapper_rfe,4,svm_rbf,"[""hemo"", ""dm"", ""sg"", ""pcv""]","{""model__C"": 2.0, ""model__class_weight"": ""balanced"", ""model__gamma"": 0.1}",0.921875,0.875,1.0,1.0,0.9333333333333333,0.9958333333333333,0.9968084287877292,24,0,5,35,0.2914874160051113,
2,2,selected,wrapper_rfe,4,xgboost,"[""hemo"", ""dm"", ""sg"", ""pcv""]","{""model__learning_rate"": 0.05, ""model__max_depth"": 3, ""model__n_estimators"": 150}",0.96875,0.975,0.9583333333333334,0.975,0.975,0.996875,0.9974831926203878,23,1,1,39,0.19857974999467842,
2,2,selected,permutation_importance,8,logistic_regression,"[""sg"", ""hemo"", ""age"", ""al"", ""ane"", ""appet"", ""ba"", ""bgr""]","{""model__C"": 1.0, ""model__class_weight"": null}",0.984375,0.975,1.0,1.0,0.9873417721518988,0.9979166666666666,0.9988095238095238,24,0,1,39,0.1756512910069432,
2,2,selected,permutation_importance,8,svm_rbf,"[""sg"", ""hemo"", ""age"", ""al"", ""ane"", ""appet"", ""ba"", ""bgr""]","{""model__C"": 0.5, ""model__class_weight"": null, ""model__gamma"": 0.1}",0.984375,0.975,1.0,1.0,0.9873417721518988,0.9979166666666666,0.9988095238095238,24,0,1,39,0.32291341699601617,
2,2,selected,permutation_importance,8,xgboost,"[""sg"", ""hemo"", ""age"", ""al"", ""ane"", ""appet"", ""ba"", ""bgr""]","{""model__learning_rate"": 0.05, ""model__max_depth"": 2, ""model__n_estimators"": 150}",0.96875,0.975,0.9583333333333334,0.975,0.975,0.9989583333333333,0.9993902439024391,23,1,1,39,0.22615950000181329,
2,2,selected,permutation_importance,6,logistic_regression,"[""sg"", ""hemo"", ""age"", ""al"", ""ane"", ""appet""]","{""model__C"": 10.0, ""model__class_weight"": null}",0.96875,0.975,0.9583333333333334,0.975,0.975,0.996875,0.9982558139534884,23,1,1,39,0.16606783300812822,
2,2,selected,permutation_importance,6,svm_rbf,"[""sg"", ""hemo"", ""age"", ""al"", ""ane"", ""appet""]","{""model__C"": 8.0, ""model__class_weight"": null, ""model__gamma"": ""scale""}",0.984375,0.975,1.0,1.0,0.9873417721518988,0.990625,0.9954081632653061,24,0,1,39,0.30656841599557083,
2,2,selected,permutation_importance,6,xgboost,"[""sg"", ""hemo"", ""age"", ""al"", ""ane"", ""appet""]","{""model__learning_rate"": 0.05, ""model__max_depth"": 2, ""model__n_estimators"": 150}",0.96875,0.975,0.9583333333333334,0.975,0.975,0.9989583333333334,0.9993902439024391,23,1,1,39,0.21051008299400564,
2,2,selected,permutation_importance,4,logistic_regression,"[""sg"", ""hemo"", ""age"", ""al""]","{""model__C"": 10.0, ""model__class_weight"": null}",0.96875,0.975,0.9583333333333334,0.975,0.975,0.9958333333333333,0.9977272727272728,23,1,1,39,0.11108095799863804,
2,2,selected,permutation_importance,4,svm_rbf,"[""sg"", ""hemo"", ""age"", ""al""]","{""model__C"": 8.0, ""model__class_weight"": null, ""model__gamma"": ""scale""}",0.984375,0.975,1.0,1.0,0.9873417721518988,0.990625,0.9954081632653061,24,0,1,39,0.19842516700737178,
2,2,selected,permutation_importance,4,xgboost,"[""sg"", ""hemo"", ""age"", ""al""]","{""model__learning_rate"": 0.05, ""model__max_depth"": 2, ""model__n_estimators"": 150}",0.96875,0.975,0.9583333333333334,0.975,0.975,0.9989583333333333,0.999390243902439,23,1,1,39,0.16588600000250153,
2,2,pca,pca,8,logistic_regression,latent_components_not_clinical_variables,"{""model__C"": 0.1, ""model__class_weight"": ""balanced""}",0.96875,0.95,1.0,1.0,0.9743589743589743,1.0,1.0,24,0,2,38,0.2456881669932045,0.8260449408590422
2,2,pca,pca,8,svm_rbf,latent_components_not_clinical_variables,"{""model__C"": 0.5, ""model__class_weight"": null, ""model__gamma"": ""scale""}",0.96875,0.95,1.0,1.0,0.9743589743589743,1.0,1.0,24,0,2,38,0.45786958299868274,0.8260449408590422
2,2,pca,pca,6,logistic_regression,latent_components_not_clinical_variables,"{""model__C"": 0.1, ""model__class_weight"": null}",0.984375,0.975,1.0,1.0,0.9873417721518988,1.0,1.0,24,0,1,39,0.24080616699939128,0.7322546161448656
2,2,pca,pca,6,svm_rbf,latent_components_not_clinical_variables,"{""model__C"": 0.5, ""model__class_weight"": null, ""model__gamma"": ""scale""}",0.96875,0.95,1.0,1.0,0.9743589743589743,0.9989583333333334,0.999390243902439,24,0,2,38,0.4546792089968221,0.7322546161448656
2,2,pca,pca,4,logistic_regression,latent_components_not_clinical_variables,"{""model__C"": 0.1, ""model__class_weight"": null}",0.984375,0.975,1.0,1.0,0.9873417721518988,0.9979166666666666,0.9988095238095238,24,0,1,39,0.281437666999409,0.6046615021503683
2,2,pca,pca,4,svm_rbf,latent_components_not_clinical_variables,"{""model__C"": 0.5, ""model__class_weight"": null, ""model__gamma"": ""scale""}",0.96875,0.95,1.0,1.0,0.9743589743589743,0.9979166666666666,0.9988095238095238,24,0,2,38,0.4586448749905685,0.6046615021503683
2,3,full,none,24,logistic_regression,"[""age"", ""bp"", ""sg"", ""al"", ""su"", ""rbc"", ""pc"", ""pcc"", ""ba"", ""bgr"", ""bu"", ""sc"", ""sod"", ""pot"", ""hemo"", ""pcv"", ""wc"", ""rc"", ""htn"", ""dm"", ""cad"", ""appet"", ""pe"", ""ane""]","{""model__C"": 0.1, ""model__class_weight"": ""balanced""}",1.0,1.0,1.0,1.0,1.0,1.0,1.0,24,0,0,40,0.241909417003626,
2,3,full,none,24,svm_rbf,"[""age"", ""bp"", ""sg"", ""al"", ""su"", ""rbc"", ""pc"", ""pcc"", ""ba"", ""bgr"", ""bu"", ""sc"", ""sod"", ""pot"", ""hemo"", ""pcv"", ""wc"", ""rc"", ""htn"", ""dm"", ""cad"", ""appet"", ""pe"", ""ane""]","{""model__C"": 2.0, ""model__class_weight"": null, ""model__gamma"": ""scale""}",1.0,1.0,1.0,1.0,1.0,1.0,1.0,24,0,0,40,0.44772804199601524,
2,3,full,none,24,random_forest,"[""age"", ""bp"", ""sg"", ""al"", ""su"", ""rbc"", ""pc"", ""pcc"", ""ba"", ""bgr"", ""bu"", ""sc"", ""sod"", ""pot"", ""hemo"", ""pcv"", ""wc"", ""rc"", ""htn"", ""dm"", ""cad"", ""appet"", ""pe"", ""ane""]","{""model__class_weight"": ""balanced_subsample"", ""model__max_depth"": null, ""model__min_samples_leaf"": 1, ""model__n_estimators"": 300}",0.984375,1.0,0.9583333333333334,0.975609756097561,0.9876543209876543,1.0,0.9999999999999999,23,1,0,40,2.949615541001549,
2,3,full,none,24,xgboost,"[""age"", ""bp"", ""sg"", ""al"", ""su"", ""rbc"", ""pc"", ""pcc"", ""ba"", ""bgr"", ""bu"", ""sc"", ""sod"", ""pot"", ""hemo"", ""pcv"", ""wc"", ""rc"", ""htn"", ""dm"", ""cad"", ""appet"", ""pe"", ""ane""]","{""model__learning_rate"": 0.05, ""model__max_depth"": 2, ""model__n_estimators"": 150}",0.984375,1.0,0.9583333333333334,0.975609756097561,0.9876543209876543,1.0,1.0,23,1,0,40,0.28061937500024214,
2,3,selected,mutual_information,8,logistic_regression,"[""hemo"", ""pcv"", ""sc"", ""rc"", ""sg"", ""htn"", ""sod"", ""al""]","{""model__C"": 0.1, ""model__class_weight"": null}",0.984375,1.0,0.9583333333333334,0.975609756097561,0.9876543209876543,1.0,1.0,23,1,0,40,0.16255145899776835,
2,3,selected,mutual_information,8,svm_rbf,"[""hemo"", ""pcv"", ""sc"", ""rc"", ""sg"", ""htn"", ""sod"", ""al""]","{""model__C"": 0.5, ""model__class_weight"": null, ""model__gamma"": ""scale""}",0.984375,1.0,0.9583333333333334,0.975609756097561,0.9876543209876543,1.0,1.0,23,1,0,40,0.29864599999564234,
2,3,selected,mutual_information,8,xgboost,"[""hemo"", ""pcv"", ""sc"", ""rc"", ""sg"", ""htn"", ""sod"", ""al""]","{""model__learning_rate"": 0.05, ""model__max_depth"": 2, ""model__n_estimators"": 150}",1.0,1.0,1.0,1.0,1.0,1.0,1.0,24,0,0,40,0.20471712498692796,
2,3,selected,mutual_information,6,logistic_regression,"[""hemo"", ""pcv"", ""sc"", ""rc"", ""sg"", ""htn""]","{""model__C"": 1.0, ""model__class_weight"": ""balanced""}",0.96875,0.975,0.9583333333333334,0.975,0.975,0.9989583333333334,0.999390243902439,23,1,1,39,0.1613289170054486,
2,3,selected,mutual_information,6,svm_rbf,"[""hemo"", ""pcv"", ""sc"", ""rc"", ""sg"", ""htn""]","{""model__C"": 8.0, ""model__class_weight"": ""balanced"", ""model__gamma"": 0.1}",0.96875,0.975,0.9583333333333334,0.975,0.975,0.9989583333333334,0.999390243902439,23,1,1,39,0.2941868339985376,
2,3,selected,mutual_information,6,xgboost,"[""hemo"", ""pcv"", ""sc"", ""rc"", ""sg"", ""htn""]","{""model__learning_rate"": 0.05, ""model__max_depth"": 2, ""model__n_estimators"": 150}",0.984375,1.0,0.9583333333333334,0.975609756097561,0.9876543209876543,1.0,1.0,23,1,0,40,0.20185179100371897,
2,3,selected,mutual_information,4,logistic_regression,"[""hemo"", ""pcv"", ""sc"", ""rc""]","{""model__C"": 10.0, ""model__class_weight"": null}",0.96875,0.975,0.9583333333333334,0.975,0.975,0.9937499999999999,0.9965972222222224,23,1,1,39,0.10981304101005662,
2,3,selected,mutual_information,4,svm_rbf,"[""hemo"", ""pcv"", ""sc"", ""rc""]","{""model__C"": 8.0, ""model__class_weight"": null, ""model__gamma"": ""scale""}",0.96875,0.975,0.9583333333333334,0.975,0.975,0.971875,0.9873851164106774,23,1,1,39,0.20117462499183603,
2,3,selected,mutual_information,4,xgboost,"[""hemo"", ""pcv"", ""sc"", ""rc""]","{""model__learning_rate"": 0.05, ""model__max_depth"": 3, ""model__n_estimators"": 150}",0.96875,0.975,0.9583333333333334,0.975,0.975,0.9916666666666667,0.9956515957446809,23,1,1,39,0.17224474999238737,
2,3,selected,wrapper_rfe,8,logistic_regression,"[""hemo"", ""htn"", ""sg"", ""al"", ""pcv"", ""dm"", ""appet"", ""sc""]","{""model__C"": 1.0, ""model__class_weight"": null}",1.0,1.0,1.0,1.0,1.0,1.0,1.0,24,0,0,40,0.17567820800468326,
2,3,selected,wrapper_rfe,8,svm_rbf,"[""hemo"", ""htn"", ""sg"", ""al"", ""pcv"", ""dm"", ""appet"", ""sc""]","{""model__C"": 0.5, ""model__class_weight"": null, ""model__gamma"": ""scale""}",1.0,1.0,1.0,1.0,1.0,1.0,1.0,24,0,0,40,0.32112233400403056,
2,3,selected,wrapper_rfe,8,xgboost,"[""hemo"", ""htn"", ""sg"", ""al"", ""pcv"", ""dm"", ""appet"", ""sc""]","{""model__learning_rate"": 0.05, ""model__max_depth"": 3, ""model__n_estimators"": 150}",1.0,1.0,1.0,1.0,1.0,1.0,1.0,24,0,0,40,0.213546499988297,
2,3,selected,wrapper_rfe,6,logistic_regression,"[""hemo"", ""htn"", ""sg"", ""al"", ""pcv"", ""dm""]","{""model__C"": 0.1, ""model__class_weight"": ""balanced""}",0.984375,0.975,1.0,1.0,0.9873417721518988,1.0,1.0,24,0,1,39,0.17016554200381506,
2,3,selected,wrapper_rfe,6,svm_rbf,"[""hemo"", ""htn"", ""sg"", ""al"", ""pcv"", ""dm""]","{""model__C"": 0.5, ""model__class_weight"": null, ""model__gamma"": ""scale""}",0.984375,1.0,0.9583333333333334,0.975609756097561,0.9876543209876543,1.0,1.0,23,1,0,40,0.3068093750043772,
2,3,selected,wrapper_rfe,6,xgboost,"[""hemo"", ""htn"", ""sg"", ""al"", ""pcv"", ""dm""]","{""model__learning_rate"": 0.05, ""model__max_depth"": 2, ""model__n_estimators"": 150}",0.984375,1.0,0.9583333333333334,0.975609756097561,0.9876543209876543,1.0,0.9999999999999999,23,1,0,40,0.204294541006675,
2,3,selected,wrapper_rfe,4,logistic_regression,"[""hemo"", ""htn"", ""sg"", ""al""]","{""model__C"": 0.1, ""model__class_weight"": null}",0.96875,0.975,0.9583333333333334,0.975,0.975,0.9989583333333333,0.9993902439024391,23,1,1,39,0.15839300000516232,
2,3,selected,wrapper_rfe,4,svm_rbf,"[""hemo"", ""htn"", ""sg"", ""al""]","{""model__C"": 0.5, ""model__class_weight"": null, ""model__gamma"": ""scale""}",0.984375,0.975,1.0,1.0,0.9873417721518988,1.0,1.0,24,0,1,39,0.2959047079930315,
2,3,selected,wrapper_rfe,4,xgboost,"[""hemo"", ""htn"", ""sg"", ""al""]","{""model__learning_rate"": 0.05, ""model__max_depth"": 2, ""model__n_estimators"": 150}",0.984375,1.0,0.9583333333333334,0.975609756097561,0.9876543209876543,1.0,1.0,23,1,0,40,0.1937598340009572,
2,3,selected,permutation_importance,8,logistic_regression,"[""sg"", ""sc"", ""dm"", ""age"", ""ane"", ""appet"", ""ba"", ""bp""]","{""model__C"": 10.0, ""model__class_weight"": null}",1.0,1.0,1.0,1.0,1.0,1.0,1.0,24,0,0,40,0.18524279199482407,
2,3,selected,permutation_importance,8,svm_rbf,"[""sg"", ""sc"", ""dm"", ""age"", ""ane"", ""appet"", ""ba"", ""bp""]","{""model__C"": 8.0, ""model__class_weight"": null, ""model__gamma"": 0.1}",1.0,1.0,1.0,1.0,1.0,1.0,1.0,24,0,0,40,0.34359266600222327,
2,3,selected,permutation_importance,8,xgboost,"[""sg"", ""sc"", ""dm"", ""age"", ""ane"", ""appet"", ""ba"", ""bp""]","{""model__learning_rate"": 0.05, ""model__max_depth"": 3, ""model__n_estimators"": 150}",1.0,1.0,1.0,1.0,1.0,1.0,1.0,24,0,0,40,0.22371745899727102,
2,3,selected,permutation_importance,6,logistic_regression,"[""sg"", ""sc"", ""dm"", ""age"", ""ane"", ""appet""]","{""model__C"": 10.0, ""model__class_weight"": null}",1.0,1.0,1.0,1.0,1.0,1.0,1.0,24,0,0,40,0.17400629199983086,
2,3,selected,permutation_importance,6,svm_rbf,"[""sg"", ""sc"", ""dm"", ""age"", ""ane"", ""appet""]","{""model__C"": 8.0, ""model__class_weight"": ""balanced"", ""model__gamma"": ""scale""}",1.0,1.0,1.0,1.0,1.0,1.0,1.0000000000000002,24,0,0,40,0.3479532079945784,
2,3,selected,permutation_importance,6,xgboost,"[""sg"", ""sc"", ""dm"", ""age"", ""ane"", ""appet""]","{""model__learning_rate"": 0.05, ""model__max_depth"": 3, ""model__n_estimators"": 150}",1.0,1.0,1.0,1.0,1.0,1.0,1.0,24,0,0,40,0.2191722080024192,
2,3,selected,permutation_importance,4,logistic_regression,"[""sg"", ""sc"", ""dm"", ""age""]","{""model__C"": 10.0, ""model__class_weight"": ""balanced""}",1.0,1.0,1.0,1.0,1.0,1.0,1.0000000000000002,24,0,0,40,0.16007408298901282,
2,3,selected,permutation_importance,4,svm_rbf,"[""sg"", ""sc"", ""dm"", ""age""]","{""model__C"": 8.0, ""model__class_weight"": ""balanced"", ""model__gamma"": ""scale""}",1.0,1.0,1.0,1.0,1.0,1.0,1.0000000000000002,24,0,0,40,0.29881991699221544,
2,3,selected,permutation_importance,4,xgboost,"[""sg"", ""sc"", ""dm"", ""age""]","{""model__learning_rate"": 0.05, ""model__max_depth"": 3, ""model__n_estimators"": 300}",1.0,1.0,1.0,1.0,1.0,0.9999999999999999,1.0,24,0,0,40,0.20937091599626,
2,3,pca,pca,8,logistic_regression,latent_components_not_clinical_variables,"{""model__C"": 1.0, ""model__class_weight"": null}",0.984375,1.0,0.9583333333333334,0.975609756097561,0.9876543209876543,1.0,1.0,23,1,0,40,0.24579487499431707,0.8059430174336667
2,3,pca,pca,8,svm_rbf,latent_components_not_clinical_variables,"{""model__C"": 2.0, ""model__class_weight"": null, ""model__gamma"": ""scale""}",0.984375,1.0,0.9583333333333334,0.975609756097561,0.9876543209876543,1.0,1.0,23,1,0,40,0.4669797499955166,0.8059430174336667
2,3,pca,pca,6,logistic_regression,latent_components_not_clinical_variables,"{""model__C"": 10.0, ""model__class_weight"": null}",0.984375,1.0,0.9583333333333334,0.975609756097561,0.9876543209876543,1.0,1.0,23,1,0,40,0.24694333398656454,0.7142015331689588
2,3,pca,pca,6,svm_rbf,latent_components_not_clinical_variables,"{""model__C"": 2.0, ""model__class_weight"": null, ""model__gamma"": ""scale""}",1.0,1.0,1.0,1.0,1.0,1.0,1.0,24,0,0,40,0.45924679200106766,0.7142015331689588
2,3,pca,pca,4,logistic_regression,latent_components_not_clinical_variables,"{""model__C"": 10.0, ""model__class_weight"": null}",0.984375,1.0,0.9583333333333334,0.975609756097561,0.9876543209876543,1.0,1.0,23,1,0,40,0.24948412500089034,0.597160610367964
2,3,pca,pca,4,svm_rbf,latent_components_not_clinical_variables,"{""model__C"": 2.0, ""model__class_weight"": null, ""model__gamma"": ""scale""}",0.984375,1.0,0.9583333333333334,0.975609756097561,0.9876543209876543,1.0,1.0,23,1,0,40,0.4543908750056289,0.597160610367964
2,4,full,none,24,logistic_regression,"[""age"", ""bp"", ""sg"", ""al"", ""su"", ""rbc"", ""pc"", ""pcc"", ""ba"", ""bgr"", ""bu"", ""sc"", ""sod"", ""pot"", ""hemo"", ""pcv"", ""wc"", ""rc"", ""htn"", ""dm"", ""cad"", ""appet"", ""pe"", ""ane""]","{""model__C"": 1.0, ""model__class_weight"": null}",1.0,1.0,1.0,1.0,1.0,1.0,1.0,24,0,0,40,0.2349146250053309,
2,4,full,none,24,svm_rbf,"[""age"", ""bp"", ""sg"", ""al"", ""su"", ""rbc"", ""pc"", ""pcc"", ""ba"", ""bgr"", ""bu"", ""sc"", ""sod"", ""pot"", ""hemo"", ""pcv"", ""wc"", ""rc"", ""htn"", ""dm"", ""cad"", ""appet"", ""pe"", ""ane""]","{""model__C"": 0.5, ""model__class_weight"": null, ""model__gamma"": 0.1}",1.0,1.0,1.0,1.0,1.0,1.0,1.0,24,0,0,40,0.434288958000252,
2,4,full,none,24,random_forest,"[""age"", ""bp"", ""sg"", ""al"", ""su"", ""rbc"", ""pc"", ""pcc"", ""ba"", ""bgr"", ""bu"", ""sc"", ""sod"", ""pot"", ""hemo"", ""pcv"", ""wc"", ""rc"", ""htn"", ""dm"", ""cad"", ""appet"", ""pe"", ""ane""]","{""model__class_weight"": ""balanced_subsample"", ""model__max_depth"": null, ""model__min_samples_leaf"": 1, ""model__n_estimators"": 300}",0.984375,1.0,0.9583333333333334,0.975609756097561,0.9876543209876543,0.9989583333333333,0.999390243902439,23,1,0,40,2.7647660829970846,
2,4,full,none,24,xgboost,"[""age"", ""bp"", ""sg"", ""al"", ""su"", ""rbc"", ""pc"", ""pcc"", ""ba"", ""bgr"", ""bu"", ""sc"", ""sod"", ""pot"", ""hemo"", ""pcv"", ""wc"", ""rc"", ""htn"", ""dm"", ""cad"", ""appet"", ""pe"", ""ane""]","{""model__learning_rate"": 0.05, ""model__max_depth"": 2, ""model__n_estimators"": 150}",0.96875,1.0,0.9166666666666666,0.9523809523809523,0.975609756097561,0.9979166666666666,0.998809523809524,22,2,0,40,0.273698292003246,
2,4,selected,mutual_information,8,logistic_regression,"[""hemo"", ""pcv"", ""rc"", ""sc"", ""sg"", ""al"", ""dm"", ""sod""]","{""model__C"": 10.0, ""model__class_weight"": null}",0.984375,1.0,0.9583333333333334,0.975609756097561,0.9876543209876543,1.0,1.0,23,1,0,40,0.16346974999760278,
2,4,selected,mutual_information,8,svm_rbf,"[""hemo"", ""pcv"", ""rc"", ""sc"", ""sg"", ""al"", ""dm"", ""sod""]","{""model__C"": 0.5, ""model__class_weight"": ""balanced"", ""model__gamma"": ""scale""}",0.984375,1.0,0.9583333333333334,0.975609756097561,0.9876543209876543,1.0,1.0,23,1,0,40,0.2951326660113409,
2,4,selected,mutual_information,8,xgboost,"[""hemo"", ""pcv"", ""rc"", ""sc"", ""sg"", ""al"", ""dm"", ""sod""]","{""model__learning_rate"": 0.05, ""model__max_depth"": 2, ""model__n_estimators"": 150}",0.96875,1.0,0.9166666666666666,0.9523809523809523,0.975609756097561,0.996875,0.9981845238095238,22,2,0,40,0.2033316669985652,
2,4,selected,mutual_information,6,logistic_regression,"[""hemo"", ""pcv"", ""rc"", ""sc"", ""sg"", ""al""]","{""model__C"": 10.0, ""model__class_weight"": null}",0.984375,1.0,0.9583333333333334,0.975609756097561,0.9876543209876543,1.0,1.0,23,1,0,40,0.11022466598660685,
2,4,selected,mutual_information,6,svm_rbf,"[""hemo"", ""pcv"", ""rc"", ""sc"", ""sg"", ""al""]","{""model__C"": 2.0, ""model__class_weight"": ""balanced"", ""model__gamma"": ""scale""}",0.984375,1.0,0.9583333333333334,0.975609756097561,0.9876543209876543,1.0,1.0,23,1,0,40,0.2003374170017196,
2,4,selected,mutual_information,6,xgboost,"[""hemo"", ""pcv"", ""rc"", ""sc"", ""sg"", ""al""]","{""model__learning_rate"": 0.05, ""model__max_depth"": 2, ""model__n_estimators"": 150}",0.96875,1.0,0.9166666666666666,0.9523809523809523,0.975609756097561,0.9958333333333333,0.9975900116144019,22,2,0,40,0.16654883400769904,
2,4,selected,mutual_information,4,logistic_regression,"[""hemo"", ""pcv"", ""rc"", ""sc""]","{""model__C"": 10.0, ""model__class_weight"": ""balanced""}",0.953125,0.95,0.9583333333333334,0.9743589743589743,0.9620253164556962,0.9807291666666667,0.9896920706131233,23,1,2,38,0.11035491600341629,
2,4,selected,mutual_information,4,svm_rbf,"[""hemo"", ""pcv"", ""rc"", ""sc""]","{""model__C"": 8.0, ""model__class_weight"": null, ""model__gamma"": 0.1}",0.9375,0.95,0.9166666666666666,0.95,0.95,0.9776041666666667,0.9888816407329261,22,2,2,38,0.201362291991245,
2,4,selected,mutual_information,4,xgboost,"[""hemo"", ""pcv"", ""rc"", ""sc""]","{""model__learning_rate"": 0.05, ""model__max_depth"": 3, ""model__n_estimators"": 150}",0.9375,0.95,0.9166666666666666,0.95,0.95,0.9859374999999999,0.9917790686925967,22,2,2,38,0.17005641700234264,
2,4,selected,wrapper_rfe,8,logistic_regression,"[""hemo"", ""al"", ""pcv"", ""dm"", ""sg"", ""htn"", ""appet"", ""sod""]","{""model__C"": 0.1, ""model__class_weight"": null}",0.984375,1.0,0.9583333333333334,0.975609756097561,0.9876543209876543,0.9989583333333334,0.999390243902439,23,1,0,40,0.1743901250010822,
2,4,selected,wrapper_rfe,8,svm_rbf,"[""hemo"", ""al"", ""pcv"", ""dm"", ""sg"", ""htn"", ""appet"", ""sod""]","{""model__C"": 0.5, ""model__class_weight"": null, ""model__gamma"": ""scale""}",0.984375,1.0,0.9583333333333334,0.975609756097561,0.9876543209876543,1.0,1.0,23,1,0,40,0.3197588750044815,
2,4,selected,wrapper_rfe,8,xgboost,"[""hemo"", ""al"", ""pcv"", ""dm"", ""sg"", ""htn"", ""appet"", ""sod""]","{""model__learning_rate"": 0.05, ""model__max_depth"": 3, ""model__n_estimators"": 150}",0.953125,0.975,0.9166666666666666,0.9512195121951219,0.9629629629629629,0.9963541666666668,0.9975434981684983,22,2,1,39,0.21019350001006387,
2,4,selected,wrapper_rfe,6,logistic_regression,"[""hemo"", ""al"", ""pcv"", ""dm"", ""sg"", ""htn""]","{""model__C"": 1.0, ""model__class_weight"": null}",0.96875,1.0,0.9166666666666666,0.9523809523809523,0.975609756097561,0.996875,0.9975900116144021,22,2,0,40,0.16551616699143779,
2,4,selected,wrapper_rfe,6,svm_rbf,"[""hemo"", ""al"", ""pcv"", ""dm"", ""sg"", ""htn""]","{""model__C"": 0.5, ""model__class_weight"": null, ""model__gamma"": ""scale""}",0.96875,1.0,0.9166666666666666,0.9523809523809523,0.975609756097561,0.9989583333333333,0.998809523809524,22,2,0,40,0.3032300830091117,
2,4,selected,wrapper_rfe,6,xgboost,"[""hemo"", ""al"", ""pcv"", ""dm"", ""sg"", ""htn""]","{""model__learning_rate"": 0.05, ""model__max_depth"": 2, ""model__n_estimators"": 150}",0.953125,0.975,0.9166666666666666,0.9512195121951219,0.9629629629629629,0.9968750000000001,0.9975900116144019,22,2,1,39,0.20021412501228042,
2,4,selected,wrapper_rfe,4,logistic_regression,"[""hemo"", ""al"", ""pcv"", ""dm""]","{""model__C"": 10.0, ""model__class_weight"": null}",0.953125,0.975,0.9166666666666666,0.9512195121951219,0.9629629629629629,0.9895833333333334,0.9933943089430896,22,2,1,39,0.15807779200258665,
2,4,selected,wrapper_rfe,4,svm_rbf,"[""hemo"", ""al"", ""pcv"", ""dm""]","{""model__C"": 8.0, ""model__class_weight"": ""balanced"", ""model__gamma"": ""scale""}",0.953125,0.975,0.9166666666666666,0.9512195121951219,0.9629629629629629,0.9895833333333334,0.9933943089430896,22,2,1,39,0.2911407499923371,
2,4,selected,wrapper_rfe,4,xgboost,"[""hemo"", ""al"", ""pcv"", ""dm""]","{""model__learning_rate"": 0.05, ""model__max_depth"": 2, ""model__n_estimators"": 150}",0.953125,0.975,0.9166666666666666,0.9512195121951219,0.9629629629629629,0.984375,0.9907427937915742,22,2,1,39,0.19656179200683255,
2,4,selected,permutation_importance,8,logistic_regression,"[""sg"", ""hemo"", ""al"", ""dm"", ""pcv"", ""age"", ""ane"", ""appet""]","{""model__C"": 10.0, ""model__class_weight"": null}",0.96875,0.975,0.9583333333333334,0.975,0.975,0.9979166666666666,0.9988095238095238,23,1,1,39,0.17147499999555293,
2,4,selected,permutation_importance,8,svm_rbf,"[""sg"", ""hemo"", ""al"", ""dm"", ""pcv"", ""age"", ""ane"", ""appet""]","{""model__C"": 8.0, ""model__class_weight"": ""balanced"", ""model__gamma"": ""scale""}",1.0,1.0,1.0,1.0,1.0,1.0,1.0,24,0,0,40,0.3143851250060834,
2,4,selected,permutation_importance,8,xgboost,"[""sg"", ""hemo"", ""al"", ""dm"", ""pcv"", ""age"", ""ane"", ""appet""]","{""model__learning_rate"": 0.05, ""model__max_depth"": 2, ""model__n_estimators"": 150}",0.953125,0.975,0.9166666666666666,0.9512195121951219,0.9629629629629629,0.996875,0.997590011614402,22,2,1,39,0.21048220900411252,
2,4,selected,permutation_importance,6,logistic_regression,"[""sg"", ""hemo"", ""al"", ""dm"", ""pcv"", ""age""]","{""model__C"": 0.1, ""model__class_weight"": null}",0.96875,0.975,0.9583333333333334,0.975,0.975,0.9989583333333334,0.999390243902439,23,1,1,39,0.20215916700544767,
2,4,selected,permutation_importance,6,svm_rbf,"[""sg"", ""hemo"", ""al"", ""dm"", ""pcv"", ""age""]","{""model__C"": 0.5, ""model__class_weight"": null, ""model__gamma"": 0.1}",0.984375,1.0,0.9583333333333334,0.975609756097561,0.9876543209876543,0.9989583333333334,0.999390243902439,23,1,0,40,0.2950266670086421,
2,4,selected,permutation_importance,6,xgboost,"[""sg"", ""hemo"", ""al"", ""dm"", ""pcv"", ""age""]","{""model__learning_rate"": 0.05, ""model__max_depth"": 2, ""model__n_estimators"": 150}",0.953125,0.975,0.9166666666666666,0.9512195121951219,0.9629629629629629,0.9968750000000001,0.997590011614402,22,2,1,39,0.2046889170014765,
2,4,selected,permutation_importance,4,logistic_regression,"[""sg"", ""hemo"", ""al"", ""dm""]","{""model__C"": 1.0, ""model__class_weight"": null}",0.953125,0.975,0.9166666666666666,0.9512195121951219,0.9629629629629629,0.996875,0.997590011614402,22,2,1,39,0.15897037500690203,
2,4,selected,permutation_importance,4,svm_rbf,"[""sg"", ""hemo"", ""al"", ""dm""]","{""model__C"": 0.5, ""model__class_weight"": null, ""model__gamma"": ""scale""}",0.984375,0.975,1.0,1.0,0.9873417721518988,0.9989583333333333,0.9988095238095239,24,0,1,39,0.2910340829985216,
2,4,selected,permutation_importance,4,xgboost,"[""sg"", ""hemo"", ""al"", ""dm""]","{""model__learning_rate"": 0.05, ""model__max_depth"": 3, ""model__n_estimators"": 150}",0.953125,0.975,0.9166666666666666,0.9512195121951219,0.9629629629629629,0.9968750000000001,0.9975900116144019,22,2,1,39,0.1933021250006277,
2,4,pca,pca,8,logistic_regression,latent_components_not_clinical_variables,"{""model__C"": 10.0, ""model__class_weight"": null}",0.984375,1.0,0.9583333333333334,0.975609756097561,0.9876543209876543,1.0,1.0000000000000002,23,1,0,40,0.24106020899489522,0.8163091705249371
2,4,pca,pca,8,svm_rbf,latent_components_not_clinical_variables,"{""model__C"": 0.5, ""model__class_weight"": null, ""model__gamma"": ""scale""}",1.0,1.0,1.0,1.0,1.0,1.0,1.0,24,0,0,40,0.4522903340111952,0.8163091705249371
2,4,pca,pca,6,logistic_regression,latent_components_not_clinical_variables,"{""model__C"": 0.1, ""model__class_weight"": null}",1.0,1.0,1.0,1.0,1.0,1.0,1.0,24,0,0,40,0.24288733399589546,0.7221798208995446
2,4,pca,pca,6,svm_rbf,latent_components_not_clinical_variables,"{""model__C"": 0.5, ""model__class_weight"": null, ""model__gamma"": ""scale""}",1.0,1.0,1.0,1.0,1.0,1.0,1.0,24,0,0,40,0.45011433301260695,0.7221798208995446
2,4,pca,pca,4,logistic_regression,latent_components_not_clinical_variables,"{""model__C"": 0.1, ""model__class_weight"": null}",1.0,1.0,1.0,1.0,1.0,1.0,1.0,24,0,0,40,0.2394199580012355,0.6032361339505379
2,4,pca,pca,4,svm_rbf,latent_components_not_clinical_variables,"{""model__C"": 0.5, ""model__class_weight"": null, ""model__gamma"": ""scale""}",1.0,1.0,1.0,1.0,1.0,1.0,1.0,24,0,0,40,0.44843237499298993,0.6032361339505379
2,5,full,none,24,logistic_regression,"[""age"", ""bp"", ""sg"", ""al"", ""su"", ""rbc"", ""pc"", ""pcc"", ""ba"", ""bgr"", ""bu"", ""sc"", ""sod"", ""pot"", ""hemo"", ""pcv"", ""wc"", ""rc"", ""htn"", ""dm"", ""cad"", ""appet"", ""pe"", ""ane""]","{""model__C"": 0.1, ""model__class_weight"": null}",0.96875,0.95,1.0,1.0,0.9743589743589743,1.0,1.0,24,0,2,38,0.23979812501056585,
2,5,full,none,24,svm_rbf,"[""age"", ""bp"", ""sg"", ""al"", ""su"", ""rbc"", ""pc"", ""pcc"", ""ba"", ""bgr"", ""bu"", ""sc"", ""sod"", ""pot"", ""hemo"", ""pcv"", ""wc"", ""rc"", ""htn"", ""dm"", ""cad"", ""appet"", ""pe"", ""ane""]","{""model__C"": 0.5, ""model__class_weight"": null, ""model__gamma"": ""scale""}",0.984375,0.975,1.0,1.0,0.9873417721518988,1.0,1.0,24,0,1,39,0.4410155829973519,
2,5,full,none,24,random_forest,"[""age"", ""bp"", ""sg"", ""al"", ""su"", ""rbc"", ""pc"", ""pcc"", ""ba"", ""bgr"", ""bu"", ""sc"", ""sod"", ""pot"", ""hemo"", ""pcv"", ""wc"", ""rc"", ""htn"", ""dm"", ""cad"", ""appet"", ""pe"", ""ane""]","{""model__class_weight"": ""balanced_subsample"", ""model__max_depth"": null, ""model__min_samples_leaf"": 1, ""model__n_estimators"": 300}",1.0,1.0,1.0,1.0,1.0,1.0,1.0,24,0,0,40,2.8376392500067595,
2,5,full,none,24,xgboost,"[""age"", ""bp"", ""sg"", ""al"", ""su"", ""rbc"", ""pc"", ""pcc"", ""ba"", ""bgr"", ""bu"", ""sc"", ""sod"", ""pot"", ""hemo"", ""pcv"", ""wc"", ""rc"", ""htn"", ""dm"", ""cad"", ""appet"", ""pe"", ""ane""]","{""model__learning_rate"": 0.05, ""model__max_depth"": 2, ""model__n_estimators"": 150}",1.0,1.0,1.0,1.0,1.0,1.0,1.0,24,0,0,40,0.2792054589954205,
2,5,selected,mutual_information,8,logistic_regression,"[""hemo"", ""pcv"", ""rc"", ""sg"", ""sc"", ""al"", ""sod"", ""htn""]","{""model__C"": 10.0, ""model__class_weight"": null}",1.0,1.0,1.0,1.0,1.0,1.0,1.0,24,0,0,40,0.16096295800525695,
2,5,selected,mutual_information,8,svm_rbf,"[""hemo"", ""pcv"", ""rc"", ""sg"", ""sc"", ""al"", ""sod"", ""htn""]","{""model__C"": 8.0, ""model__class_weight"": ""balanced"", ""model__gamma"": ""scale""}",1.0,1.0,1.0,1.0,1.0,1.0,1.0,24,0,0,40,0.29590825000195764,
2,5,selected,mutual_information,8,xgboost,"[""hemo"", ""pcv"", ""rc"", ""sg"", ""sc"", ""al"", ""sod"", ""htn""]","{""model__learning_rate"": 0.05, ""model__max_depth"": 3, ""model__n_estimators"": 150}",1.0,1.0,1.0,1.0,1.0,1.0,0.9999999999999999,24,0,0,40,0.20598275000520516,
2,5,selected,mutual_information,6,logistic_regression,"[""hemo"", ""pcv"", ""rc"", ""sg"", ""sc"", ""al""]","{""model__C"": 10.0, ""model__class_weight"": null}",0.984375,0.975,1.0,1.0,0.9873417721518988,1.0,1.0,24,0,1,39,0.11118720800732262,
2,5,selected,mutual_information,6,svm_rbf,"[""hemo"", ""pcv"", ""rc"", ""sg"", ""sc"", ""al""]","{""model__C"": 2.0, ""model__class_weight"": null, ""model__gamma"": 0.1}",1.0,1.0,1.0,1.0,1.0,1.0,1.0,24,0,0,40,0.2005383749929024,
2,5,selected,mutual_information,6,xgboost,"[""hemo"", ""pcv"", ""rc"", ""sg"", ""sc"", ""al""]","{""model__learning_rate"": 0.05, ""model__max_depth"": 2, ""model__n_estimators"": 150}",1.0,1.0,1.0,1.0,1.0,1.0,1.0,24,0,0,40,0.16788199999427889,
2,5,selected,mutual_information,4,logistic_regression,"[""hemo"", ""pcv"", ""rc"", ""sg""]","{""model__C"": 0.1, ""model__class_weight"": null}",0.984375,0.975,1.0,1.0,0.9873417721518988,0.9947916666666666,0.9972222222222222,24,0,1,39,0.10854450000624638,
2,5,selected,mutual_information,4,svm_rbf,"[""hemo"", ""pcv"", ""rc"", ""sg""]","{""model__C"": 8.0, ""model__class_weight"": null, ""model__gamma"": 0.1}",0.984375,0.975,1.0,1.0,0.9873417721518988,0.9916666666666667,0.9958333333333333,24,0,1,39,0.20008833300380502,
2,5,selected,mutual_information,4,xgboost,"[""hemo"", ""pcv"", ""rc"", ""sg""]","{""model__learning_rate"": 0.05, ""model__max_depth"": 2, ""model__n_estimators"": 300}",0.984375,0.975,1.0,1.0,0.9873417721518988,0.9822916666666667,0.9925438596491227,24,0,1,39,0.1704406249918975,
2,5,selected,wrapper_rfe,8,logistic_regression,"[""hemo"", ""al"", ""dm"", ""sg"", ""appet"", ""pcv"", ""htn"", ""sc""]","{""model__C"": 1.0, ""model__class_weight"": null}",1.0,1.0,1.0,1.0,1.0,1.0,1.0,24,0,0,40,0.17553112500172574,
2,5,selected,wrapper_rfe,8,svm_rbf,"[""hemo"", ""al"", ""dm"", ""sg"", ""appet"", ""pcv"", ""htn"", ""sc""]","{""model__C"": 0.5, ""model__class_weight"": null, ""model__gamma"": ""scale""}",1.0,1.0,1.0,1.0,1.0,1.0,1.0,24,0,0,40,0.3223943750053877,
2,5,selected,wrapper_rfe,8,xgboost,"[""hemo"", ""al"", ""dm"", ""sg"", ""appet"", ""pcv"", ""htn"", ""sc""]","{""model__learning_rate"": 0.05, ""model__max_depth"": 3, ""model__n_estimators"": 150}",1.0,1.0,1.0,1.0,1.0,1.0,1.0000000000000002,24,0,0,40,0.21262262501113582,
2,5,selected,wrapper_rfe,6,logistic_regression,"[""hemo"", ""al"", ""dm"", ""sg"", ""appet"", ""pcv""]","{""model__C"": 10.0, ""model__class_weight"": null}",0.96875,0.95,1.0,1.0,0.9743589743589743,1.0,1.0,24,0,2,38,0.16667633299948648,
2,5,selected,wrapper_rfe,6,svm_rbf,"[""hemo"", ""al"", ""dm"", ""sg"", ""appet"", ""pcv""]","{""model__C"": 0.5, ""model__class_weight"": null, ""model__gamma"": ""scale""}",1.0,1.0,1.0,1.0,1.0,1.0,1.0,24,0,0,40,0.30371616600314155,
2,5,selected,wrapper_rfe,6,xgboost,"[""hemo"", ""al"", ""dm"", ""sg"", ""appet"", ""pcv""]","{""model__learning_rate"": 0.05, ""model__max_depth"": 2, ""model__n_estimators"": 150}",0.984375,0.975,1.0,1.0,0.9873417721518988,1.0,1.0,24,0,1,39,0.20842070800426882,
2,5,selected,wrapper_rfe,4,logistic_regression,"[""hemo"", ""al"", ""dm"", ""sg""]","{""model__C"": 1.0, ""model__class_weight"": null}",0.984375,0.975,1.0,1.0,0.9873417721518988,1.0,1.0,24,0,1,39,0.1573031669977354,
2,5,selected,wrapper_rfe,4,svm_rbf,"[""hemo"", ""al"", ""dm"", ""sg""]","{""model__C"": 0.5, ""model__class_weight"": null, ""model__gamma"": ""scale""}",0.96875,0.95,1.0,1.0,0.9743589743589743,1.0,1.0,24,0,2,38,0.29151891700166743,
2,5,selected,wrapper_rfe,4,xgboost,"[""hemo"", ""al"", ""dm"", ""sg""]","{""model__learning_rate"": 0.05, ""model__max_depth"": 2, ""model__n_estimators"": 150}",0.984375,0.975,1.0,1.0,0.9873417721518988,1.0,1.0,24,0,1,39,0.19717012500041164,
2,5,selected,permutation_importance,8,logistic_regression,"[""sg"", ""al"", ""hemo"", ""sc"", ""age"", ""ane"", ""appet"", ""ba""]","{""model__C"": 0.1, ""model__class_weight"": null}",0.953125,0.925,1.0,1.0,0.961038961038961,0.9947916666666667,0.9971022727272727,24,0,3,37,0.17582087499613408,
2,5,selected,permutation_importance,8,svm_rbf,"[""sg"", ""al"", ""hemo"", ""sc"", ""age"", ""ane"", ""appet"", ""ba""]","{""model__C"": 0.5, ""model__class_weight"": null, ""model__gamma"": ""scale""}",0.96875,0.95,1.0,1.0,0.9743589743589743,0.9989583333333334,0.999390243902439,24,0,2,38,0.3213615409913473,
2,5,selected,permutation_importance,8,xgboost,"[""sg"", ""al"", ""hemo"", ""sc"", ""age"", ""ane"", ""appet"", ""ba""]","{""model__learning_rate"": 0.05, ""model__max_depth"": 2, ""model__n_estimators"": 150}",1.0,1.0,1.0,1.0,1.0,1.0,1.0,24,0,0,40,0.32303887500893325,
2,5,selected,permutation_importance,6,logistic_regression,"[""sg"", ""al"", ""hemo"", ""sc"", ""age"", ""ane""]","{""model__C"": 0.1, ""model__class_weight"": null}",0.953125,0.925,1.0,1.0,0.961038961038961,0.9947916666666666,0.9969897883124628,24,0,3,37,0.1625585419969866,
2,5,selected,permutation_importance,6,svm_rbf,"[""sg"", ""al"", ""hemo"", ""sc"", ""age"", ""ane""]","{""model__C"": 0.5, ""model__class_weight"": null, ""model__gamma"": ""scale""}",0.96875,0.95,1.0,1.0,0.9743589743589743,0.9979166666666667,0.998765243902439,24,0,2,38,0.2955962500127498,
2,5,selected,permutation_importance,6,xgboost,"[""sg"", ""al"", ""hemo"", ""sc"", ""age"", ""ane""]","{""model__learning_rate"": 0.05, ""model__max_depth"": 2, ""model__n_estimators"": 150}",1.0,1.0,1.0,1.0,1.0,1.0,1.0000000000000002,24,0,0,40,0.20153504199697636,
2,5,selected,permutation_importance,4,logistic_regression,"[""sg"", ""al"", ""hemo"", ""sc""]","{""model__C"": 10.0, ""model__class_weight"": ""balanced""}",0.984375,0.975,1.0,1.0,0.9873417721518988,0.9958333333333333,0.9977272727272728,24,0,1,39,0.1097924579953542,
2,5,selected,permutation_importance,4,svm_rbf,"[""sg"", ""al"", ""hemo"", ""sc""]","{""model__C"": 0.5, ""model__class_weight"": null, ""model__gamma"": ""scale""}",0.984375,0.975,1.0,1.0,0.9873417721518988,0.9989583333333334,0.999390243902439,24,0,1,39,0.19687333299953025,
2,5,selected,permutation_importance,4,xgboost,"[""sg"", ""al"", ""hemo"", ""sc""]","{""model__learning_rate"": 0.05, ""model__max_depth"": 3, ""model__n_estimators"": 150}",1.0,1.0,1.0,1.0,1.0,1.0,1.0,24,0,0,40,0.16519174999848474,
2,5,pca,pca,8,logistic_regression,latent_components_not_clinical_variables,"{""model__C"": 0.1, ""model__class_weight"": null}",0.984375,0.975,1.0,1.0,0.9873417721518988,1.0,1.0,24,0,1,39,0.24403179199725855,0.8165975197729608
2,5,pca,pca,8,svm_rbf,latent_components_not_clinical_variables,"{""model__C"": 0.5, ""model__class_weight"": null, ""model__gamma"": ""scale""}",0.984375,0.975,1.0,1.0,0.9873417721518988,1.0,1.0,24,0,1,39,0.45618941700377036,0.8165975197729608
2,5,pca,pca,6,logistic_regression,latent_components_not_clinical_variables,"{""model__C"": 1.0, ""model__class_weight"": null}",1.0,1.0,1.0,1.0,1.0,1.0,1.0,24,0,0,40,0.24254804199154023,0.7175494407453391
2,5,pca,pca,6,svm_rbf,latent_components_not_clinical_variables,"{""model__C"": 0.5, ""model__class_weight"": null, ""model__gamma"": ""scale""}",1.0,1.0,1.0,1.0,1.0,1.0,1.0,24,0,0,40,0.4585918750090059,0.7175494407453391
2,5,pca,pca,4,logistic_regression,latent_components_not_clinical_variables,"{""model__C"": 0.1, ""model__class_weight"": null}",0.984375,0.975,1.0,1.0,0.9873417721518988,1.0,1.0,24,0,1,39,0.24778608299675398,0.5903676060048118
2,5,pca,pca,4,svm_rbf,latent_components_not_clinical_variables,"{""model__C"": 0.5, ""model__class_weight"": ""balanced"", ""model__gamma"": 0.1}",0.984375,0.975,1.0,1.0,0.9873417721518988,1.0,1.0,24,0,1,39,0.4567189579975093,0.5903676060048118
